Target: 64-bit little-endian aarch64-unknown-macos with esbmclibc
Parsing /Users/user/NVIDIA-OpenSMA/verification/harnesses/pca9555_harness.cpp
Parsing /Users/user/NVIDIA-OpenSMA/src/nv/emulation/pca9555.cpp
Converting
Generating GOTO Program
GOTO program creation time: 0.686s
Interval Analysis time: 0.019s
--k-path-coverage: no N or --unwind specified; defaulting to N=4
Adding k-path coverage assertions (n=4)...
GOTO program processing time: 0.066s
Checking base case, k = 1
Starting Bounded Model Checking
✓ PASSED: '!this->_new_command && new_transaction::1' at file /Users/user/NVIDIA-OpenSMA/src/nv/emulation/pca9555.cpp line 75 column 5 function i2c_read
✓ PASSED: '!this->_new_command && new_transaction::1 && (signed int)this->_active_register == 0' at file /Users/user/NVIDIA-OpenSMA/src/nv/emulation/pca9555.cpp line 83 column 14 function i2c_read
✓ PASSED: '!this->_new_command && new_transaction::1 && (signed int)this->_active_register != 0' at file /Users/user/NVIDIA-OpenSMA/src/nv/emulation/pca9555.cpp line 83 column 14 function i2c_read
✓ PASSED: '!this->_new_command && new_transaction::1 && (signed int)this->_active_register != 0 && (signed int)this->_active_register == 1' at file /Users/user/NVIDIA-OpenSMA/src/nv/emulation/pca9555.cpp line 91 column 14 function i2c_read
✓ PASSED: '!this->_new_command && new_transaction::1 && (signed int)this->_active_register != 0 && (signed int)this->_active_register != 1' at file /Users/user/NVIDIA-OpenSMA/src/nv/emulation/pca9555.cpp line 91 column 14 function i2c_read
✓ PASSED: '!this->_new_command && new_transaction::1 && (signed int)this->_active_register == 0 && (signed int)this->_active_register == 1' at file /Users/user/NVIDIA-OpenSMA/src/nv/emulation/pca9555.cpp line 91 column 14 function i2c_read
✓ PASSED: '!this->_new_command && new_transaction::1 && (signed int)this->_active_register == 0 && (signed int)this->_active_register != 1' at file /Users/user/NVIDIA-OpenSMA/src/nv/emulation/pca9555.cpp line 91 column 14 function i2c_read
✓ PASSED: '!this->_new_command && new_transaction::1 && (signed int)this->_active_register != 0 && (signed int)this->_active_register != 1 && (signed int)this->_active_register == 2' at file /Users/user/NVIDIA-OpenSMA/src/nv/emulation/pca9555.cpp line 96 column 14 function i2c_read
✓ PASSED: '!this->_new_command && new_transaction::1 && (signed int)this->_active_register != 0 && (signed int)this->_active_register != 1 && (signed int)this->_active_register != 2' at file /Users/user/NVIDIA-OpenSMA/src/nv/emulation/pca9555.cpp line 96 column 14 function i2c_read
✓ PASSED: '!this->_new_command && new_transaction::1 && (signed int)this->_active_register == 0 && (signed int)this->_active_register != 1 && (signed int)this->_active_register == 2' at file /Users/user/NVIDIA-OpenSMA/src/nv/emulation/pca9555.cpp line 96 column 14 function i2c_read
✓ PASSED: '!this->_new_command && new_transaction::1 && (signed int)this->_active_register == 0 && (signed int)this->_active_register != 1 && (signed int)this->_active_register != 2' at file /Users/user/NVIDIA-OpenSMA/src/nv/emulation/pca9555.cpp line 96 column 14 function i2c_read
✓ PASSED: '!this->_new_command && new_transaction::1 && (signed int)this->_active_register != 0 && (signed int)this->_active_register == 1 && (signed int)this->_active_register == 2' at file /Users/user/NVIDIA-OpenSMA/src/nv/emulation/pca9555.cpp line 96 column 14 function i2c_read
✓ PASSED: '!this->_new_command && new_transaction::1 && (signed int)this->_active_register != 0 && (signed int)this->_active_register == 1 && (signed int)this->_active_register != 2' at file /Users/user/NVIDIA-OpenSMA/src/nv/emulation/pca9555.cpp line 96 column 14 function i2c_read
✓ PASSED: '!this->_new_command && new_transaction::1 && (signed int)this->_active_register == 0 && (signed int)this->_active_register == 1 && (signed int)this->_active_register == 2' at file /Users/user/NVIDIA-OpenSMA/src/nv/emulation/pca9555.cpp line 96 column 14 function i2c_read
✓ PASSED: '!this->_new_command && new_transaction::1 && (signed int)this->_active_register == 0 && (signed int)this->_active_register == 1 && (signed int)this->_active_register != 2' at file /Users/user/NVIDIA-OpenSMA/src/nv/emulation/pca9555.cpp line 96 column 14 function i2c_read
✓ PASSED: '(signed int)data_length::1 != 1' at file /Users/user/NVIDIA-OpenSMA/src/nv/emulation/pca9555.cpp line 127 column 5 function i2c_write
✓ PASSED: '(signed int)data_length::1 == 1' at file /Users/user/NVIDIA-OpenSMA/src/nv/emulation/pca9555.cpp line 127 column 5 function i2c_write
✓ PASSED: '(signed int)data_length::1 == 1 && (signed int)data_length::1 <= 3' at file /Users/user/NVIDIA-OpenSMA/src/nv/emulation/pca9555.cpp line 138 column 5 function i2c_write
✓ PASSED: '(signed int)data_length::1 == 1 && (signed int)data_length::1 > 3' at file /Users/user/NVIDIA-OpenSMA/src/nv/emulation/pca9555.cpp line 138 column 5 function i2c_write
✓ PASSED: '(signed int)data_length::1 != 1 && (signed int)data_length::1 > 3' at file /Users/user/NVIDIA-OpenSMA/src/nv/emulation/pca9555.cpp line 138 column 5 function i2c_write
✓ PASSED: '(signed int)data_length::1 == 1 && (signed int)data_length::1 > 3 && (signed int)i >= (signed int)data_length::1' at file /Users/user/NVIDIA-OpenSMA/src/nv/emulation/pca9555.cpp line 142 column 5 function i2c_write
✓ PASSED: '(signed int)data_length::1 == 1 && (signed int)data_length::1 > 3 && (signed int)i < (signed int)data_length::1' at file /Users/user/NVIDIA-OpenSMA/src/nv/emulation/pca9555.cpp line 142 column 5 function i2c_write
✓ PASSED: '(signed int)data_length::1 != 1 && (signed int)data_length::1 > 3 && (signed int)i >= (signed int)data_length::1' at file /Users/user/NVIDIA-OpenSMA/src/nv/emulation/pca9555.cpp line 142 column 5 function i2c_write
✓ PASSED: '(signed int)data_length::1 != 1 && (signed int)data_length::1 > 3 && (signed int)i < (signed int)data_length::1' at file /Users/user/NVIDIA-OpenSMA/src/nv/emulation/pca9555.cpp line 142 column 5 function i2c_write
✓ PASSED: '(signed int)data_length::1 == 1 && (signed int)data_length::1 <= 3 && (signed int)i >= (signed int)data_length::1' at file /Users/user/NVIDIA-OpenSMA/src/nv/emulation/pca9555.cpp line 142 column 5 function i2c_write
✓ PASSED: '(signed int)data_length::1 == 1 && (signed int)data_length::1 <= 3 && (signed int)i < (signed int)data_length::1' at file /Users/user/NVIDIA-OpenSMA/src/nv/emulation/pca9555.cpp line 142 column 5 function i2c_write
✓ PASSED: '(signed int)data_length::1 != 1 && (signed int)data_length::1 <= 3 && (signed int)i >= (signed int)data_length::1' at file /Users/user/NVIDIA-OpenSMA/src/nv/emulation/pca9555.cpp line 142 column 5 function i2c_write
✓ PASSED: '(signed int)data_length::1 == 1 && (signed int)data_length::1 > 3 && (signed int)i < (signed int)data_length::1 && (signed int)CommandRegister == 0' at file /Users/user/NVIDIA-OpenSMA/src/nv/emulation/pca9555.cpp line 147 column 18 function i2c_write
✓ PASSED: '(signed int)data_length::1 == 1 && (signed int)data_length::1 > 3 && (signed int)i < (signed int)data_length::1 && (signed int)CommandRegister != 0' at file /Users/user/NVIDIA-OpenSMA/src/nv/emulation/pca9555.cpp line 147 column 18 function i2c_write
✓ PASSED: '(signed int)data_length::1 != 1 && (signed int)data_length::1 > 3 && (signed int)i < (signed int)data_length::1 && (signed int)CommandRegister == 0' at file /Users/user/NVIDIA-OpenSMA/src/nv/emulation/pca9555.cpp line 147 column 18 function i2c_write
✓ PASSED: '(signed int)data_length::1 != 1 && (signed int)data_length::1 > 3 && (signed int)i < (signed int)data_length::1 && (signed int)CommandRegister != 0' at file /Users/user/NVIDIA-OpenSMA/src/nv/emulation/pca9555.cpp line 147 column 18 function i2c_write
✓ PASSED: '(signed int)data_length::1 == 1 && (signed int)data_length::1 <= 3 && (signed int)i < (signed int)data_length::1 && (signed int)CommandRegister == 0' at file /Users/user/NVIDIA-OpenSMA/src/nv/emulation/pca9555.cpp line 147 column 18 function i2c_write
✓ PASSED: '(signed int)data_length::1 == 1 && (signed int)data_length::1 <= 3 && (signed int)i < (signed int)data_length::1 && (signed int)CommandRegister != 0' at file /Users/user/NVIDIA-OpenSMA/src/nv/emulation/pca9555.cpp line 147 column 18 function i2c_write
✓ PASSED: '(signed int)data_length::1 == 1 && (signed int)data_length::1 > 3 && (signed int)i >= (signed int)data_length::1 && (signed int)CommandRegister == 0' at file /Users/user/NVIDIA-OpenSMA/src/nv/emulation/pca9555.cpp line 147 column 18 function i2c_write
✓ PASSED: '(signed int)data_length::1 == 1 && (signed int)data_length::1 > 3 && (signed int)i >= (signed int)data_length::1 && (signed int)CommandRegister != 0' at file /Users/user/NVIDIA-OpenSMA/src/nv/emulation/pca9555.cpp line 147 column 18 function i2c_write
✓ PASSED: '(signed int)data_length::1 != 1 && (signed int)data_length::1 > 3 && (signed int)i >= (signed int)data_length::1 && (signed int)CommandRegister == 0' at file /Users/user/NVIDIA-OpenSMA/src/nv/emulation/pca9555.cpp line 147 column 18 function i2c_write
✓ PASSED: '(signed int)data_length::1 != 1 && (signed int)data_length::1 > 3 && (signed int)i >= (signed int)data_length::1 && (signed int)CommandRegister != 0' at file /Users/user/NVIDIA-OpenSMA/src/nv/emulation/pca9555.cpp line 147 column 18 function i2c_write
✓ PASSED: '(signed int)data_length::1 == 1 && (signed int)data_length::1 <= 3 && (signed int)i >= (signed int)data_length::1 && (signed int)CommandRegister == 0' at file /Users/user/NVIDIA-OpenSMA/src/nv/emulation/pca9555.cpp line 147 column 18 function i2c_write
✓ PASSED: '(signed int)data_length::1 == 1 && (signed int)data_length::1 <= 3 && (signed int)i >= (signed int)data_length::1 && (signed int)CommandRegister != 0' at file /Users/user/NVIDIA-OpenSMA/src/nv/emulation/pca9555.cpp line 147 column 18 function i2c_write
✓ PASSED: '(signed int)data_length::1 != 1 && (signed int)data_length::1 <= 3 && (signed int)i >= (signed int)data_length::1 && (signed int)CommandRegister == 0' at file /Users/user/NVIDIA-OpenSMA/src/nv/emulation/pca9555.cpp line 147 column 18 function i2c_write
✓ PASSED: '(signed int)data_length::1 != 1 && (signed int)data_length::1 <= 3 && (signed int)i >= (signed int)data_length::1 && (signed int)CommandRegister != 0' at file /Users/user/NVIDIA-OpenSMA/src/nv/emulation/pca9555.cpp line 147 column 18 function i2c_write
✓ PASSED: '(signed int)data_length::1 > 3 && (signed int)i < (signed int)data_length::1 && (signed int)CommandRegister != 0 && (signed int)CommandRegister == 1' at file /Users/user/NVIDIA-OpenSMA/src/nv/emulation/pca9555.cpp line 151 column 18 function i2c_write
✓ PASSED: '(signed int)data_length::1 > 3 && (signed int)i < (signed int)data_length::1 && (signed int)CommandRegister != 0 && (signed int)CommandRegister != 1' at file /Users/user/NVIDIA-OpenSMA/src/nv/emulation/pca9555.cpp line 151 column 18 function i2c_write
✓ PASSED: '(signed int)data_length::1 > 3 && (signed int)i >= (signed int)data_length::1 && (signed int)CommandRegister != 0 && (signed int)CommandRegister == 1' at file /Users/user/NVIDIA-OpenSMA/src/nv/emulation/pca9555.cpp line 151 column 18 function i2c_write
✓ PASSED: '(signed int)data_length::1 > 3 && (signed int)i >= (signed int)data_length::1 && (signed int)CommandRegister != 0 && (signed int)CommandRegister != 1' at file /Users/user/NVIDIA-OpenSMA/src/nv/emulation/pca9555.cpp line 151 column 18 function i2c_write
✓ PASSED: '(signed int)data_length::1 <= 3 && (signed int)i >= (signed int)data_length::1 && (signed int)CommandRegister != 0 && (signed int)CommandRegister == 1' at file /Users/user/NVIDIA-OpenSMA/src/nv/emulation/pca9555.cpp line 151 column 18 function i2c_write
✓ PASSED: '(signed int)data_length::1 <= 3 && (signed int)i >= (signed int)data_length::1 && (signed int)CommandRegister != 0 && (signed int)CommandRegister != 1' at file /Users/user/NVIDIA-OpenSMA/src/nv/emulation/pca9555.cpp line 151 column 18 function i2c_write
✓ PASSED: '(signed int)data_length::1 > 3 && (signed int)i < (signed int)data_length::1 && (signed int)CommandRegister == 0 && (signed int)CommandRegister == 1' at file /Users/user/NVIDIA-OpenSMA/src/nv/emulation/pca9555.cpp line 151 column 18 function i2c_write
✓ PASSED: '(signed int)data_length::1 > 3 && (signed int)i < (signed int)data_length::1 && (signed int)CommandRegister == 0 && (signed int)CommandRegister != 1' at file /Users/user/NVIDIA-OpenSMA/src/nv/emulation/pca9555.cpp line 151 column 18 function i2c_write
✓ PASSED: '(signed int)data_length::1 > 3 && (signed int)i >= (signed int)data_length::1 && (signed int)CommandRegister == 0 && (signed int)CommandRegister == 1' at file /Users/user/NVIDIA-OpenSMA/src/nv/emulation/pca9555.cpp line 151 column 18 function i2c_write
✓ PASSED: '(signed int)data_length::1 > 3 && (signed int)i >= (signed int)data_length::1 && (signed int)CommandRegister == 0 && (signed int)CommandRegister != 1' at file /Users/user/NVIDIA-OpenSMA/src/nv/emulation/pca9555.cpp line 151 column 18 function i2c_write
✓ PASSED: '(signed int)data_length::1 <= 3 && (signed int)i >= (signed int)data_length::1 && (signed int)CommandRegister == 0 && (signed int)CommandRegister == 1' at file /Users/user/NVIDIA-OpenSMA/src/nv/emulation/pca9555.cpp line 151 column 18 function i2c_write
✓ PASSED: '(signed int)data_length::1 <= 3 && (signed int)i >= (signed int)data_length::1 && (signed int)CommandRegister == 0 && (signed int)CommandRegister != 1' at file /Users/user/NVIDIA-OpenSMA/src/nv/emulation/pca9555.cpp line 151 column 18 function i2c_write
✓ PASSED: '(signed int)i >= (signed int)data_length::1 && (signed int)CommandRegister != 0 && (signed int)CommandRegister != 1 && (signed int)CommandRegister == 2' at file /Users/user/NVIDIA-OpenSMA/src/nv/emulation/pca9555.cpp line 158 column 18 function i2c_write
✓ PASSED: '(signed int)i >= (signed int)data_length::1 && (signed int)CommandRegister != 0 && (signed int)CommandRegister != 1 && (signed int)CommandRegister != 2' at file /Users/user/NVIDIA-OpenSMA/src/nv/emulation/pca9555.cpp line 158 column 18 function i2c_write
✓ PASSED: '(signed int)i >= (signed int)data_length::1 && (signed int)CommandRegister == 0 && (signed int)CommandRegister != 1 && (signed int)CommandRegister == 2' at file /Users/user/NVIDIA-OpenSMA/src/nv/emulation/pca9555.cpp line 158 column 18 function i2c_write
✓ PASSED: '(signed int)i >= (signed int)data_length::1 && (signed int)CommandRegister == 0 && (signed int)CommandRegister != 1 && (signed int)CommandRegister != 2' at file /Users/user/NVIDIA-OpenSMA/src/nv/emulation/pca9555.cpp line 158 column 18 function i2c_write
✓ PASSED: '(signed int)i >= (signed int)data_length::1 && (signed int)CommandRegister != 0 && (signed int)CommandRegister == 1 && (signed int)CommandRegister == 2' at file /Users/user/NVIDIA-OpenSMA/src/nv/emulation/pca9555.cpp line 158 column 18 function i2c_write
✓ PASSED: '(signed int)i >= (signed int)data_length::1 && (signed int)CommandRegister != 0 && (signed int)CommandRegister == 1 && (signed int)CommandRegister != 2' at file /Users/user/NVIDIA-OpenSMA/src/nv/emulation/pca9555.cpp line 158 column 18 function i2c_write
✓ PASSED: '(signed int)i >= (signed int)data_length::1 && (signed int)CommandRegister == 0 && (signed int)CommandRegister == 1 && (signed int)CommandRegister == 2' at file /Users/user/NVIDIA-OpenSMA/src/nv/emulation/pca9555.cpp line 158 column 18 function i2c_write
✓ PASSED: '(signed int)i >= (signed int)data_length::1 && (signed int)CommandRegister == 0 && (signed int)CommandRegister == 1 && (signed int)CommandRegister != 2' at file /Users/user/NVIDIA-OpenSMA/src/nv/emulation/pca9555.cpp line 158 column 18 function i2c_write
Not unwinding loop 7 iteration 1   file /Users/user/NVIDIA-OpenSMA/src/nv/emulation/pca9555.cpp line 142 column 5 function i2c_write
✓ PASSED: '(signed int)data_length::1 == 1' at file /Users/user/NVIDIA-OpenSMA/src/nv/emulation/pca9555.cpp line 127 column 5 function i2c_write
✓ PASSED: '(signed int)data_length::1 == 1 && (signed int)data_length::1 <= 3' at file /Users/user/NVIDIA-OpenSMA/src/nv/emulation/pca9555.cpp line 138 column 5 function i2c_write
✓ PASSED: '(signed int)data_length::1 == 1 && (signed int)data_length::1 > 3' at file /Users/user/NVIDIA-OpenSMA/src/nv/emulation/pca9555.cpp line 138 column 5 function i2c_write
✓ PASSED: '(signed int)data_length::1 != 1 && (signed int)data_length::1 > 3' at file /Users/user/NVIDIA-OpenSMA/src/nv/emulation/pca9555.cpp line 138 column 5 function i2c_write
✓ PASSED: '(signed int)data_length::1 == 1 && (signed int)data_length::1 > 3 && (signed int)i >= (signed int)data_length::1' at file /Users/user/NVIDIA-OpenSMA/src/nv/emulation/pca9555.cpp line 142 column 5 function i2c_write
✓ PASSED: '(signed int)data_length::1 == 1 && (signed int)data_length::1 > 3 && (signed int)i < (signed int)data_length::1' at file /Users/user/NVIDIA-OpenSMA/src/nv/emulation/pca9555.cpp line 142 column 5 function i2c_write
✓ PASSED: '(signed int)data_length::1 != 1 && (signed int)data_length::1 > 3 && (signed int)i >= (signed int)data_length::1' at file /Users/user/NVIDIA-OpenSMA/src/nv/emulation/pca9555.cpp line 142 column 5 function i2c_write
✓ PASSED: '(signed int)data_length::1 != 1 && (signed int)data_length::1 > 3 && (signed int)i < (signed int)data_length::1' at file /Users/user/NVIDIA-OpenSMA/src/nv/emulation/pca9555.cpp line 142 column 5 function i2c_write
✓ PASSED: '(signed int)data_length::1 == 1 && (signed int)data_length::1 <= 3 && (signed int)i >= (signed int)data_length::1' at file /Users/user/NVIDIA-OpenSMA/src/nv/emulation/pca9555.cpp line 142 column 5 function i2c_write
✓ PASSED: '(signed int)data_length::1 == 1 && (signed int)data_length::1 <= 3 && (signed int)i < (signed int)data_length::1' at file /Users/user/NVIDIA-OpenSMA/src/nv/emulation/pca9555.cpp line 142 column 5 function i2c_write
✓ PASSED: '(signed int)data_length::1 != 1 && (signed int)data_length::1 <= 3 && (signed int)i >= (signed int)data_length::1' at file /Users/user/NVIDIA-OpenSMA/src/nv/emulation/pca9555.cpp line 142 column 5 function i2c_write
✓ PASSED: '(signed int)data_length::1 == 1 && (signed int)data_length::1 > 3 && (signed int)i < (signed int)data_length::1 && (signed int)CommandRegister == 0' at file /Users/user/NVIDIA-OpenSMA/src/nv/emulation/pca9555.cpp line 147 column 18 function i2c_write
✓ PASSED: '(signed int)data_length::1 == 1 && (signed int)data_length::1 > 3 && (signed int)i < (signed int)data_length::1 && (signed int)CommandRegister != 0' at file /Users/user/NVIDIA-OpenSMA/src/nv/emulation/pca9555.cpp line 147 column 18 function i2c_write
✓ PASSED: '(signed int)data_length::1 != 1 && (signed int)data_length::1 > 3 && (signed int)i < (signed int)data_length::1 && (signed int)CommandRegister == 0' at file /Users/user/NVIDIA-OpenSMA/src/nv/emulation/pca9555.cpp line 147 column 18 function i2c_write
✓ PASSED: '(signed int)data_length::1 != 1 && (signed int)data_length::1 > 3 && (signed int)i < (signed int)data_length::1 && (signed int)CommandRegister != 0' at file /Users/user/NVIDIA-OpenSMA/src/nv/emulation/pca9555.cpp line 147 column 18 function i2c_write
✓ PASSED: '(signed int)data_length::1 == 1 && (signed int)data_length::1 <= 3 && (signed int)i < (signed int)data_length::1 && (signed int)CommandRegister == 0' at file /Users/user/NVIDIA-OpenSMA/src/nv/emulation/pca9555.cpp line 147 column 18 function i2c_write
✓ PASSED: '(signed int)data_length::1 == 1 && (signed int)data_length::1 <= 3 && (signed int)i < (signed int)data_length::1 && (signed int)CommandRegister != 0' at file /Users/user/NVIDIA-OpenSMA/src/nv/emulation/pca9555.cpp line 147 column 18 function i2c_write
✓ PASSED: '(signed int)data_length::1 == 1 && (signed int)data_length::1 > 3 && (signed int)i >= (signed int)data_length::1 && (signed int)CommandRegister == 0' at file /Users/user/NVIDIA-OpenSMA/src/nv/emulation/pca9555.cpp line 147 column 18 function i2c_write
✓ PASSED: '(signed int)data_length::1 == 1 && (signed int)data_length::1 > 3 && (signed int)i >= (signed int)data_length::1 && (signed int)CommandRegister != 0' at file /Users/user/NVIDIA-OpenSMA/src/nv/emulation/pca9555.cpp line 147 column 18 function i2c_write
✓ PASSED: '(signed int)data_length::1 != 1 && (signed int)data_length::1 > 3 && (signed int)i >= (signed int)data_length::1 && (signed int)CommandRegister == 0' at file /Users/user/NVIDIA-OpenSMA/src/nv/emulation/pca9555.cpp line 147 column 18 function i2c_write
✓ PASSED: '(signed int)data_length::1 != 1 && (signed int)data_length::1 > 3 && (signed int)i >= (signed int)data_length::1 && (signed int)CommandRegister != 0' at file /Users/user/NVIDIA-OpenSMA/src/nv/emulation/pca9555.cpp line 147 column 18 function i2c_write
✓ PASSED: '(signed int)data_length::1 == 1 && (signed int)data_length::1 <= 3 && (signed int)i >= (signed int)data_length::1 && (signed int)CommandRegister == 0' at file /Users/user/NVIDIA-OpenSMA/src/nv/emulation/pca9555.cpp line 147 column 18 function i2c_write
✓ PASSED: '(signed int)data_length::1 == 1 && (signed int)data_length::1 <= 3 && (signed int)i >= (signed int)data_length::1 && (signed int)CommandRegister != 0' at file /Users/user/NVIDIA-OpenSMA/src/nv/emulation/pca9555.cpp line 147 column 18 function i2c_write
✓ PASSED: '(signed int)data_length::1 != 1 && (signed int)data_length::1 <= 3 && (signed int)i >= (signed int)data_length::1 && (signed int)CommandRegister == 0' at file /Users/user/NVIDIA-OpenSMA/src/nv/emulation/pca9555.cpp line 147 column 18 function i2c_write
✓ PASSED: '(signed int)data_length::1 != 1 && (signed int)data_length::1 <= 3 && (signed int)i >= (signed int)data_length::1 && (signed int)CommandRegister != 0' at file /Users/user/NVIDIA-OpenSMA/src/nv/emulation/pca9555.cpp line 147 column 18 function i2c_write
✓ PASSED: '(signed int)data_length::1 > 3 && (signed int)i < (signed int)data_length::1 && (signed int)CommandRegister != 0 && (signed int)CommandRegister == 1' at file /Users/user/NVIDIA-OpenSMA/src/nv/emulation/pca9555.cpp line 151 column 18 function i2c_write
✓ PASSED: '(signed int)data_length::1 > 3 && (signed int)i < (signed int)data_length::1 && (signed int)CommandRegister != 0 && (signed int)CommandRegister != 1' at file /Users/user/NVIDIA-OpenSMA/src/nv/emulation/pca9555.cpp line 151 column 18 function i2c_write
✓ PASSED: '(signed int)data_length::1 > 3 && (signed int)i >= (signed int)data_length::1 && (signed int)CommandRegister != 0 && (signed int)CommandRegister == 1' at file /Users/user/NVIDIA-OpenSMA/src/nv/emulation/pca9555.cpp line 151 column 18 function i2c_write
✓ PASSED: '(signed int)data_length::1 > 3 && (signed int)i >= (signed int)data_length::1 && (signed int)CommandRegister != 0 && (signed int)CommandRegister != 1' at file /Users/user/NVIDIA-OpenSMA/src/nv/emulation/pca9555.cpp line 151 column 18 function i2c_write
✓ PASSED: '(signed int)data_length::1 <= 3 && (signed int)i >= (signed int)data_length::1 && (signed int)CommandRegister != 0 && (signed int)CommandRegister == 1' at file /Users/user/NVIDIA-OpenSMA/src/nv/emulation/pca9555.cpp line 151 column 18 function i2c_write
✓ PASSED: '(signed int)data_length::1 <= 3 && (signed int)i >= (signed int)data_length::1 && (signed int)CommandRegister != 0 && (signed int)CommandRegister != 1' at file /Users/user/NVIDIA-OpenSMA/src/nv/emulation/pca9555.cpp line 151 column 18 function i2c_write
✓ PASSED: '(signed int)data_length::1 > 3 && (signed int)i < (signed int)data_length::1 && (signed int)CommandRegister == 0 && (signed int)CommandRegister == 1' at file /Users/user/NVIDIA-OpenSMA/src/nv/emulation/pca9555.cpp line 151 column 18 function i2c_write
✓ PASSED: '(signed int)data_length::1 > 3 && (signed int)i < (signed int)data_length::1 && (signed int)CommandRegister == 0 && (signed int)CommandRegister != 1' at file /Users/user/NVIDIA-OpenSMA/src/nv/emulation/pca9555.cpp line 151 column 18 function i2c_write
✓ PASSED: '(signed int)data_length::1 > 3 && (signed int)i >= (signed int)data_length::1 && (signed int)CommandRegister == 0 && (signed int)CommandRegister == 1' at file /Users/user/NVIDIA-OpenSMA/src/nv/emulation/pca9555.cpp line 151 column 18 function i2c_write
✓ PASSED: '(signed int)data_length::1 > 3 && (signed int)i >= (signed int)data_length::1 && (signed int)CommandRegister == 0 && (signed int)CommandRegister != 1' at file /Users/user/NVIDIA-OpenSMA/src/nv/emulation/pca9555.cpp line 151 column 18 function i2c_write
✓ PASSED: '(signed int)data_length::1 <= 3 && (signed int)i >= (signed int)data_length::1 && (signed int)CommandRegister == 0 && (signed int)CommandRegister == 1' at file /Users/user/NVIDIA-OpenSMA/src/nv/emulation/pca9555.cpp line 151 column 18 function i2c_write
✓ PASSED: '(signed int)data_length::1 <= 3 && (signed int)i >= (signed int)data_length::1 && (signed int)CommandRegister == 0 && (signed int)CommandRegister != 1' at file /Users/user/NVIDIA-OpenSMA/src/nv/emulation/pca9555.cpp line 151 column 18 function i2c_write
✓ PASSED: '(signed int)i >= (signed int)data_length::1 && (signed int)CommandRegister != 0 && (signed int)CommandRegister != 1 && (signed int)CommandRegister == 2' at file /Users/user/NVIDIA-OpenSMA/src/nv/emulation/pca9555.cpp line 158 column 18 function i2c_write
✓ PASSED: '(signed int)i >= (signed int)data_length::1 && (signed int)CommandRegister != 0 && (signed int)CommandRegister != 1 && (signed int)CommandRegister != 2' at file /Users/user/NVIDIA-OpenSMA/src/nv/emulation/pca9555.cpp line 158 column 18 function i2c_write
✓ PASSED: '(signed int)i >= (signed int)data_length::1 && (signed int)CommandRegister == 0 && (signed int)CommandRegister != 1 && (signed int)CommandRegister == 2' at file /Users/user/NVIDIA-OpenSMA/src/nv/emulation/pca9555.cpp line 158 column 18 function i2c_write
✓ PASSED: '(signed int)i >= (signed int)data_length::1 && (signed int)CommandRegister == 0 && (signed int)CommandRegister != 1 && (signed int)CommandRegister != 2' at file /Users/user/NVIDIA-OpenSMA/src/nv/emulation/pca9555.cpp line 158 column 18 function i2c_write
✓ PASSED: '(signed int)i >= (signed int)data_length::1 && (signed int)CommandRegister != 0 && (signed int)CommandRegister == 1 && (signed int)CommandRegister == 2' at file /Users/user/NVIDIA-OpenSMA/src/nv/emulation/pca9555.cpp line 158 column 18 function i2c_write
✓ PASSED: '(signed int)i >= (signed int)data_length::1 && (signed int)CommandRegister != 0 && (signed int)CommandRegister == 1 && (signed int)CommandRegister != 2' at file /Users/user/NVIDIA-OpenSMA/src/nv/emulation/pca9555.cpp line 158 column 18 function i2c_write
✓ PASSED: '(signed int)i >= (signed int)data_length::1 && (signed int)CommandRegister == 0 && (signed int)CommandRegister == 1 && (signed int)CommandRegister == 2' at file /Users/user/NVIDIA-OpenSMA/src/nv/emulation/pca9555.cpp line 158 column 18 function i2c_write
✓ PASSED: '(signed int)i >= (signed int)data_length::1 && (signed int)CommandRegister == 0 && (signed int)CommandRegister == 1 && (signed int)CommandRegister != 2' at file /Users/user/NVIDIA-OpenSMA/src/nv/emulation/pca9555.cpp line 158 column 18 function i2c_write
Not unwinding loop 7 iteration 1   file /Users/user/NVIDIA-OpenSMA/src/nv/emulation/pca9555.cpp line 142 column 5 function i2c_write
✓ PASSED: '(signed int)data_length::1 == 1' at file /Users/user/NVIDIA-OpenSMA/src/nv/emulation/pca9555.cpp line 127 column 5 function i2c_write
✓ PASSED: '(signed int)data_length::1 == 1 && (signed int)data_length::1 <= 3' at file /Users/user/NVIDIA-OpenSMA/src/nv/emulation/pca9555.cpp line 138 column 5 function i2c_write
✓ PASSED: '(signed int)data_length::1 == 1 && (signed int)data_length::1 > 3' at file /Users/user/NVIDIA-OpenSMA/src/nv/emulation/pca9555.cpp line 138 column 5 function i2c_write
✓ PASSED: '(signed int)data_length::1 != 1 && (signed int)data_length::1 > 3' at file /Users/user/NVIDIA-OpenSMA/src/nv/emulation/pca9555.cpp line 138 column 5 function i2c_write
✓ PASSED: '(signed int)data_length::1 == 1 && (signed int)data_length::1 > 3 && (signed int)i >= (signed int)data_length::1' at file /Users/user/NVIDIA-OpenSMA/src/nv/emulation/pca9555.cpp line 142 column 5 function i2c_write
✓ PASSED: '(signed int)data_length::1 == 1 && (signed int)data_length::1 > 3 && (signed int)i < (signed int)data_length::1' at file /Users/user/NVIDIA-OpenSMA/src/nv/emulation/pca9555.cpp line 142 column 5 function i2c_write
✓ PASSED: '(signed int)data_length::1 != 1 && (signed int)data_length::1 > 3 && (signed int)i >= (signed int)data_length::1' at file /Users/user/NVIDIA-OpenSMA/src/nv/emulation/pca9555.cpp line 142 column 5 function i2c_write
✓ PASSED: '(signed int)data_length::1 != 1 && (signed int)data_length::1 > 3 && (signed int)i < (signed int)data_length::1' at file /Users/user/NVIDIA-OpenSMA/src/nv/emulation/pca9555.cpp line 142 column 5 function i2c_write
✓ PASSED: '(signed int)data_length::1 == 1 && (signed int)data_length::1 <= 3 && (signed int)i >= (signed int)data_length::1' at file /Users/user/NVIDIA-OpenSMA/src/nv/emulation/pca9555.cpp line 142 column 5 function i2c_write
✓ PASSED: '(signed int)data_length::1 == 1 && (signed int)data_length::1 <= 3 && (signed int)i < (signed int)data_length::1' at file /Users/user/NVIDIA-OpenSMA/src/nv/emulation/pca9555.cpp line 142 column 5 function i2c_write
✓ PASSED: '(signed int)data_length::1 != 1 && (signed int)data_length::1 <= 3 && (signed int)i >= (signed int)data_length::1' at file /Users/user/NVIDIA-OpenSMA/src/nv/emulation/pca9555.cpp line 142 column 5 function i2c_write
✓ PASSED: '(signed int)data_length::1 == 1 && (signed int)data_length::1 > 3 && (signed int)i < (signed int)data_length::1 && (signed int)CommandRegister == 0' at file /Users/user/NVIDIA-OpenSMA/src/nv/emulation/pca9555.cpp line 147 column 18 function i2c_write
✓ PASSED: '(signed int)data_length::1 == 1 && (signed int)data_length::1 > 3 && (signed int)i < (signed int)data_length::1 && (signed int)CommandRegister != 0' at file /Users/user/NVIDIA-OpenSMA/src/nv/emulation/pca9555.cpp line 147 column 18 function i2c_write
✓ PASSED: '(signed int)data_length::1 != 1 && (signed int)data_length::1 > 3 && (signed int)i < (signed int)data_length::1 && (signed int)CommandRegister == 0' at file /Users/user/NVIDIA-OpenSMA/src/nv/emulation/pca9555.cpp line 147 column 18 function i2c_write
✓ PASSED: '(signed int)data_length::1 != 1 && (signed int)data_length::1 > 3 && (signed int)i < (signed int)data_length::1 && (signed int)CommandRegister != 0' at file /Users/user/NVIDIA-OpenSMA/src/nv/emulation/pca9555.cpp line 147 column 18 function i2c_write
✓ PASSED: '(signed int)data_length::1 == 1 && (signed int)data_length::1 <= 3 && (signed int)i < (signed int)data_length::1 && (signed int)CommandRegister == 0' at file /Users/user/NVIDIA-OpenSMA/src/nv/emulation/pca9555.cpp line 147 column 18 function i2c_write
✓ PASSED: '(signed int)data_length::1 == 1 && (signed int)data_length::1 <= 3 && (signed int)i < (signed int)data_length::1 && (signed int)CommandRegister != 0' at file /Users/user/NVIDIA-OpenSMA/src/nv/emulation/pca9555.cpp line 147 column 18 function i2c_write
✓ PASSED: '(signed int)data_length::1 == 1 && (signed int)data_length::1 > 3 && (signed int)i >= (signed int)data_length::1 && (signed int)CommandRegister == 0' at file /Users/user/NVIDIA-OpenSMA/src/nv/emulation/pca9555.cpp line 147 column 18 function i2c_write
✓ PASSED: '(signed int)data_length::1 == 1 && (signed int)data_length::1 > 3 && (signed int)i >= (signed int)data_length::1 && (signed int)CommandRegister != 0' at file /Users/user/NVIDIA-OpenSMA/src/nv/emulation/pca9555.cpp line 147 column 18 function i2c_write
✓ PASSED: '(signed int)data_length::1 != 1 && (signed int)data_length::1 > 3 && (signed int)i >= (signed int)data_length::1 && (signed int)CommandRegister == 0' at file /Users/user/NVIDIA-OpenSMA/src/nv/emulation/pca9555.cpp line 147 column 18 function i2c_write
✓ PASSED: '(signed int)data_length::1 != 1 && (signed int)data_length::1 > 3 && (signed int)i >= (signed int)data_length::1 && (signed int)CommandRegister != 0' at file /Users/user/NVIDIA-OpenSMA/src/nv/emulation/pca9555.cpp line 147 column 18 function i2c_write
✓ PASSED: '(signed int)data_length::1 == 1 && (signed int)data_length::1 <= 3 && (signed int)i >= (signed int)data_length::1 && (signed int)CommandRegister == 0' at file /Users/user/NVIDIA-OpenSMA/src/nv/emulation/pca9555.cpp line 147 column 18 function i2c_write
✓ PASSED: '(signed int)data_length::1 == 1 && (signed int)data_length::1 <= 3 && (signed int)i >= (signed int)data_length::1 && (signed int)CommandRegister != 0' at file /Users/user/NVIDIA-OpenSMA/src/nv/emulation/pca9555.cpp line 147 column 18 function i2c_write
✓ PASSED: '(signed int)data_length::1 != 1 && (signed int)data_length::1 <= 3 && (signed int)i >= (signed int)data_length::1 && (signed int)CommandRegister == 0' at file /Users/user/NVIDIA-OpenSMA/src/nv/emulation/pca9555.cpp line 147 column 18 function i2c_write
✓ PASSED: '(signed int)data_length::1 != 1 && (signed int)data_length::1 <= 3 && (signed int)i >= (signed int)data_length::1 && (signed int)CommandRegister != 0' at file /Users/user/NVIDIA-OpenSMA/src/nv/emulation/pca9555.cpp line 147 column 18 function i2c_write
✓ PASSED: '(signed int)data_length::1 > 3 && (signed int)i < (signed int)data_length::1 && (signed int)CommandRegister != 0 && (signed int)CommandRegister == 1' at file /Users/user/NVIDIA-OpenSMA/src/nv/emulation/pca9555.cpp line 151 column 18 function i2c_write
✓ PASSED: '(signed int)data_length::1 > 3 && (signed int)i < (signed int)data_length::1 && (signed int)CommandRegister != 0 && (signed int)CommandRegister != 1' at file /Users/user/NVIDIA-OpenSMA/src/nv/emulation/pca9555.cpp line 151 column 18 function i2c_write
✓ PASSED: '(signed int)data_length::1 > 3 && (signed int)i >= (signed int)data_length::1 && (signed int)CommandRegister != 0 && (signed int)CommandRegister == 1' at file /Users/user/NVIDIA-OpenSMA/src/nv/emulation/pca9555.cpp line 151 column 18 function i2c_write
✓ PASSED: '(signed int)data_length::1 > 3 && (signed int)i >= (signed int)data_length::1 && (signed int)CommandRegister != 0 && (signed int)CommandRegister != 1' at file /Users/user/NVIDIA-OpenSMA/src/nv/emulation/pca9555.cpp line 151 column 18 function i2c_write
✓ PASSED: '(signed int)data_length::1 <= 3 && (signed int)i >= (signed int)data_length::1 && (signed int)CommandRegister != 0 && (signed int)CommandRegister == 1' at file /Users/user/NVIDIA-OpenSMA/src/nv/emulation/pca9555.cpp line 151 column 18 function i2c_write
✓ PASSED: '(signed int)data_length::1 <= 3 && (signed int)i >= (signed int)data_length::1 && (signed int)CommandRegister != 0 && (signed int)CommandRegister != 1' at file /Users/user/NVIDIA-OpenSMA/src/nv/emulation/pca9555.cpp line 151 column 18 function i2c_write
✓ PASSED: '(signed int)data_length::1 > 3 && (signed int)i < (signed int)data_length::1 && (signed int)CommandRegister == 0 && (signed int)CommandRegister == 1' at file /Users/user/NVIDIA-OpenSMA/src/nv/emulation/pca9555.cpp line 151 column 18 function i2c_write
✓ PASSED: '(signed int)data_length::1 > 3 && (signed int)i < (signed int)data_length::1 && (signed int)CommandRegister == 0 && (signed int)CommandRegister != 1' at file /Users/user/NVIDIA-OpenSMA/src/nv/emulation/pca9555.cpp line 151 column 18 function i2c_write
✓ PASSED: '(signed int)data_length::1 > 3 && (signed int)i >= (signed int)data_length::1 && (signed int)CommandRegister == 0 && (signed int)CommandRegister == 1' at file /Users/user/NVIDIA-OpenSMA/src/nv/emulation/pca9555.cpp line 151 column 18 function i2c_write
✓ PASSED: '(signed int)data_length::1 > 3 && (signed int)i >= (signed int)data_length::1 && (signed int)CommandRegister == 0 && (signed int)CommandRegister != 1' at file /Users/user/NVIDIA-OpenSMA/src/nv/emulation/pca9555.cpp line 151 column 18 function i2c_write
✓ PASSED: '(signed int)data_length::1 <= 3 && (signed int)i >= (signed int)data_length::1 && (signed int)CommandRegister == 0 && (signed int)CommandRegister == 1' at file /Users/user/NVIDIA-OpenSMA/src/nv/emulation/pca9555.cpp line 151 column 18 function i2c_write
✓ PASSED: '(signed int)data_length::1 <= 3 && (signed int)i >= (signed int)data_length::1 && (signed int)CommandRegister == 0 && (signed int)CommandRegister != 1' at file /Users/user/NVIDIA-OpenSMA/src/nv/emulation/pca9555.cpp line 151 column 18 function i2c_write
✓ PASSED: '(signed int)i >= (signed int)data_length::1 && (signed int)CommandRegister != 0 && (signed int)CommandRegister != 1 && (signed int)CommandRegister == 2' at file /Users/user/NVIDIA-OpenSMA/src/nv/emulation/pca9555.cpp line 158 column 18 function i2c_write
✓ PASSED: '(signed int)i >= (signed int)data_length::1 && (signed int)CommandRegister != 0 && (signed int)CommandRegister != 1 && (signed int)CommandRegister != 2' at file /Users/user/NVIDIA-OpenSMA/src/nv/emulation/pca9555.cpp line 158 column 18 function i2c_write
✓ PASSED: '(signed int)i >= (signed int)data_length::1 && (signed int)CommandRegister == 0 && (signed int)CommandRegister != 1 && (signed int)CommandRegister == 2' at file /Users/user/NVIDIA-OpenSMA/src/nv/emulation/pca9555.cpp line 158 column 18 function i2c_write
✓ PASSED: '(signed int)i >= (signed int)data_length::1 && (signed int)CommandRegister == 0 && (signed int)CommandRegister != 1 && (signed int)CommandRegister != 2' at file /Users/user/NVIDIA-OpenSMA/src/nv/emulation/pca9555.cpp line 158 column 18 function i2c_write
✓ PASSED: '(signed int)i >= (signed int)data_length::1 && (signed int)CommandRegister != 0 && (signed int)CommandRegister == 1 && (signed int)CommandRegister == 2' at file /Users/user/NVIDIA-OpenSMA/src/nv/emulation/pca9555.cpp line 158 column 18 function i2c_write
✓ PASSED: '(signed int)i >= (signed int)data_length::1 && (signed int)CommandRegister != 0 && (signed int)CommandRegister == 1 && (signed int)CommandRegister != 2' at file /Users/user/NVIDIA-OpenSMA/src/nv/emulation/pca9555.cpp line 158 column 18 function i2c_write
✓ PASSED: '(signed int)i >= (signed int)data_length::1 && (signed int)CommandRegister == 0 && (signed int)CommandRegister == 1 && (signed int)CommandRegister == 2' at file /Users/user/NVIDIA-OpenSMA/src/nv/emulation/pca9555.cpp line 158 column 18 function i2c_write
✓ PASSED: '(signed int)i >= (signed int)data_length::1 && (signed int)CommandRegister == 0 && (signed int)CommandRegister == 1 && (signed int)CommandRegister != 2' at file /Users/user/NVIDIA-OpenSMA/src/nv/emulation/pca9555.cpp line 158 column 18 function i2c_write
Not unwinding loop 7 iteration 1   file /Users/user/NVIDIA-OpenSMA/src/nv/emulation/pca9555.cpp line 142 column 5 function i2c_write
Symex completed in: 0.507s (1728 assignments)
Slicing time: 0.008s (removed 1104 assignments)
Generated 344 VCC(s), 193 remaining after simplification (624 assignments)
No solver specified; defaulting to bitwuzla
Slicing time: 0.003s (removed 100 assignments)
No solver specified; defaulting to bitwuzla
Solving claim '(signed int)target_direction::0 != (signed int)(*return_value$_at$4) at file /Users/user/NVIDIA-OpenSMA/src/nv/emulation/pca9555.cpp line 323 column 5 function correct_direction_violations_and_apply' with solver Bitwuzla 0.8.2
Encoding remaining VCC(s) using bit-vector/floating-point arithmetic
Encoding to solver time: 0.014s
Solving with solver Bitwuzla 0.8.2
Runtime decision procedure: 0.001s
✓ PASSED: '(signed int)target_direction::0 != (signed int)(*return_value$_at$4) at file /Users/user/NVIDIA-OpenSMA/src/nv/emulation/pca9555.cpp line 323 column 5 function correct_direction_violations_and_apply'
Slicing time: 0.003s (removed 100 assignments)
No solver specified; defaulting to bitwuzla
Solving claim '(signed int)target_direction::0 == (signed int)(*return_value$_at$4) at file /Users/user/NVIDIA-OpenSMA/src/nv/emulation/pca9555.cpp line 323 column 5 function correct_direction_violations_and_apply' with solver Bitwuzla 0.8.2
Encoding remaining VCC(s) using bit-vector/floating-point arithmetic
Encoding to solver time: 0.011s
Solving with solver Bitwuzla 0.8.2
Runtime decision procedure: 0.002s
✓ PASSED: '(signed int)target_direction::0 == (signed int)(*return_value$_at$4) at file /Users/user/NVIDIA-OpenSMA/src/nv/emulation/pca9555.cpp line 323 column 5 function correct_direction_violations_and_apply'
Slicing time: 0.002s (removed 115 assignments)
No solver specified; defaulting to bitwuzla
Solving claim '(signed int)CommandRegister == 0 && (signed int)CommandRegister == 1 && (signed int)CommandRegister == 2 && (signed int)CommandRegister != 3 at file /Users/user/NVIDIA-OpenSMA/src/nv/emulation/pca9555.cpp line 164 column 18 function i2c_write' with solver Bitwuzla 0.8.2
Encoding remaining VCC(s) using bit-vector/floating-point arithmetic
Encoding to solver time: 0.010s
Solving with solver Bitwuzla 0.8.2
Runtime decision procedure: 0.001s
✓ PASSED: '(signed int)CommandRegister == 0 && (signed int)CommandRegister == 1 && (signed int)CommandRegister == 2 && (signed int)CommandRegister != 3 at file /Users/user/NVIDIA-OpenSMA/src/nv/emulation/pca9555.cpp line 164 column 18 function i2c_write'
Slicing time: 0.002s (removed 115 assignments)
No solver specified; defaulting to bitwuzla
Solving claim '(signed int)CommandRegister == 0 && (signed int)CommandRegister == 1 && (signed int)CommandRegister == 2 && (signed int)CommandRegister == 3 at file /Users/user/NVIDIA-OpenSMA/src/nv/emulation/pca9555.cpp line 164 column 18 function i2c_write' with solver Bitwuzla 0.8.2
Encoding remaining VCC(s) using bit-vector/floating-point arithmetic
Encoding to solver time: 0.009s
Solving with solver Bitwuzla 0.8.2
Runtime decision procedure: 0.001s
✓ PASSED: '(signed int)CommandRegister == 0 && (signed int)CommandRegister == 1 && (signed int)CommandRegister == 2 && (signed int)CommandRegister == 3 at file /Users/user/NVIDIA-OpenSMA/src/nv/emulation/pca9555.cpp line 164 column 18 function i2c_write'
Slicing time: 0.002s (removed 115 assignments)
No solver specified; defaulting to bitwuzla
Solving claim '(signed int)CommandRegister != 0 && (signed int)CommandRegister == 1 && (signed int)CommandRegister == 2 && (signed int)CommandRegister != 3 at file /Users/user/NVIDIA-OpenSMA/src/nv/emulation/pca9555.cpp line 164 column 18 function i2c_write' with solver Bitwuzla 0.8.2
Encoding remaining VCC(s) using bit-vector/floating-point arithmetic
Encoding to solver time: 0.009s
Solving with solver Bitwuzla 0.8.2
Runtime decision procedure: 0.001s
✓ PASSED: '(signed int)CommandRegister != 0 && (signed int)CommandRegister == 1 && (signed int)CommandRegister == 2 && (signed int)CommandRegister != 3 at file /Users/user/NVIDIA-OpenSMA/src/nv/emulation/pca9555.cpp line 164 column 18 function i2c_write'
Slicing time: 0.002s (removed 115 assignments)
No solver specified; defaulting to bitwuzla
Solving claim '(signed int)CommandRegister != 0 && (signed int)CommandRegister == 1 && (signed int)CommandRegister == 2 && (signed int)CommandRegister == 3 at file /Users/user/NVIDIA-OpenSMA/src/nv/emulation/pca9555.cpp line 164 column 18 function i2c_write' with solver Bitwuzla 0.8.2
Encoding remaining VCC(s) using bit-vector/floating-point arithmetic
Encoding to solver time: 0.009s
Solving with solver Bitwuzla 0.8.2
Runtime decision procedure: 0.001s
✓ PASSED: '(signed int)CommandRegister != 0 && (signed int)CommandRegister == 1 && (signed int)CommandRegister == 2 && (signed int)CommandRegister == 3 at file /Users/user/NVIDIA-OpenSMA/src/nv/emulation/pca9555.cpp line 164 column 18 function i2c_write'
Slicing time: 0.002s (removed 115 assignments)
No solver specified; defaulting to bitwuzla
Solving claim '(signed int)CommandRegister == 0 && (signed int)CommandRegister != 1 && (signed int)CommandRegister == 2 && (signed int)CommandRegister != 3 at file /Users/user/NVIDIA-OpenSMA/src/nv/emulation/pca9555.cpp line 164 column 18 function i2c_write' with solver Bitwuzla 0.8.2
Encoding remaining VCC(s) using bit-vector/floating-point arithmetic
Encoding to solver time: 0.009s
Solving with solver Bitwuzla 0.8.2
Runtime decision procedure: 0.001s
✓ PASSED: '(signed int)CommandRegister == 0 && (signed int)CommandRegister != 1 && (signed int)CommandRegister == 2 && (signed int)CommandRegister != 3 at file /Users/user/NVIDIA-OpenSMA/src/nv/emulation/pca9555.cpp line 164 column 18 function i2c_write'
Slicing time: 0.002s (removed 115 assignments)
No solver specified; defaulting to bitwuzla
Solving claim '(signed int)CommandRegister == 0 && (signed int)CommandRegister != 1 && (signed int)CommandRegister == 2 && (signed int)CommandRegister == 3 at file /Users/user/NVIDIA-OpenSMA/src/nv/emulation/pca9555.cpp line 164 column 18 function i2c_write' with solver Bitwuzla 0.8.2
Encoding remaining VCC(s) using bit-vector/floating-point arithmetic
Encoding to solver time: 0.009s
Solving with solver Bitwuzla 0.8.2
Runtime decision procedure: 0.001s
✓ PASSED: '(signed int)CommandRegister == 0 && (signed int)CommandRegister != 1 && (signed int)CommandRegister == 2 && (signed int)CommandRegister == 3 at file /Users/user/NVIDIA-OpenSMA/src/nv/emulation/pca9555.cpp line 164 column 18 function i2c_write'
Slicing time: 0.002s (removed 115 assignments)
No solver specified; defaulting to bitwuzla
Solving claim '(signed int)CommandRegister != 0 && (signed int)CommandRegister != 1 && (signed int)CommandRegister == 2 && (signed int)CommandRegister != 3 at file /Users/user/NVIDIA-OpenSMA/src/nv/emulation/pca9555.cpp line 164 column 18 function i2c_write' with solver Bitwuzla 0.8.2
Encoding remaining VCC(s) using bit-vector/floating-point arithmetic
Encoding to solver time: 0.010s
Solving with solver Bitwuzla 0.8.2
Runtime decision procedure: 0.001s
✓ PASSED: '(signed int)CommandRegister != 0 && (signed int)CommandRegister != 1 && (signed int)CommandRegister == 2 && (signed int)CommandRegister != 3 at file /Users/user/NVIDIA-OpenSMA/src/nv/emulation/pca9555.cpp line 164 column 18 function i2c_write'
Slicing time: 0.003s (removed 115 assignments)
No solver specified; defaulting to bitwuzla
Solving claim '(signed int)CommandRegister != 0 && (signed int)CommandRegister != 1 && (signed int)CommandRegister == 2 && (signed int)CommandRegister == 3 at file /Users/user/NVIDIA-OpenSMA/src/nv/emulation/pca9555.cpp line 164 column 18 function i2c_write' with solver Bitwuzla 0.8.2
Encoding remaining VCC(s) using bit-vector/floating-point arithmetic
Encoding to solver time: 0.009s
Solving with solver Bitwuzla 0.8.2
Runtime decision procedure: 0.001s
✓ PASSED: '(signed int)CommandRegister != 0 && (signed int)CommandRegister != 1 && (signed int)CommandRegister == 2 && (signed int)CommandRegister == 3 at file /Users/user/NVIDIA-OpenSMA/src/nv/emulation/pca9555.cpp line 164 column 18 function i2c_write'
Slicing time: 0.002s (removed 115 assignments)
No solver specified; defaulting to bitwuzla
Solving claim '(signed int)CommandRegister == 0 && (signed int)CommandRegister == 1 && (signed int)CommandRegister != 2 && (signed int)CommandRegister != 3 at file /Users/user/NVIDIA-OpenSMA/src/nv/emulation/pca9555.cpp line 164 column 18 function i2c_write' with solver Bitwuzla 0.8.2
Encoding remaining VCC(s) using bit-vector/floating-point arithmetic
Encoding to solver time: 0.009s
Solving with solver Bitwuzla 0.8.2
Runtime decision procedure: 0.001s
✓ PASSED: '(signed int)CommandRegister == 0 && (signed int)CommandRegister == 1 && (signed int)CommandRegister != 2 && (signed int)CommandRegister != 3 at file /Users/user/NVIDIA-OpenSMA/src/nv/emulation/pca9555.cpp line 164 column 18 function i2c_write'
Slicing time: 0.003s (removed 115 assignments)
No solver specified; defaulting to bitwuzla
Solving claim '(signed int)CommandRegister == 0 && (signed int)CommandRegister == 1 && (signed int)CommandRegister != 2 && (signed int)CommandRegister == 3 at file /Users/user/NVIDIA-OpenSMA/src/nv/emulation/pca9555.cpp line 164 column 18 function i2c_write' with solver Bitwuzla 0.8.2
Encoding remaining VCC(s) using bit-vector/floating-point arithmetic
Encoding to solver time: 0.009s
Solving with solver Bitwuzla 0.8.2
Runtime decision procedure: 0.002s
✓ PASSED: '(signed int)CommandRegister == 0 && (signed int)CommandRegister == 1 && (signed int)CommandRegister != 2 && (signed int)CommandRegister == 3 at file /Users/user/NVIDIA-OpenSMA/src/nv/emulation/pca9555.cpp line 164 column 18 function i2c_write'
Slicing time: 0.002s (removed 115 assignments)
No solver specified; defaulting to bitwuzla
Solving claim '(signed int)CommandRegister != 0 && (signed int)CommandRegister == 1 && (signed int)CommandRegister != 2 && (signed int)CommandRegister != 3 at file /Users/user/NVIDIA-OpenSMA/src/nv/emulation/pca9555.cpp line 164 column 18 function i2c_write' with solver Bitwuzla 0.8.2
Encoding remaining VCC(s) using bit-vector/floating-point arithmetic
Encoding to solver time: 0.009s
Solving with solver Bitwuzla 0.8.2
Runtime decision procedure: 0.001s
✓ PASSED: '(signed int)CommandRegister != 0 && (signed int)CommandRegister == 1 && (signed int)CommandRegister != 2 && (signed int)CommandRegister != 3 at file /Users/user/NVIDIA-OpenSMA/src/nv/emulation/pca9555.cpp line 164 column 18 function i2c_write'
Slicing time: 0.002s (removed 115 assignments)
No solver specified; defaulting to bitwuzla
Solving claim '(signed int)CommandRegister != 0 && (signed int)CommandRegister == 1 && (signed int)CommandRegister != 2 && (signed int)CommandRegister == 3 at file /Users/user/NVIDIA-OpenSMA/src/nv/emulation/pca9555.cpp line 164 column 18 function i2c_write' with solver Bitwuzla 0.8.2
Encoding remaining VCC(s) using bit-vector/floating-point arithmetic
Encoding to solver time: 0.009s
Solving with solver Bitwuzla 0.8.2
Runtime decision procedure: 0.001s
✓ PASSED: '(signed int)CommandRegister != 0 && (signed int)CommandRegister == 1 && (signed int)CommandRegister != 2 && (signed int)CommandRegister == 3 at file /Users/user/NVIDIA-OpenSMA/src/nv/emulation/pca9555.cpp line 164 column 18 function i2c_write'
Slicing time: 0.003s (removed 115 assignments)
No solver specified; defaulting to bitwuzla
Solving claim '(signed int)CommandRegister == 0 && (signed int)CommandRegister != 1 && (signed int)CommandRegister != 2 && (signed int)CommandRegister != 3 at file /Users/user/NVIDIA-OpenSMA/src/nv/emulation/pca9555.cpp line 164 column 18 function i2c_write' with solver Bitwuzla 0.8.2
Encoding remaining VCC(s) using bit-vector/floating-point arithmetic
Encoding to solver time: 0.010s
Solving with solver Bitwuzla 0.8.2
Runtime decision procedure: 0.001s
✓ PASSED: '(signed int)CommandRegister == 0 && (signed int)CommandRegister != 1 && (signed int)CommandRegister != 2 && (signed int)CommandRegister != 3 at file /Users/user/NVIDIA-OpenSMA/src/nv/emulation/pca9555.cpp line 164 column 18 function i2c_write'
Slicing time: 0.003s (removed 115 assignments)
No solver specified; defaulting to bitwuzla
Solving claim '(signed int)CommandRegister == 0 && (signed int)CommandRegister != 1 && (signed int)CommandRegister != 2 && (signed int)CommandRegister == 3 at file /Users/user/NVIDIA-OpenSMA/src/nv/emulation/pca9555.cpp line 164 column 18 function i2c_write' with solver Bitwuzla 0.8.2
Encoding remaining VCC(s) using bit-vector/floating-point arithmetic
Encoding to solver time: 0.010s
Solving with solver Bitwuzla 0.8.2
Runtime decision procedure: 0.001s
✓ PASSED: '(signed int)CommandRegister == 0 && (signed int)CommandRegister != 1 && (signed int)CommandRegister != 2 && (signed int)CommandRegister == 3 at file /Users/user/NVIDIA-OpenSMA/src/nv/emulation/pca9555.cpp line 164 column 18 function i2c_write'
Slicing time: 0.002s (removed 115 assignments)
No solver specified; defaulting to bitwuzla
Solving claim '(signed int)CommandRegister != 0 && (signed int)CommandRegister != 1 && (signed int)CommandRegister != 2 && (signed int)CommandRegister != 3 at file /Users/user/NVIDIA-OpenSMA/src/nv/emulation/pca9555.cpp line 164 column 18 function i2c_write' with solver Bitwuzla 0.8.2
Encoding remaining VCC(s) using bit-vector/floating-point arithmetic
Encoding to solver time: 0.009s
Solving with solver Bitwuzla 0.8.2
Runtime decision procedure: 0.001s
✓ PASSED: '(signed int)CommandRegister != 0 && (signed int)CommandRegister != 1 && (signed int)CommandRegister != 2 && (signed int)CommandRegister != 3 at file /Users/user/NVIDIA-OpenSMA/src/nv/emulation/pca9555.cpp line 164 column 18 function i2c_write'
Slicing time: 0.003s (removed 115 assignments)
No solver specified; defaulting to bitwuzla
Solving claim '(signed int)CommandRegister != 0 && (signed int)CommandRegister != 1 && (signed int)CommandRegister != 2 && (signed int)CommandRegister == 3 at file /Users/user/NVIDIA-OpenSMA/src/nv/emulation/pca9555.cpp line 164 column 18 function i2c_write' with solver Bitwuzla 0.8.2
Encoding remaining VCC(s) using bit-vector/floating-point arithmetic
Encoding to solver time: 0.009s
Solving with solver Bitwuzla 0.8.2
Runtime decision procedure: 0.001s
✓ PASSED: '(signed int)CommandRegister != 0 && (signed int)CommandRegister != 1 && (signed int)CommandRegister != 2 && (signed int)CommandRegister == 3 at file /Users/user/NVIDIA-OpenSMA/src/nv/emulation/pca9555.cpp line 164 column 18 function i2c_write'
Slicing time: 0.002s (removed 115 assignments)
No solver specified; defaulting to bitwuzla
Solving claim '(signed int)i < (signed int)data_length::1 && (signed int)CommandRegister == 0 && (signed int)CommandRegister == 1 && (signed int)CommandRegister != 2 at file /Users/user/NVIDIA-OpenSMA/src/nv/emulation/pca9555.cpp line 158 column 18 function i2c_write' with solver Bitwuzla 0.8.2
Encoding remaining VCC(s) using bit-vector/floating-point arithmetic
Encoding to solver time: 0.009s
Solving with solver Bitwuzla 0.8.2
Runtime decision procedure: 0.001s
✓ PASSED: '(signed int)i < (signed int)data_length::1 && (signed int)CommandRegister == 0 && (signed int)CommandRegister == 1 && (signed int)CommandRegister != 2 at file /Users/user/NVIDIA-OpenSMA/src/nv/emulation/pca9555.cpp line 158 column 18 function i2c_write'
Slicing time: 0.003s (removed 115 assignments)
No solver specified; defaulting to bitwuzla
Solving claim '(signed int)i < (signed int)data_length::1 && (signed int)CommandRegister == 0 && (signed int)CommandRegister == 1 && (signed int)CommandRegister == 2 at file /Users/user/NVIDIA-OpenSMA/src/nv/emulation/pca9555.cpp line 158 column 18 function i2c_write' with solver Bitwuzla 0.8.2
Encoding remaining VCC(s) using bit-vector/floating-point arithmetic
Encoding to solver time: 0.010s
Solving with solver Bitwuzla 0.8.2
Runtime decision procedure: 0.001s
✓ PASSED: '(signed int)i < (signed int)data_length::1 && (signed int)CommandRegister == 0 && (signed int)CommandRegister == 1 && (signed int)CommandRegister == 2 at file /Users/user/NVIDIA-OpenSMA/src/nv/emulation/pca9555.cpp line 158 column 18 function i2c_write'
Slicing time: 0.003s (removed 115 assignments)
No solver specified; defaulting to bitwuzla
Solving claim '(signed int)i < (signed int)data_length::1 && (signed int)CommandRegister != 0 && (signed int)CommandRegister == 1 && (signed int)CommandRegister != 2 at file /Users/user/NVIDIA-OpenSMA/src/nv/emulation/pca9555.cpp line 158 column 18 function i2c_write' with solver Bitwuzla 0.8.2
Encoding remaining VCC(s) using bit-vector/floating-point arithmetic
Encoding to solver time: 0.010s
Solving with solver Bitwuzla 0.8.2
Runtime decision procedure: 0.002s
✓ PASSED: '(signed int)i < (signed int)data_length::1 && (signed int)CommandRegister != 0 && (signed int)CommandRegister == 1 && (signed int)CommandRegister != 2 at file /Users/user/NVIDIA-OpenSMA/src/nv/emulation/pca9555.cpp line 158 column 18 function i2c_write'
Slicing time: 0.003s (removed 115 assignments)
No solver specified; defaulting to bitwuzla
Solving claim '(signed int)i < (signed int)data_length::1 && (signed int)CommandRegister != 0 && (signed int)CommandRegister == 1 && (signed int)CommandRegister == 2 at file /Users/user/NVIDIA-OpenSMA/src/nv/emulation/pca9555.cpp line 158 column 18 function i2c_write' with solver Bitwuzla 0.8.2
Encoding remaining VCC(s) using bit-vector/floating-point arithmetic
Encoding to solver time: 0.010s
Solving with solver Bitwuzla 0.8.2
Runtime decision procedure: 0.001s
✓ PASSED: '(signed int)i < (signed int)data_length::1 && (signed int)CommandRegister != 0 && (signed int)CommandRegister == 1 && (signed int)CommandRegister == 2 at file /Users/user/NVIDIA-OpenSMA/src/nv/emulation/pca9555.cpp line 158 column 18 function i2c_write'
Slicing time: 0.003s (removed 115 assignments)
No solver specified; defaulting to bitwuzla
Solving claim '(signed int)i < (signed int)data_length::1 && (signed int)CommandRegister == 0 && (signed int)CommandRegister != 1 && (signed int)CommandRegister != 2 at file /Users/user/NVIDIA-OpenSMA/src/nv/emulation/pca9555.cpp line 158 column 18 function i2c_write' with solver Bitwuzla 0.8.2
Encoding remaining VCC(s) using bit-vector/floating-point arithmetic
Encoding to solver time: 0.010s
Solving with solver Bitwuzla 0.8.2
Runtime decision procedure: 0.001s
✓ PASSED: '(signed int)i < (signed int)data_length::1 && (signed int)CommandRegister == 0 && (signed int)CommandRegister != 1 && (signed int)CommandRegister != 2 at file /Users/user/NVIDIA-OpenSMA/src/nv/emulation/pca9555.cpp line 158 column 18 function i2c_write'
Slicing time: 0.002s (removed 115 assignments)
No solver specified; defaulting to bitwuzla
Solving claim '(signed int)i < (signed int)data_length::1 && (signed int)CommandRegister == 0 && (signed int)CommandRegister != 1 && (signed int)CommandRegister == 2 at file /Users/user/NVIDIA-OpenSMA/src/nv/emulation/pca9555.cpp line 158 column 18 function i2c_write' with solver Bitwuzla 0.8.2
Encoding remaining VCC(s) using bit-vector/floating-point arithmetic
Encoding to solver time: 0.009s
Solving with solver Bitwuzla 0.8.2
Runtime decision procedure: 0.001s
✓ PASSED: '(signed int)i < (signed int)data_length::1 && (signed int)CommandRegister == 0 && (signed int)CommandRegister != 1 && (signed int)CommandRegister == 2 at file /Users/user/NVIDIA-OpenSMA/src/nv/emulation/pca9555.cpp line 158 column 18 function i2c_write'
Slicing time: 0.002s (removed 115 assignments)
No solver specified; defaulting to bitwuzla
Solving claim '(signed int)i < (signed int)data_length::1 && (signed int)CommandRegister != 0 && (signed int)CommandRegister != 1 && (signed int)CommandRegister != 2 at file /Users/user/NVIDIA-OpenSMA/src/nv/emulation/pca9555.cpp line 158 column 18 function i2c_write' with solver Bitwuzla 0.8.2
Encoding remaining VCC(s) using bit-vector/floating-point arithmetic
Encoding to solver time: 0.009s
Solving with solver Bitwuzla 0.8.2
Runtime decision procedure: 0.001s
✓ PASSED: '(signed int)i < (signed int)data_length::1 && (signed int)CommandRegister != 0 && (signed int)CommandRegister != 1 && (signed int)CommandRegister != 2 at file /Users/user/NVIDIA-OpenSMA/src/nv/emulation/pca9555.cpp line 158 column 18 function i2c_write'
Slicing time: 0.002s (removed 115 assignments)
No solver specified; defaulting to bitwuzla
Solving claim '(signed int)i < (signed int)data_length::1 && (signed int)CommandRegister != 0 && (signed int)CommandRegister != 1 && (signed int)CommandRegister == 2 at file /Users/user/NVIDIA-OpenSMA/src/nv/emulation/pca9555.cpp line 158 column 18 function i2c_write' with solver Bitwuzla 0.8.2
Encoding remaining VCC(s) using bit-vector/floating-point arithmetic
Encoding to solver time: 0.009s
Solving with solver Bitwuzla 0.8.2
Runtime decision procedure: 0.001s
✓ PASSED: '(signed int)i < (signed int)data_length::1 && (signed int)CommandRegister != 0 && (signed int)CommandRegister != 1 && (signed int)CommandRegister == 2 at file /Users/user/NVIDIA-OpenSMA/src/nv/emulation/pca9555.cpp line 158 column 18 function i2c_write'
Slicing time: 0.002s (removed 115 assignments)
No solver specified; defaulting to bitwuzla
Solving claim '(signed int)data_length::1 <= 3 && (signed int)i < (signed int)data_length::1 && (signed int)CommandRegister == 0 && (signed int)CommandRegister != 1 at file /Users/user/NVIDIA-OpenSMA/src/nv/emulation/pca9555.cpp line 151 column 18 function i2c_write' with solver Bitwuzla 0.8.2
Encoding remaining VCC(s) using bit-vector/floating-point arithmetic
Encoding to solver time: 0.010s
Solving with solver Bitwuzla 0.8.2
Runtime decision procedure: 0.001s
✓ PASSED: '(signed int)data_length::1 <= 3 && (signed int)i < (signed int)data_length::1 && (signed int)CommandRegister == 0 && (signed int)CommandRegister != 1 at file /Users/user/NVIDIA-OpenSMA/src/nv/emulation/pca9555.cpp line 151 column 18 function i2c_write'
Slicing time: 0.003s (removed 115 assignments)
No solver specified; defaulting to bitwuzla
Solving claim '(signed int)data_length::1 <= 3 && (signed int)i < (signed int)data_length::1 && (signed int)CommandRegister == 0 && (signed int)CommandRegister == 1 at file /Users/user/NVIDIA-OpenSMA/src/nv/emulation/pca9555.cpp line 151 column 18 function i2c_write' with solver Bitwuzla 0.8.2
Encoding remaining VCC(s) using bit-vector/floating-point arithmetic
Encoding to solver time: 0.009s
Solving with solver Bitwuzla 0.8.2
Runtime decision procedure: 0.002s
✓ PASSED: '(signed int)data_length::1 <= 3 && (signed int)i < (signed int)data_length::1 && (signed int)CommandRegister == 0 && (signed int)CommandRegister == 1 at file /Users/user/NVIDIA-OpenSMA/src/nv/emulation/pca9555.cpp line 151 column 18 function i2c_write'
Slicing time: 0.002s (removed 115 assignments)
No solver specified; defaulting to bitwuzla
Solving claim '(signed int)data_length::1 <= 3 && (signed int)i < (signed int)data_length::1 && (signed int)CommandRegister != 0 && (signed int)CommandRegister != 1 at file /Users/user/NVIDIA-OpenSMA/src/nv/emulation/pca9555.cpp line 151 column 18 function i2c_write' with solver Bitwuzla 0.8.2
Encoding remaining VCC(s) using bit-vector/floating-point arithmetic
Encoding to solver time: 0.009s
Solving with solver Bitwuzla 0.8.2
Runtime decision procedure: 0.001s
✓ PASSED: '(signed int)data_length::1 <= 3 && (signed int)i < (signed int)data_length::1 && (signed int)CommandRegister != 0 && (signed int)CommandRegister != 1 at file /Users/user/NVIDIA-OpenSMA/src/nv/emulation/pca9555.cpp line 151 column 18 function i2c_write'
Slicing time: 0.003s (removed 115 assignments)
No solver specified; defaulting to bitwuzla
Solving claim '(signed int)data_length::1 <= 3 && (signed int)i < (signed int)data_length::1 && (signed int)CommandRegister != 0 && (signed int)CommandRegister == 1 at file /Users/user/NVIDIA-OpenSMA/src/nv/emulation/pca9555.cpp line 151 column 18 function i2c_write' with solver Bitwuzla 0.8.2
Encoding remaining VCC(s) using bit-vector/floating-point arithmetic
Encoding to solver time: 0.009s
Solving with solver Bitwuzla 0.8.2
Runtime decision procedure: 0.007s
✗ FAILED: '(signed int)data_length::1 <= 3 && (signed int)i < (signed int)data_length::1 && (signed int)CommandRegister != 0 && (signed int)CommandRegister == 1 at file /Users/user/NVIDIA-OpenSMA/src/nv/emulation/pca9555.cpp line 151 column 18 function i2c_write'

[Counterexample]


State 1 file /Users/user/NVIDIA-OpenSMA/verification/harnesses/pca9555_harness.cpp line 187 column 5 function f_output_propagation thread 0
----------------------------------------------------
  dev = { ._active_register=0, ._active_bank=0, ._new_command=1, .interrupt_low_vector={ .elems={ 255, 255 } },
    .state_at_last_interrupt_check={ .elems = { 0 } },
    ._gpio_pin_state={ .elems = { 0 } },
    ._gpio_output={ .elems={ 255, 255 } },
    ._gpio_inversion_enable={ .elems = { 0 } },
    ._gpio_direction_config={ .elems = { 0 } },
    ._required_outputs={ .elems={ 255, 255 } },
    ._required_inputs={ .elems = { 0 } },
    .anon_pad$11=0 }

State 2 file /Users/user/NVIDIA-OpenSMA/verification/harnesses/pca9555_harness.cpp line 189 column 5 function f_output_propagation thread 0
----------------------------------------------------
  v = 0 (00000000)

State 3 file /Users/user/NVIDIA-OpenSMA/verification/harnesses/pca9555_harness.cpp line 193 column 5 function f_output_propagation thread 0
----------------------------------------------------
  *return_value$_operator[]$4 = { .elems={ 2, v?1!0&0#1, 0, 0, 0, 0, 0, 0, 0, 0, 0, 0, 0, 0, 0, 0, 0, 0, 0, 0, 0, 0, 0, 0, 0, 0, 0, 0, 0, 0, 0, 0, 0, 0, 0 } }

State 6 file /Users/user/NVIDIA-OpenSMA/src/nv/emulation/pca9555.cpp line 151 column 18 function i2c_write thread 0
----------------------------------------------------
Violated property:
  file /Users/user/NVIDIA-OpenSMA/src/nv/emulation/pca9555.cpp line 151 column 18 function i2c_write
  (signed int)data_length::1 <= 3 && (signed int)i < (signed int)data_length::1 && (signed int)CommandRegister != 0 && (signed int)CommandRegister == 1
  (signed int)data_length::1 > 3 || (signed int)i >= (signed int)data_length::1 || (signed int)CommandRegister == 0 || (signed int)CommandRegister != 1

Slicing time: 0.003s (removed 115 assignments)
No solver specified; defaulting to bitwuzla
Solving claim '(signed int)data_length::1 != 1 && (signed int)data_length::1 <= 3 && (signed int)i < (signed int)data_length::1 && (signed int)CommandRegister != 0 at file /Users/user/NVIDIA-OpenSMA/src/nv/emulation/pca9555.cpp line 147 column 18 function i2c_write' with solver Bitwuzla 0.8.2
Encoding remaining VCC(s) using bit-vector/floating-point arithmetic
Encoding to solver time: 0.010s
Solving with solver Bitwuzla 0.8.2
Runtime decision procedure: 0.007s
✗ FAILED: '(signed int)data_length::1 != 1 && (signed int)data_length::1 <= 3 && (signed int)i < (signed int)data_length::1 && (signed int)CommandRegister != 0 at file /Users/user/NVIDIA-OpenSMA/src/nv/emulation/pca9555.cpp line 147 column 18 function i2c_write'

[Counterexample]


State 1 file /Users/user/NVIDIA-OpenSMA/verification/harnesses/pca9555_harness.cpp line 187 column 5 function f_output_propagation thread 0
----------------------------------------------------
  dev = { ._active_register=0, ._active_bank=0, ._new_command=1, .interrupt_low_vector={ .elems={ 255, 255 } },
    .state_at_last_interrupt_check={ .elems = { 0 } },
    ._gpio_pin_state={ .elems = { 0 } },
    ._gpio_output={ .elems={ 255, 255 } },
    ._gpio_inversion_enable={ .elems = { 0 } },
    ._gpio_direction_config={ .elems = { 0 } },
    ._required_outputs={ .elems={ 255, 255 } },
    ._required_inputs={ .elems = { 0 } },
    .anon_pad$11=0 }

State 2 file /Users/user/NVIDIA-OpenSMA/verification/harnesses/pca9555_harness.cpp line 189 column 5 function f_output_propagation thread 0
----------------------------------------------------
  v = 0 (00000000)

State 3 file /Users/user/NVIDIA-OpenSMA/verification/harnesses/pca9555_harness.cpp line 193 column 5 function f_output_propagation thread 0
----------------------------------------------------
  *return_value$_operator[]$4 = { .elems={ 2, v?1!0&0#1, 0, 0, 0, 0, 0, 0, 0, 0, 0, 0, 0, 0, 0, 0, 0, 0, 0, 0, 0, 0, 0, 0, 0, 0, 0, 0, 0, 0, 0, 0, 0, 0, 0 } }

State 6 file /Users/user/NVIDIA-OpenSMA/src/nv/emulation/pca9555.cpp line 147 column 18 function i2c_write thread 0
----------------------------------------------------
Violated property:
  file /Users/user/NVIDIA-OpenSMA/src/nv/emulation/pca9555.cpp line 147 column 18 function i2c_write
  (signed int)data_length::1 != 1 && (signed int)data_length::1 <= 3 && (signed int)i < (signed int)data_length::1 && (signed int)CommandRegister != 0
  (signed int)data_length::1 == 1 || (signed int)data_length::1 > 3 || (signed int)i >= (signed int)data_length::1 || (signed int)CommandRegister == 0

Slicing time: 0.002s (removed 115 assignments)
No solver specified; defaulting to bitwuzla
Solving claim '(signed int)data_length::1 != 1 && (signed int)data_length::1 <= 3 && (signed int)i < (signed int)data_length::1 && (signed int)CommandRegister == 0 at file /Users/user/NVIDIA-OpenSMA/src/nv/emulation/pca9555.cpp line 147 column 18 function i2c_write' with solver Bitwuzla 0.8.2
Encoding remaining VCC(s) using bit-vector/floating-point arithmetic
Encoding to solver time: 0.009s
Solving with solver Bitwuzla 0.8.2
Runtime decision procedure: 0.001s
✓ PASSED: '(signed int)data_length::1 != 1 && (signed int)data_length::1 <= 3 && (signed int)i < (signed int)data_length::1 && (signed int)CommandRegister == 0 at file /Users/user/NVIDIA-OpenSMA/src/nv/emulation/pca9555.cpp line 147 column 18 function i2c_write'
Slicing time: 0.003s (removed 115 assignments)
No solver specified; defaulting to bitwuzla
Solving claim '(signed int)data_length::1 != 1 && (signed int)data_length::1 <= 3 && (signed int)i < (signed int)data_length::1 at file /Users/user/NVIDIA-OpenSMA/src/nv/emulation/pca9555.cpp line 142 column 5 function i2c_write' with solver Bitwuzla 0.8.2
Encoding remaining VCC(s) using bit-vector/floating-point arithmetic
Encoding to solver time: 0.010s
Solving with solver Bitwuzla 0.8.2
Runtime decision procedure: 0.006s
✗ FAILED: '(signed int)data_length::1 != 1 && (signed int)data_length::1 <= 3 && (signed int)i < (signed int)data_length::1 at file /Users/user/NVIDIA-OpenSMA/src/nv/emulation/pca9555.cpp line 142 column 5 function i2c_write'

[Counterexample]


State 1 file /Users/user/NVIDIA-OpenSMA/verification/harnesses/pca9555_harness.cpp line 187 column 5 function f_output_propagation thread 0
----------------------------------------------------
  dev = { ._active_register=0, ._active_bank=0, ._new_command=1, .interrupt_low_vector={ .elems={ 255, 255 } },
    .state_at_last_interrupt_check={ .elems = { 0 } },
    ._gpio_pin_state={ .elems = { 0 } },
    ._gpio_output={ .elems={ 255, 255 } },
    ._gpio_inversion_enable={ .elems = { 0 } },
    ._gpio_direction_config={ .elems = { 0 } },
    ._required_outputs={ .elems={ 255, 255 } },
    ._required_inputs={ .elems = { 0 } },
    .anon_pad$11=0 }

State 2 file /Users/user/NVIDIA-OpenSMA/verification/harnesses/pca9555_harness.cpp line 189 column 5 function f_output_propagation thread 0
----------------------------------------------------
  v = 0 (00000000)

State 3 file /Users/user/NVIDIA-OpenSMA/verification/harnesses/pca9555_harness.cpp line 193 column 5 function f_output_propagation thread 0
----------------------------------------------------
  *return_value$_operator[]$4 = { .elems={ 2, v?1!0&0#1, 0, 0, 0, 0, 0, 0, 0, 0, 0, 0, 0, 0, 0, 0, 0, 0, 0, 0, 0, 0, 0, 0, 0, 0, 0, 0, 0, 0, 0, 0, 0, 0, 0 } }

State 6 file /Users/user/NVIDIA-OpenSMA/src/nv/emulation/pca9555.cpp line 142 column 5 function i2c_write thread 0
----------------------------------------------------
Violated property:
  file /Users/user/NVIDIA-OpenSMA/src/nv/emulation/pca9555.cpp line 142 column 5 function i2c_write
  (signed int)data_length::1 != 1 && (signed int)data_length::1 <= 3 && (signed int)i < (signed int)data_length::1
  (signed int)data_length::1 == 1 || (signed int)data_length::1 > 3 || (signed int)i >= (signed int)data_length::1

Slicing time: 0.002s (removed 115 assignments)
No solver specified; defaulting to bitwuzla
Solving claim '(signed int)data_length::1 != 1 && (signed int)data_length::1 <= 3 at file /Users/user/NVIDIA-OpenSMA/src/nv/emulation/pca9555.cpp line 138 column 5 function i2c_write' with solver Bitwuzla 0.8.2
Encoding remaining VCC(s) using bit-vector/floating-point arithmetic
Encoding to solver time: 0.009s
Solving with solver Bitwuzla 0.8.2
Runtime decision procedure: 0.006s
✗ FAILED: '(signed int)data_length::1 != 1 && (signed int)data_length::1 <= 3 at file /Users/user/NVIDIA-OpenSMA/src/nv/emulation/pca9555.cpp line 138 column 5 function i2c_write'

[Counterexample]


State 1 file /Users/user/NVIDIA-OpenSMA/verification/harnesses/pca9555_harness.cpp line 187 column 5 function f_output_propagation thread 0
----------------------------------------------------
  dev = { ._active_register=0, ._active_bank=0, ._new_command=1, .interrupt_low_vector={ .elems={ 255, 255 } },
    .state_at_last_interrupt_check={ .elems = { 0 } },
    ._gpio_pin_state={ .elems = { 0 } },
    ._gpio_output={ .elems={ 255, 255 } },
    ._gpio_inversion_enable={ .elems = { 0 } },
    ._gpio_direction_config={ .elems = { 0 } },
    ._required_outputs={ .elems={ 255, 255 } },
    ._required_inputs={ .elems = { 0 } },
    .anon_pad$11=0 }

State 2 file /Users/user/NVIDIA-OpenSMA/verification/harnesses/pca9555_harness.cpp line 189 column 5 function f_output_propagation thread 0
----------------------------------------------------
  v = 0 (00000000)

State 3 file /Users/user/NVIDIA-OpenSMA/verification/harnesses/pca9555_harness.cpp line 193 column 5 function f_output_propagation thread 0
----------------------------------------------------
  *return_value$_operator[]$4 = { .elems={ 2, v?1!0&0#1, 0, 0, 0, 0, 0, 0, 0, 0, 0, 0, 0, 0, 0, 0, 0, 0, 0, 0, 0, 0, 0, 0, 0, 0, 0, 0, 0, 0, 0, 0, 0, 0, 0 } }

State 6 file /Users/user/NVIDIA-OpenSMA/src/nv/emulation/pca9555.cpp line 138 column 5 function i2c_write thread 0
----------------------------------------------------
Violated property:
  file /Users/user/NVIDIA-OpenSMA/src/nv/emulation/pca9555.cpp line 138 column 5 function i2c_write
  (signed int)data_length::1 != 1 && (signed int)data_length::1 <= 3
  (signed int)data_length::1 == 1 || (signed int)data_length::1 > 3

Slicing time: 0.002s (removed 115 assignments)
No solver specified; defaulting to bitwuzla
Solving claim '(signed int)data_length::1 != 1 at file /Users/user/NVIDIA-OpenSMA/src/nv/emulation/pca9555.cpp line 127 column 5 function i2c_write' with solver Bitwuzla 0.8.2
Encoding remaining VCC(s) using bit-vector/floating-point arithmetic
Encoding to solver time: 0.010s
Solving with solver Bitwuzla 0.8.2
Runtime decision procedure: 0.007s
✗ FAILED: '(signed int)data_length::1 != 1 at file /Users/user/NVIDIA-OpenSMA/src/nv/emulation/pca9555.cpp line 127 column 5 function i2c_write'

[Counterexample]


State 1 file /Users/user/NVIDIA-OpenSMA/verification/harnesses/pca9555_harness.cpp line 187 column 5 function f_output_propagation thread 0
----------------------------------------------------
  dev = { ._active_register=0, ._active_bank=0, ._new_command=1, .interrupt_low_vector={ .elems={ 255, 255 } },
    .state_at_last_interrupt_check={ .elems = { 0 } },
    ._gpio_pin_state={ .elems = { 0 } },
    ._gpio_output={ .elems={ 255, 255 } },
    ._gpio_inversion_enable={ .elems = { 0 } },
    ._gpio_direction_config={ .elems = { 0 } },
    ._required_outputs={ .elems={ 255, 255 } },
    ._required_inputs={ .elems = { 0 } },
    .anon_pad$11=0 }

State 2 file /Users/user/NVIDIA-OpenSMA/verification/harnesses/pca9555_harness.cpp line 189 column 5 function f_output_propagation thread 0
----------------------------------------------------
  v = 0 (00000000)

State 3 file /Users/user/NVIDIA-OpenSMA/verification/harnesses/pca9555_harness.cpp line 193 column 5 function f_output_propagation thread 0
----------------------------------------------------
  *return_value$_operator[]$4 = { .elems={ 2, v?1!0&0#1, 0, 0, 0, 0, 0, 0, 0, 0, 0, 0, 0, 0, 0, 0, 0, 0, 0, 0, 0, 0, 0, 0, 0, 0, 0, 0, 0, 0, 0, 0, 0, 0, 0 } }

State 6 file /Users/user/NVIDIA-OpenSMA/src/nv/emulation/pca9555.cpp line 127 column 5 function i2c_write thread 0
----------------------------------------------------
Violated property:
  file /Users/user/NVIDIA-OpenSMA/src/nv/emulation/pca9555.cpp line 127 column 5 function i2c_write
  (signed int)data_length::1 != 1
  (signed int)data_length::1 == 1

Slicing time: 0.003s (removed 115 assignments)
No solver specified; defaulting to bitwuzla
Solving claim '(signed int)(*return_value$_at$1) == (signed int)InterruptVectorDefault at file /Users/user/NVIDIA-OpenSMA/src/nv/emulation/pca9555.cpp line 259 column 12 function get_interrupt_l_state' with solver Bitwuzla 0.8.2
Encoding remaining VCC(s) using bit-vector/floating-point arithmetic
Encoding to solver time: 0.010s
Solving with solver Bitwuzla 0.8.2
Runtime decision procedure: 0.003s
✗ FAILED: '(signed int)(*return_value$_at$1) == (signed int)InterruptVectorDefault at file /Users/user/NVIDIA-OpenSMA/src/nv/emulation/pca9555.cpp line 259 column 12 function get_interrupt_l_state'

[Counterexample]


State 1 file /Users/user/NVIDIA-OpenSMA/verification/harnesses/pca9555_harness.cpp line 173 column 5 function f_interrupt_default thread 0
----------------------------------------------------
  dev = { ._active_register=0, ._active_bank=0, ._new_command=1, .interrupt_low_vector={ .elems={ 255, 255 } },
    .state_at_last_interrupt_check={ .elems = { 0 } },
    ._gpio_pin_state={ .elems = { 0 } },
    ._gpio_output={ .elems={ 255, 255 } },
    ._gpio_inversion_enable={ .elems = { 0 } },
    ._gpio_direction_config={ .elems={ 255, 255 } },
    ._required_outputs={ .elems = { 0 } },
    ._required_inputs={ .elems = { 0 } },
    .anon_pad$11=0 }

State 2 file /Users/user/NVIDIA-OpenSMA/src/nv/emulation/pca9555.cpp line 259 column 12 function get_interrupt_l_state thread 0
----------------------------------------------------
Violated property:
  file /Users/user/NVIDIA-OpenSMA/src/nv/emulation/pca9555.cpp line 259 column 12 function get_interrupt_l_state
  (signed int)(*return_value$_at$1) == (signed int)InterruptVectorDefault
  (signed int)(*return_value$_at$1) != (signed int)InterruptVectorDefault

Slicing time: 0.003s (removed 115 assignments)
No solver specified; defaulting to bitwuzla
Solving claim '(signed int)(*return_value$_at$1) != (signed int)InterruptVectorDefault at file /Users/user/NVIDIA-OpenSMA/src/nv/emulation/pca9555.cpp line 259 column 12 function get_interrupt_l_state' with solver Bitwuzla 0.8.2
Encoding remaining VCC(s) using bit-vector/floating-point arithmetic
Encoding to solver time: 0.010s
Solving with solver Bitwuzla 0.8.2
Runtime decision procedure: 0.001s
✓ PASSED: '(signed int)(*return_value$_at$1) != (signed int)InterruptVectorDefault at file /Users/user/NVIDIA-OpenSMA/src/nv/emulation/pca9555.cpp line 259 column 12 function get_interrupt_l_state'
Slicing time: 0.002s (removed 115 assignments)
No solver specified; defaulting to bitwuzla
Solving claim '((signed int)pin_mask::1 & (signed int)((unsigned short int)(~(signed int)direction_vector))) != 0 at file /Users/user/NVIDIA-OpenSMA/src/nv/emulation/pca9555.cpp line 184 column 5 function update_input_pins' with solver Bitwuzla 0.8.2
Encoding remaining VCC(s) using bit-vector/floating-point arithmetic
Encoding to solver time: 0.009s
Solving with solver Bitwuzla 0.8.2
Runtime decision procedure: 0.001s
✓ PASSED: '((signed int)pin_mask::1 & (signed int)((unsigned short int)(~(signed int)direction_vector))) != 0 at file /Users/user/NVIDIA-OpenSMA/src/nv/emulation/pca9555.cpp line 184 column 5 function update_input_pins'
Slicing time: 0.002s (removed 115 assignments)
No solver specified; defaulting to bitwuzla
Solving claim '((signed int)pin_mask::1 & (signed int)((unsigned short int)(~(signed int)direction_vector))) == 0 at file /Users/user/NVIDIA-OpenSMA/src/nv/emulation/pca9555.cpp line 184 column 5 function update_input_pins' with solver Bitwuzla 0.8.2
Encoding remaining VCC(s) using bit-vector/floating-point arithmetic
Encoding to solver time: 0.009s
Solving with solver Bitwuzla 0.8.2
Runtime decision procedure: 0.003s
✗ FAILED: '((signed int)pin_mask::1 & (signed int)((unsigned short int)(~(signed int)direction_vector))) == 0 at file /Users/user/NVIDIA-OpenSMA/src/nv/emulation/pca9555.cpp line 184 column 5 function update_input_pins'

[Counterexample]


State 1 file /Users/user/NVIDIA-OpenSMA/verification/harnesses/pca9555_harness.cpp line 140 column 5 function f_input_update_masked thread 0
----------------------------------------------------
  dev = { ._active_register=0, ._active_bank=0, ._new_command=1, .interrupt_low_vector={ .elems={ 255, 255 } },
    .state_at_last_interrupt_check={ .elems = { 0 } },
    ._gpio_pin_state={ .elems = { 0 } },
    ._gpio_output={ .elems={ 255, 255 } },
    ._gpio_inversion_enable={ .elems = { 0 } },
    ._gpio_direction_config={ .elems={ 255, 255 } },
    ._required_outputs={ .elems = { 0 } },
    ._required_inputs={ .elems={ 255, 255 } },
    .anon_pad$11=0 }

State 2 file /Users/user/NVIDIA-OpenSMA/src/nv/emulation/pca9555.cpp line 242 column 5 function get_pin_states thread 0
----------------------------------------------------
  *pin_states::0 = 0 (00000000 00000000)

State 3 file /Users/user/NVIDIA-OpenSMA/verification/harnesses/pca9555_harness.cpp line 146 column 5 function f_input_update_masked thread 0
----------------------------------------------------
  target = 0 (00000000 00000000)

State 4 file /Users/user/NVIDIA-OpenSMA/verification/harnesses/pca9555_harness.cpp line 147 column 5 function f_input_update_masked thread 0
----------------------------------------------------
  mask = 0 (00000000 00000000)

State 6 file /Users/user/NVIDIA-OpenSMA/src/nv/emulation/pca9555.cpp line 182 column 5 function update_input_pins thread 0
----------------------------------------------------
  direction_vector = 65535 (11111111 11111111)

State 7 file /Users/user/NVIDIA-OpenSMA/src/nv/emulation/pca9555.cpp line 184 column 5 function update_input_pins thread 0
----------------------------------------------------
Violated property:
  file /Users/user/NVIDIA-OpenSMA/src/nv/emulation/pca9555.cpp line 184 column 5 function update_input_pins
  ((signed int)pin_mask::1 & (signed int)((unsigned short int)(~(signed int)direction_vector))) == 0
  ((signed int)pin_mask::1 & (signed int)((unsigned short int)(~(signed int)direction_vector))) != 0

Slicing time: 0.002s (removed 100 assignments)
No solver specified; defaulting to bitwuzla
Solving claim '(signed int)target_direction::0 != (signed int)(*return_value$_at$4) at file /Users/user/NVIDIA-OpenSMA/src/nv/emulation/pca9555.cpp line 323 column 5 function correct_direction_violations_and_apply' with solver Bitwuzla 0.8.2
Encoding remaining VCC(s) using bit-vector/floating-point arithmetic
Encoding to solver time: 0.012s
Solving with solver Bitwuzla 0.8.2
Runtime decision procedure: 0.005s
✗ FAILED: '(signed int)target_direction::0 != (signed int)(*return_value$_at$4) at file /Users/user/NVIDIA-OpenSMA/src/nv/emulation/pca9555.cpp line 323 column 5 function correct_direction_violations_and_apply'

[Counterexample]


State 1 file /Users/user/NVIDIA-OpenSMA/verification/harnesses/pca9555_harness.cpp line 91 column 5 function f_direction_constraint thread 0
----------------------------------------------------
  req_out = 128 (10000000)

State 2 file /Users/user/NVIDIA-OpenSMA/verification/harnesses/pca9555_harness.cpp line 92 column 5 function f_direction_constraint thread 0
----------------------------------------------------
  req_in = 0 (00000000)

State 4 file /Users/user/NVIDIA-OpenSMA/verification/harnesses/pca9555_harness.cpp line 96 column 5 function f_direction_constraint thread 0
----------------------------------------------------
  dev = { ._active_register=0, ._active_bank=0, ._new_command=1, .interrupt_low_vector={ .elems={ 255, 255 } },
    .state_at_last_interrupt_check={ .elems = { 0 } },
    ._gpio_pin_state={ .elems = { 0 } },
    ._gpio_output={ .elems={ 255, 255 } },
    ._gpio_inversion_enable={ .elems = { 0 } },
    ._gpio_direction_config={ .elems={ 127, 255 } },
    ._required_outputs={ .elems={ 128, 0 } },
    ._required_inputs={ .elems = { 0 } },
    .anon_pad$11=65280 }

State 5 file /Users/user/NVIDIA-OpenSMA/verification/harnesses/pca9555_harness.cpp line 98 column 5 function f_direction_constraint thread 0
----------------------------------------------------
  bank = 0 (00000000 00000000 00000000 00000000)

State 7 file /Users/user/NVIDIA-OpenSMA/verification/harnesses/pca9555_harness.cpp line 99 column 5 function f_direction_constraint thread 0
----------------------------------------------------
  cmd = 6 (00000110)

State 8 file /Users/user/NVIDIA-OpenSMA/verification/harnesses/pca9555_harness.cpp line 101 column 5 function f_direction_constraint thread 0
----------------------------------------------------
  new_dir = 128 (10000000)

State 9 file /Users/user/NVIDIA-OpenSMA/verification/harnesses/pca9555_harness.cpp line 105 column 5 function f_direction_constraint thread 0
----------------------------------------------------
  *return_value$_operator[]$6 = { .elems={ cmd?1!0&0#1, 0, 0, 0, 0, 0, 0, 0, 0, 0, 0, 0, 0, 0, 0, 0, 0, 0, 0, 0, 0, 0, 0, 0, 0, 0, 0, 0, 0, 0, 0, 0, 0, 0, 0 } }

State 10 file /Users/user/NVIDIA-OpenSMA/verification/harnesses/pca9555_harness.cpp line 106 column 5 function f_direction_constraint thread 0
----------------------------------------------------
  *return_value$_operator[]$7 = { .elems=128 }

State 13 file /Users/user/NVIDIA-OpenSMA/src/nv/emulation/pca9555.cpp line 319 column 5 function correct_direction_violations_and_apply thread 0
----------------------------------------------------
  *return_value$_at$1 = ( class nv::emulation::Pca9555 { unsigned int _active_register; unsigned int _active_bank; _Bool _new_command;  struct std::array<unsigned char, 2> { unsigned char [2] elems; }interrupt_low_vector;  struct std::array<unsigned char, 2> { unsigned char [2] elems; }state_at_last_interrupt_check;  struct std::array<unsigned char, 2> { unsigned char [2] elems; }_gpio_pin_state;  struct std::array<unsigned char, 2> { unsigned char [2] elems; }_gpio_output;  struct std::array<unsigned char, 2> { unsigned char [2] elems; }_gpio_inversion_enable;  struct std::array<unsigned char, 2> { unsigned char [2] elems; }_gpio_direction_config;  struct std::array<unsigned char, 2> { unsigned char [2] elems; }_required_outputs;  struct std::array<unsigned char, 2> { unsigned char [2] elems; }_required_inputs; unsigned _ExtInt(24) anon_pad$11; })(byte_update_little_endian((unsigned _ExtInt(224))({ ._active_register=0, ._active_bank=0, ._new_command=1, .interrupt_low_vector={ .elems={ 255, 255 } },
    .state_at_last_interrupt_check={ .elems = { 0 } },
    ._gpio_pin_state={ .elems = { 0 } },
    ._gpio_output={ .elems={ 255, 255 } },
    ._gpio_inversion_enable={ .elems = { 0 } },
    ._gpio_direction_config={ .elems={ 127, 255 } },
    ._required_outputs={ .elems={ 128, 0 } },
    ._required_inputs={ .elems = { 0 } },
    .anon_pad$11=65280 }), 19, (unsigned char)(((signed int)((unsigned char)(128 | (signed int)(byte_extract_little_endian((unsigned _ExtInt(224))({ ._active_register=0, ._active_bank=0, ._new_command=1, .interrupt_low_vector={ .elems={ 255, 255 } },
    .state_at_last_interrupt_check={ .elems = { 0 } },
    ._gpio_pin_state={ .elems = { 0 } },
    ._gpio_output={ .elems={ 255, 255 } },
    ._gpio_inversion_enable={ .elems = { 0 } },
    ._gpio_direction_config={ .elems={ 127, 255 } },
    ._required_outputs={ .elems={ 128, 0 } },
    ._required_inputs={ .elems = { 0 } },
    .anon_pad$11=65280 }), 23))))) & (signed int)((unsigned char)(~((signed int)(byte_extract_little_endian((unsigned _ExtInt(224))({ ._active_register=0, ._active_bank=0, ._new_command=1, .interrupt_low_vector={ .elems={ 255, 255 } },
    .state_at_last_interrupt_check={ .elems = { 0 } },
    ._gpio_pin_state={ .elems = { 0 } },
    ._gpio_output={ .elems={ 255, 255 } },
    ._gpio_inversion_enable={ .elems = { 0 } },
    ._gpio_direction_config={ .elems={ 127, 255 } },
    ._required_outputs={ .elems={ 128, 0 } },
    ._required_inputs={ .elems = { 0 } },
    .anon_pad$11=65280 }), 21))))))))

State 14 file /Users/user/NVIDIA-OpenSMA/src/nv/emulation/pca9555.cpp line 323 column 5 function correct_direction_violations_and_apply thread 0
----------------------------------------------------
Violated property:
  file /Users/user/NVIDIA-OpenSMA/src/nv/emulation/pca9555.cpp line 323 column 5 function correct_direction_violations_and_apply
  (signed int)target_direction::0 != (signed int)(*return_value$_at$4)
  (signed int)target_direction::0 == (signed int)(*return_value$_at$4)

Slicing time: 0.002s (removed 100 assignments)
No solver specified; defaulting to bitwuzla
Solving claim '(signed int)target_direction::0 == (signed int)(*return_value$_at$4) at file /Users/user/NVIDIA-OpenSMA/src/nv/emulation/pca9555.cpp line 323 column 5 function correct_direction_violations_and_apply' with solver Bitwuzla 0.8.2
Encoding remaining VCC(s) using bit-vector/floating-point arithmetic
Encoding to solver time: 0.012s
Solving with solver Bitwuzla 0.8.2
Runtime decision procedure: 0.005s
✗ FAILED: '(signed int)target_direction::0 == (signed int)(*return_value$_at$4) at file /Users/user/NVIDIA-OpenSMA/src/nv/emulation/pca9555.cpp line 323 column 5 function correct_direction_violations_and_apply'

[Counterexample]


State 1 file /Users/user/NVIDIA-OpenSMA/verification/harnesses/pca9555_harness.cpp line 91 column 5 function f_direction_constraint thread 0
----------------------------------------------------
  req_out = 255 (11111111)

State 2 file /Users/user/NVIDIA-OpenSMA/verification/harnesses/pca9555_harness.cpp line 92 column 5 function f_direction_constraint thread 0
----------------------------------------------------
  req_in = 0 (00000000)

State 4 file /Users/user/NVIDIA-OpenSMA/verification/harnesses/pca9555_harness.cpp line 96 column 5 function f_direction_constraint thread 0
----------------------------------------------------
  dev = { ._active_register=0, ._active_bank=0, ._new_command=1, .interrupt_low_vector={ .elems={ 255, 255 } },
    .state_at_last_interrupt_check={ .elems = { 0 } },
    ._gpio_pin_state={ .elems = { 0 } },
    ._gpio_output={ .elems={ 255, 255 } },
    ._gpio_inversion_enable={ .elems = { 0 } },
    ._gpio_direction_config={ .elems={ 0, 255 } },
    ._required_outputs={ .elems={ 255, 0 } },
    ._required_inputs={ .elems = { 0 } },
    .anon_pad$11=16711935 }

State 5 file /Users/user/NVIDIA-OpenSMA/verification/harnesses/pca9555_harness.cpp line 98 column 5 function f_direction_constraint thread 0
----------------------------------------------------
  bank = 1 (00000000 00000000 00000000 00000001)

State 7 file /Users/user/NVIDIA-OpenSMA/verification/harnesses/pca9555_harness.cpp line 99 column 5 function f_direction_constraint thread 0
----------------------------------------------------
  cmd = 7 (00000111)

State 8 file /Users/user/NVIDIA-OpenSMA/verification/harnesses/pca9555_harness.cpp line 101 column 5 function f_direction_constraint thread 0
----------------------------------------------------
  new_dir = 0 (00000000)

State 9 file /Users/user/NVIDIA-OpenSMA/verification/harnesses/pca9555_harness.cpp line 105 column 5 function f_direction_constraint thread 0
----------------------------------------------------
  *return_value$_operator[]$6 = { .elems={ cmd?1!0&0#1, 0, 0, 0, 0, 0, 0, 0, 0, 0, 0, 0, 0, 0, 0, 0, 0, 0, 0, 0, 0, 0, 0, 0, 0, 0, 0, 0, 0, 0, 0, 0, 0, 0, 0 } }

State 10 file /Users/user/NVIDIA-OpenSMA/verification/harnesses/pca9555_harness.cpp line 106 column 5 function f_direction_constraint thread 0
----------------------------------------------------
  *return_value$_operator[]$7 = { .elems = 0 }

State 13 file /Users/user/NVIDIA-OpenSMA/src/nv/emulation/pca9555.cpp line 319 column 5 function correct_direction_violations_and_apply thread 0
----------------------------------------------------
  *return_value$_at$1 = ( class nv::emulation::Pca9555 { unsigned int _active_register; unsigned int _active_bank; _Bool _new_command;  struct std::array<unsigned char, 2> { unsigned char [2] elems; }interrupt_low_vector;  struct std::array<unsigned char, 2> { unsigned char [2] elems; }state_at_last_interrupt_check;  struct std::array<unsigned char, 2> { unsigned char [2] elems; }_gpio_pin_state;  struct std::array<unsigned char, 2> { unsigned char [2] elems; }_gpio_output;  struct std::array<unsigned char, 2> { unsigned char [2] elems; }_gpio_inversion_enable;  struct std::array<unsigned char, 2> { unsigned char [2] elems; }_gpio_direction_config;  struct std::array<unsigned char, 2> { unsigned char [2] elems; }_required_outputs;  struct std::array<unsigned char, 2> { unsigned char [2] elems; }_required_inputs; unsigned _ExtInt(24) anon_pad$11; })(byte_update_little_endian((unsigned _ExtInt(224))({ ._active_register=0, ._active_bank=0, ._new_command=1, .interrupt_low_vector={ .elems={ 255, 255 } },
    .state_at_last_interrupt_check={ .elems = { 0 } },
    ._gpio_pin_state={ .elems = { 0 } },
    ._gpio_output={ .elems={ 255, 255 } },
    ._gpio_inversion_enable={ .elems = { 0 } },
    ._gpio_direction_config={ .elems={ 0, 255 } },
    ._required_outputs={ .elems={ 255, 0 } },
    ._required_inputs={ .elems = { 0 } },
    .anon_pad$11=16711935 }), 20, (unsigned char)((signed int)((unsigned char)((signed int)(byte_extract_little_endian((unsigned _ExtInt(224))({ ._active_register=0, ._active_bank=0, ._new_command=1, .interrupt_low_vector={ .elems={ 255, 255 } },
    .state_at_last_interrupt_check={ .elems = { 0 } },
    ._gpio_pin_state={ .elems = { 0 } },
    ._gpio_output={ .elems={ 255, 255 } },
    ._gpio_inversion_enable={ .elems = { 0 } },
    ._gpio_direction_config={ .elems={ 0, 255 } },
    ._required_outputs={ .elems={ 255, 0 } },
    ._required_inputs={ .elems = { 0 } },
    .anon_pad$11=16711935 }), 24)))) & (signed int)((unsigned char)(~((signed int)(byte_extract_little_endian((unsigned _ExtInt(224))({ ._active_register=0, ._active_bank=0, ._new_command=1, .interrupt_low_vector={ .elems={ 255, 255 } },
    .state_at_last_interrupt_check={ .elems = { 0 } },
    ._gpio_pin_state={ .elems = { 0 } },
    ._gpio_output={ .elems={ 255, 255 } },
    ._gpio_inversion_enable={ .elems = { 0 } },
    ._gpio_direction_config={ .elems={ 0, 255 } },
    ._required_outputs={ .elems={ 255, 0 } },
    ._required_inputs={ .elems = { 0 } },
    .anon_pad$11=16711935 }), 22))))))))

State 14 file /Users/user/NVIDIA-OpenSMA/src/nv/emulation/pca9555.cpp line 323 column 5 function correct_direction_violations_and_apply thread 0
----------------------------------------------------
Violated property:
  file /Users/user/NVIDIA-OpenSMA/src/nv/emulation/pca9555.cpp line 323 column 5 function correct_direction_violations_and_apply
  (signed int)target_direction::0 == (signed int)(*return_value$_at$4)
  (signed int)target_direction::0 != (signed int)(*return_value$_at$4)

Slicing time: 0.003s (removed 115 assignments)
No solver specified; defaulting to bitwuzla
Solving claim '(signed int)CommandRegister == 0 && (signed int)CommandRegister == 1 && (signed int)CommandRegister == 2 && (signed int)CommandRegister != 3 at file /Users/user/NVIDIA-OpenSMA/src/nv/emulation/pca9555.cpp line 164 column 18 function i2c_write' with solver Bitwuzla 0.8.2
Encoding remaining VCC(s) using bit-vector/floating-point arithmetic
Encoding to solver time: 0.009s
Solving with solver Bitwuzla 0.8.2
Runtime decision procedure: 0.003s
✓ PASSED: '(signed int)CommandRegister == 0 && (signed int)CommandRegister == 1 && (signed int)CommandRegister == 2 && (signed int)CommandRegister != 3 at file /Users/user/NVIDIA-OpenSMA/src/nv/emulation/pca9555.cpp line 164 column 18 function i2c_write'
Slicing time: 0.003s (removed 115 assignments)
No solver specified; defaulting to bitwuzla
Solving claim '(signed int)CommandRegister == 0 && (signed int)CommandRegister == 1 && (signed int)CommandRegister == 2 && (signed int)CommandRegister == 3 at file /Users/user/NVIDIA-OpenSMA/src/nv/emulation/pca9555.cpp line 164 column 18 function i2c_write' with solver Bitwuzla 0.8.2
Encoding remaining VCC(s) using bit-vector/floating-point arithmetic
Encoding to solver time: 0.011s
Solving with solver Bitwuzla 0.8.2
Runtime decision procedure: 0.002s
✓ PASSED: '(signed int)CommandRegister == 0 && (signed int)CommandRegister == 1 && (signed int)CommandRegister == 2 && (signed int)CommandRegister == 3 at file /Users/user/NVIDIA-OpenSMA/src/nv/emulation/pca9555.cpp line 164 column 18 function i2c_write'
Slicing time: 0.002s (removed 115 assignments)
No solver specified; defaulting to bitwuzla
Solving claim '(signed int)CommandRegister != 0 && (signed int)CommandRegister == 1 && (signed int)CommandRegister == 2 && (signed int)CommandRegister != 3 at file /Users/user/NVIDIA-OpenSMA/src/nv/emulation/pca9555.cpp line 164 column 18 function i2c_write' with solver Bitwuzla 0.8.2
Encoding remaining VCC(s) using bit-vector/floating-point arithmetic
Encoding to solver time: 0.009s
Solving with solver Bitwuzla 0.8.2
Runtime decision procedure: 0.002s
✓ PASSED: '(signed int)CommandRegister != 0 && (signed int)CommandRegister == 1 && (signed int)CommandRegister == 2 && (signed int)CommandRegister != 3 at file /Users/user/NVIDIA-OpenSMA/src/nv/emulation/pca9555.cpp line 164 column 18 function i2c_write'
Slicing time: 0.002s (removed 115 assignments)
No solver specified; defaulting to bitwuzla
Solving claim '(signed int)CommandRegister != 0 && (signed int)CommandRegister == 1 && (signed int)CommandRegister == 2 && (signed int)CommandRegister == 3 at file /Users/user/NVIDIA-OpenSMA/src/nv/emulation/pca9555.cpp line 164 column 18 function i2c_write' with solver Bitwuzla 0.8.2
Encoding remaining VCC(s) using bit-vector/floating-point arithmetic
Encoding to solver time: 0.010s
Solving with solver Bitwuzla 0.8.2
Runtime decision procedure: 0.003s
✓ PASSED: '(signed int)CommandRegister != 0 && (signed int)CommandRegister == 1 && (signed int)CommandRegister == 2 && (signed int)CommandRegister == 3 at file /Users/user/NVIDIA-OpenSMA/src/nv/emulation/pca9555.cpp line 164 column 18 function i2c_write'
Slicing time: 0.002s (removed 115 assignments)
No solver specified; defaulting to bitwuzla
Solving claim '(signed int)CommandRegister == 0 && (signed int)CommandRegister != 1 && (signed int)CommandRegister == 2 && (signed int)CommandRegister != 3 at file /Users/user/NVIDIA-OpenSMA/src/nv/emulation/pca9555.cpp line 164 column 18 function i2c_write' with solver Bitwuzla 0.8.2
Encoding remaining VCC(s) using bit-vector/floating-point arithmetic
Encoding to solver time: 0.009s
Solving with solver Bitwuzla 0.8.2
Runtime decision procedure: 0.003s
✓ PASSED: '(signed int)CommandRegister == 0 && (signed int)CommandRegister != 1 && (signed int)CommandRegister == 2 && (signed int)CommandRegister != 3 at file /Users/user/NVIDIA-OpenSMA/src/nv/emulation/pca9555.cpp line 164 column 18 function i2c_write'
Slicing time: 0.003s (removed 115 assignments)
No solver specified; defaulting to bitwuzla
Solving claim '(signed int)CommandRegister == 0 && (signed int)CommandRegister != 1 && (signed int)CommandRegister == 2 && (signed int)CommandRegister == 3 at file /Users/user/NVIDIA-OpenSMA/src/nv/emulation/pca9555.cpp line 164 column 18 function i2c_write' with solver Bitwuzla 0.8.2
Encoding remaining VCC(s) using bit-vector/floating-point arithmetic
Encoding to solver time: 0.009s
Solving with solver Bitwuzla 0.8.2
Runtime decision procedure: 0.002s
✓ PASSED: '(signed int)CommandRegister == 0 && (signed int)CommandRegister != 1 && (signed int)CommandRegister == 2 && (signed int)CommandRegister == 3 at file /Users/user/NVIDIA-OpenSMA/src/nv/emulation/pca9555.cpp line 164 column 18 function i2c_write'
Slicing time: 0.002s (removed 115 assignments)
No solver specified; defaulting to bitwuzla
Solving claim '(signed int)CommandRegister != 0 && (signed int)CommandRegister != 1 && (signed int)CommandRegister == 2 && (signed int)CommandRegister != 3 at file /Users/user/NVIDIA-OpenSMA/src/nv/emulation/pca9555.cpp line 164 column 18 function i2c_write' with solver Bitwuzla 0.8.2
Encoding remaining VCC(s) using bit-vector/floating-point arithmetic
Encoding to solver time: 0.009s
Solving with solver Bitwuzla 0.8.2
Runtime decision procedure: 0.002s
✓ PASSED: '(signed int)CommandRegister != 0 && (signed int)CommandRegister != 1 && (signed int)CommandRegister == 2 && (signed int)CommandRegister != 3 at file /Users/user/NVIDIA-OpenSMA/src/nv/emulation/pca9555.cpp line 164 column 18 function i2c_write'
Slicing time: 0.002s (removed 115 assignments)
No solver specified; defaulting to bitwuzla
Solving claim '(signed int)CommandRegister != 0 && (signed int)CommandRegister != 1 && (signed int)CommandRegister == 2 && (signed int)CommandRegister == 3 at file /Users/user/NVIDIA-OpenSMA/src/nv/emulation/pca9555.cpp line 164 column 18 function i2c_write' with solver Bitwuzla 0.8.2
Encoding remaining VCC(s) using bit-vector/floating-point arithmetic
Encoding to solver time: 0.010s
Solving with solver Bitwuzla 0.8.2
Runtime decision procedure: 0.003s
✓ PASSED: '(signed int)CommandRegister != 0 && (signed int)CommandRegister != 1 && (signed int)CommandRegister == 2 && (signed int)CommandRegister == 3 at file /Users/user/NVIDIA-OpenSMA/src/nv/emulation/pca9555.cpp line 164 column 18 function i2c_write'
Slicing time: 0.003s (removed 115 assignments)
No solver specified; defaulting to bitwuzla
Solving claim '(signed int)CommandRegister == 0 && (signed int)CommandRegister == 1 && (signed int)CommandRegister != 2 && (signed int)CommandRegister != 3 at file /Users/user/NVIDIA-OpenSMA/src/nv/emulation/pca9555.cpp line 164 column 18 function i2c_write' with solver Bitwuzla 0.8.2
Encoding remaining VCC(s) using bit-vector/floating-point arithmetic
Encoding to solver time: 0.009s
Solving with solver Bitwuzla 0.8.2
Runtime decision procedure: 0.003s
✓ PASSED: '(signed int)CommandRegister == 0 && (signed int)CommandRegister == 1 && (signed int)CommandRegister != 2 && (signed int)CommandRegister != 3 at file /Users/user/NVIDIA-OpenSMA/src/nv/emulation/pca9555.cpp line 164 column 18 function i2c_write'
Slicing time: 0.003s (removed 115 assignments)
No solver specified; defaulting to bitwuzla
Solving claim '(signed int)CommandRegister == 0 && (signed int)CommandRegister == 1 && (signed int)CommandRegister != 2 && (signed int)CommandRegister == 3 at file /Users/user/NVIDIA-OpenSMA/src/nv/emulation/pca9555.cpp line 164 column 18 function i2c_write' with solver Bitwuzla 0.8.2
Encoding remaining VCC(s) using bit-vector/floating-point arithmetic
Encoding to solver time: 0.009s
Solving with solver Bitwuzla 0.8.2
Runtime decision procedure: 0.003s
✓ PASSED: '(signed int)CommandRegister == 0 && (signed int)CommandRegister == 1 && (signed int)CommandRegister != 2 && (signed int)CommandRegister == 3 at file /Users/user/NVIDIA-OpenSMA/src/nv/emulation/pca9555.cpp line 164 column 18 function i2c_write'
Slicing time: 0.002s (removed 115 assignments)
No solver specified; defaulting to bitwuzla
Solving claim '(signed int)CommandRegister != 0 && (signed int)CommandRegister == 1 && (signed int)CommandRegister != 2 && (signed int)CommandRegister != 3 at file /Users/user/NVIDIA-OpenSMA/src/nv/emulation/pca9555.cpp line 164 column 18 function i2c_write' with solver Bitwuzla 0.8.2
Encoding remaining VCC(s) using bit-vector/floating-point arithmetic
Encoding to solver time: 0.009s
Solving with solver Bitwuzla 0.8.2
Runtime decision procedure: 0.002s
✓ PASSED: '(signed int)CommandRegister != 0 && (signed int)CommandRegister == 1 && (signed int)CommandRegister != 2 && (signed int)CommandRegister != 3 at file /Users/user/NVIDIA-OpenSMA/src/nv/emulation/pca9555.cpp line 164 column 18 function i2c_write'
Slicing time: 0.003s (removed 115 assignments)
No solver specified; defaulting to bitwuzla
Solving claim '(signed int)CommandRegister != 0 && (signed int)CommandRegister == 1 && (signed int)CommandRegister != 2 && (signed int)CommandRegister == 3 at file /Users/user/NVIDIA-OpenSMA/src/nv/emulation/pca9555.cpp line 164 column 18 function i2c_write' with solver Bitwuzla 0.8.2
Encoding remaining VCC(s) using bit-vector/floating-point arithmetic
Encoding to solver time: 0.009s
Solving with solver Bitwuzla 0.8.2
Runtime decision procedure: 0.003s
✓ PASSED: '(signed int)CommandRegister != 0 && (signed int)CommandRegister == 1 && (signed int)CommandRegister != 2 && (signed int)CommandRegister == 3 at file /Users/user/NVIDIA-OpenSMA/src/nv/emulation/pca9555.cpp line 164 column 18 function i2c_write'
Slicing time: 0.003s (removed 115 assignments)
No solver specified; defaulting to bitwuzla
Solving claim '(signed int)CommandRegister == 0 && (signed int)CommandRegister != 1 && (signed int)CommandRegister != 2 && (signed int)CommandRegister != 3 at file /Users/user/NVIDIA-OpenSMA/src/nv/emulation/pca9555.cpp line 164 column 18 function i2c_write' with solver Bitwuzla 0.8.2
Encoding remaining VCC(s) using bit-vector/floating-point arithmetic
Encoding to solver time: 0.009s
Solving with solver Bitwuzla 0.8.2
Runtime decision procedure: 0.002s
✓ PASSED: '(signed int)CommandRegister == 0 && (signed int)CommandRegister != 1 && (signed int)CommandRegister != 2 && (signed int)CommandRegister != 3 at file /Users/user/NVIDIA-OpenSMA/src/nv/emulation/pca9555.cpp line 164 column 18 function i2c_write'
Slicing time: 0.002s (removed 115 assignments)
No solver specified; defaulting to bitwuzla
Solving claim '(signed int)CommandRegister == 0 && (signed int)CommandRegister != 1 && (signed int)CommandRegister != 2 && (signed int)CommandRegister == 3 at file /Users/user/NVIDIA-OpenSMA/src/nv/emulation/pca9555.cpp line 164 column 18 function i2c_write' with solver Bitwuzla 0.8.2
Encoding remaining VCC(s) using bit-vector/floating-point arithmetic
Encoding to solver time: 0.010s
Solving with solver Bitwuzla 0.8.2
Runtime decision procedure: 0.002s
✓ PASSED: '(signed int)CommandRegister == 0 && (signed int)CommandRegister != 1 && (signed int)CommandRegister != 2 && (signed int)CommandRegister == 3 at file /Users/user/NVIDIA-OpenSMA/src/nv/emulation/pca9555.cpp line 164 column 18 function i2c_write'
Slicing time: 0.003s (removed 115 assignments)
No solver specified; defaulting to bitwuzla
Solving claim '(signed int)CommandRegister != 0 && (signed int)CommandRegister != 1 && (signed int)CommandRegister != 2 && (signed int)CommandRegister != 3 at file /Users/user/NVIDIA-OpenSMA/src/nv/emulation/pca9555.cpp line 164 column 18 function i2c_write' with solver Bitwuzla 0.8.2
Encoding remaining VCC(s) using bit-vector/floating-point arithmetic
Encoding to solver time: 0.009s
Solving with solver Bitwuzla 0.8.2
Runtime decision procedure: 0.003s
✓ PASSED: '(signed int)CommandRegister != 0 && (signed int)CommandRegister != 1 && (signed int)CommandRegister != 2 && (signed int)CommandRegister != 3 at file /Users/user/NVIDIA-OpenSMA/src/nv/emulation/pca9555.cpp line 164 column 18 function i2c_write'
Slicing time: 0.002s (removed 115 assignments)
No solver specified; defaulting to bitwuzla
Solving claim '(signed int)CommandRegister != 0 && (signed int)CommandRegister != 1 && (signed int)CommandRegister != 2 && (signed int)CommandRegister == 3 at file /Users/user/NVIDIA-OpenSMA/src/nv/emulation/pca9555.cpp line 164 column 18 function i2c_write' with solver Bitwuzla 0.8.2
Encoding remaining VCC(s) using bit-vector/floating-point arithmetic
Encoding to solver time: 0.009s
Solving with solver Bitwuzla 0.8.2
Runtime decision procedure: 0.003s
✗ FAILED: '(signed int)CommandRegister != 0 && (signed int)CommandRegister != 1 && (signed int)CommandRegister != 2 && (signed int)CommandRegister == 3 at file /Users/user/NVIDIA-OpenSMA/src/nv/emulation/pca9555.cpp line 164 column 18 function i2c_write'

[Counterexample]


State 1 file /Users/user/NVIDIA-OpenSMA/verification/harnesses/pca9555_harness.cpp line 91 column 5 function f_direction_constraint thread 0
----------------------------------------------------
  req_out = 0 (00000000)

State 2 file /Users/user/NVIDIA-OpenSMA/verification/harnesses/pca9555_harness.cpp line 92 column 5 function f_direction_constraint thread 0
----------------------------------------------------
  req_in = 0 (00000000)

State 4 file /Users/user/NVIDIA-OpenSMA/verification/harnesses/pca9555_harness.cpp line 96 column 5 function f_direction_constraint thread 0
----------------------------------------------------
  dev = { ._active_register=0, ._active_bank=0, ._new_command=1, .interrupt_low_vector={ .elems={ 255, 255 } },
    .state_at_last_interrupt_check={ .elems = { 0 } },
    ._gpio_pin_state={ .elems = { 0 } },
    ._gpio_output={ .elems={ 255, 255 } },
    ._gpio_inversion_enable={ .elems = { 0 } },
    ._gpio_direction_config={ .elems={ 255, 255 } },
    ._required_outputs={ .elems = { 0 } },
    ._required_inputs={ .elems = { 0 } },
    .anon_pad$11=0 }

State 5 file /Users/user/NVIDIA-OpenSMA/verification/harnesses/pca9555_harness.cpp line 98 column 5 function f_direction_constraint thread 0
----------------------------------------------------
  bank = 0 (00000000 00000000 00000000 00000000)

State 7 file /Users/user/NVIDIA-OpenSMA/verification/harnesses/pca9555_harness.cpp line 99 column 5 function f_direction_constraint thread 0
----------------------------------------------------
  cmd = 6 (00000110)

State 8 file /Users/user/NVIDIA-OpenSMA/verification/harnesses/pca9555_harness.cpp line 101 column 5 function f_direction_constraint thread 0
----------------------------------------------------
  new_dir = 0 (00000000)

State 9 file /Users/user/NVIDIA-OpenSMA/verification/harnesses/pca9555_harness.cpp line 105 column 5 function f_direction_constraint thread 0
----------------------------------------------------
  *return_value$_operator[]$6 = { .elems={ cmd?1!0&0#1, 0, 0, 0, 0, 0, 0, 0, 0, 0, 0, 0, 0, 0, 0, 0, 0, 0, 0, 0, 0, 0, 0, 0, 0, 0, 0, 0, 0, 0, 0, 0, 0, 0, 0 } }

State 10 file /Users/user/NVIDIA-OpenSMA/verification/harnesses/pca9555_harness.cpp line 106 column 5 function f_direction_constraint thread 0
----------------------------------------------------
  *return_value$_operator[]$7 = { .elems = 0 }

State 13 file /Users/user/NVIDIA-OpenSMA/src/nv/emulation/pca9555.cpp line 164 column 18 function i2c_write thread 0
----------------------------------------------------
Violated property:
  file /Users/user/NVIDIA-OpenSMA/src/nv/emulation/pca9555.cpp line 164 column 18 function i2c_write
  (signed int)CommandRegister != 0 && (signed int)CommandRegister != 1 && (signed int)CommandRegister != 2 && (signed int)CommandRegister == 3
  (signed int)CommandRegister == 0 || (signed int)CommandRegister == 1 || (signed int)CommandRegister == 2 || (signed int)CommandRegister != 3

Slicing time: 0.002s (removed 115 assignments)
No solver specified; defaulting to bitwuzla
Solving claim '(signed int)i < (signed int)data_length::1 && (signed int)CommandRegister == 0 && (signed int)CommandRegister == 1 && (signed int)CommandRegister != 2 at file /Users/user/NVIDIA-OpenSMA/src/nv/emulation/pca9555.cpp line 158 column 18 function i2c_write' with solver Bitwuzla 0.8.2
Encoding remaining VCC(s) using bit-vector/floating-point arithmetic
Encoding to solver time: 0.009s
Solving with solver Bitwuzla 0.8.2
Runtime decision procedure: 0.002s
✓ PASSED: '(signed int)i < (signed int)data_length::1 && (signed int)CommandRegister == 0 && (signed int)CommandRegister == 1 && (signed int)CommandRegister != 2 at file /Users/user/NVIDIA-OpenSMA/src/nv/emulation/pca9555.cpp line 158 column 18 function i2c_write'
Slicing time: 0.002s (removed 115 assignments)
No solver specified; defaulting to bitwuzla
Solving claim '(signed int)i < (signed int)data_length::1 && (signed int)CommandRegister == 0 && (signed int)CommandRegister == 1 && (signed int)CommandRegister == 2 at file /Users/user/NVIDIA-OpenSMA/src/nv/emulation/pca9555.cpp line 158 column 18 function i2c_write' with solver Bitwuzla 0.8.2
Encoding remaining VCC(s) using bit-vector/floating-point arithmetic
Encoding to solver time: 0.010s
Solving with solver Bitwuzla 0.8.2
Runtime decision procedure: 0.002s
✓ PASSED: '(signed int)i < (signed int)data_length::1 && (signed int)CommandRegister == 0 && (signed int)CommandRegister == 1 && (signed int)CommandRegister == 2 at file /Users/user/NVIDIA-OpenSMA/src/nv/emulation/pca9555.cpp line 158 column 18 function i2c_write'
Slicing time: 0.003s (removed 115 assignments)
No solver specified; defaulting to bitwuzla
Solving claim '(signed int)i < (signed int)data_length::1 && (signed int)CommandRegister != 0 && (signed int)CommandRegister == 1 && (signed int)CommandRegister != 2 at file /Users/user/NVIDIA-OpenSMA/src/nv/emulation/pca9555.cpp line 158 column 18 function i2c_write' with solver Bitwuzla 0.8.2
Encoding remaining VCC(s) using bit-vector/floating-point arithmetic
Encoding to solver time: 0.009s
Solving with solver Bitwuzla 0.8.2
Runtime decision procedure: 0.003s
✓ PASSED: '(signed int)i < (signed int)data_length::1 && (signed int)CommandRegister != 0 && (signed int)CommandRegister == 1 && (signed int)CommandRegister != 2 at file /Users/user/NVIDIA-OpenSMA/src/nv/emulation/pca9555.cpp line 158 column 18 function i2c_write'
Slicing time: 0.002s (removed 115 assignments)
No solver specified; defaulting to bitwuzla
Solving claim '(signed int)i < (signed int)data_length::1 && (signed int)CommandRegister != 0 && (signed int)CommandRegister == 1 && (signed int)CommandRegister == 2 at file /Users/user/NVIDIA-OpenSMA/src/nv/emulation/pca9555.cpp line 158 column 18 function i2c_write' with solver Bitwuzla 0.8.2
Encoding remaining VCC(s) using bit-vector/floating-point arithmetic
Encoding to solver time: 0.009s
Solving with solver Bitwuzla 0.8.2
Runtime decision procedure: 0.003s
✓ PASSED: '(signed int)i < (signed int)data_length::1 && (signed int)CommandRegister != 0 && (signed int)CommandRegister == 1 && (signed int)CommandRegister == 2 at file /Users/user/NVIDIA-OpenSMA/src/nv/emulation/pca9555.cpp line 158 column 18 function i2c_write'
Slicing time: 0.002s (removed 115 assignments)
No solver specified; defaulting to bitwuzla
Solving claim '(signed int)i < (signed int)data_length::1 && (signed int)CommandRegister == 0 && (signed int)CommandRegister != 1 && (signed int)CommandRegister != 2 at file /Users/user/NVIDIA-OpenSMA/src/nv/emulation/pca9555.cpp line 158 column 18 function i2c_write' with solver Bitwuzla 0.8.2
Encoding remaining VCC(s) using bit-vector/floating-point arithmetic
Encoding to solver time: 0.009s
Solving with solver Bitwuzla 0.8.2
Runtime decision procedure: 0.003s
✓ PASSED: '(signed int)i < (signed int)data_length::1 && (signed int)CommandRegister == 0 && (signed int)CommandRegister != 1 && (signed int)CommandRegister != 2 at file /Users/user/NVIDIA-OpenSMA/src/nv/emulation/pca9555.cpp line 158 column 18 function i2c_write'
Slicing time: 0.002s (removed 115 assignments)
No solver specified; defaulting to bitwuzla
Solving claim '(signed int)i < (signed int)data_length::1 && (signed int)CommandRegister == 0 && (signed int)CommandRegister != 1 && (signed int)CommandRegister == 2 at file /Users/user/NVIDIA-OpenSMA/src/nv/emulation/pca9555.cpp line 158 column 18 function i2c_write' with solver Bitwuzla 0.8.2
Encoding remaining VCC(s) using bit-vector/floating-point arithmetic
Encoding to solver time: 0.008s
Solving with solver Bitwuzla 0.8.2
Runtime decision procedure: 0.003s
✓ PASSED: '(signed int)i < (signed int)data_length::1 && (signed int)CommandRegister == 0 && (signed int)CommandRegister != 1 && (signed int)CommandRegister == 2 at file /Users/user/NVIDIA-OpenSMA/src/nv/emulation/pca9555.cpp line 158 column 18 function i2c_write'
Slicing time: 0.003s (removed 115 assignments)
No solver specified; defaulting to bitwuzla
Solving claim '(signed int)i < (signed int)data_length::1 && (signed int)CommandRegister != 0 && (signed int)CommandRegister != 1 && (signed int)CommandRegister != 2 at file /Users/user/NVIDIA-OpenSMA/src/nv/emulation/pca9555.cpp line 158 column 18 function i2c_write' with solver Bitwuzla 0.8.2
Encoding remaining VCC(s) using bit-vector/floating-point arithmetic
Encoding to solver time: 0.011s
Solving with solver Bitwuzla 0.8.2
Runtime decision procedure: 0.003s
✗ FAILED: '(signed int)i < (signed int)data_length::1 && (signed int)CommandRegister != 0 && (signed int)CommandRegister != 1 && (signed int)CommandRegister != 2 at file /Users/user/NVIDIA-OpenSMA/src/nv/emulation/pca9555.cpp line 158 column 18 function i2c_write'

[Counterexample]


State 1 file /Users/user/NVIDIA-OpenSMA/verification/harnesses/pca9555_harness.cpp line 91 column 5 function f_direction_constraint thread 0
----------------------------------------------------
  req_out = 0 (00000000)

State 2 file /Users/user/NVIDIA-OpenSMA/verification/harnesses/pca9555_harness.cpp line 92 column 5 function f_direction_constraint thread 0
----------------------------------------------------
  req_in = 0 (00000000)

State 4 file /Users/user/NVIDIA-OpenSMA/verification/harnesses/pca9555_harness.cpp line 96 column 5 function f_direction_constraint thread 0
----------------------------------------------------
  dev = { ._active_register=0, ._active_bank=0, ._new_command=1, .interrupt_low_vector={ .elems={ 255, 255 } },
    .state_at_last_interrupt_check={ .elems = { 0 } },
    ._gpio_pin_state={ .elems = { 0 } },
    ._gpio_output={ .elems={ 255, 255 } },
    ._gpio_inversion_enable={ .elems = { 0 } },
    ._gpio_direction_config={ .elems={ 255, 255 } },
    ._required_outputs={ .elems = { 0 } },
    ._required_inputs={ .elems = { 0 } },
    .anon_pad$11=0 }

State 5 file /Users/user/NVIDIA-OpenSMA/verification/harnesses/pca9555_harness.cpp line 98 column 5 function f_direction_constraint thread 0
----------------------------------------------------
  bank = 0 (00000000 00000000 00000000 00000000)

State 7 file /Users/user/NVIDIA-OpenSMA/verification/harnesses/pca9555_harness.cpp line 99 column 5 function f_direction_constraint thread 0
----------------------------------------------------
  cmd = 6 (00000110)

State 8 file /Users/user/NVIDIA-OpenSMA/verification/harnesses/pca9555_harness.cpp line 101 column 5 function f_direction_constraint thread 0
----------------------------------------------------
  new_dir = 0 (00000000)

State 9 file /Users/user/NVIDIA-OpenSMA/verification/harnesses/pca9555_harness.cpp line 105 column 5 function f_direction_constraint thread 0
----------------------------------------------------
  *return_value$_operator[]$6 = { .elems={ cmd?1!0&0#1, 0, 0, 0, 0, 0, 0, 0, 0, 0, 0, 0, 0, 0, 0, 0, 0, 0, 0, 0, 0, 0, 0, 0, 0, 0, 0, 0, 0, 0, 0, 0, 0, 0, 0 } }

State 10 file /Users/user/NVIDIA-OpenSMA/verification/harnesses/pca9555_harness.cpp line 106 column 5 function f_direction_constraint thread 0
----------------------------------------------------
  *return_value$_operator[]$7 = { .elems = 0 }

State 13 file /Users/user/NVIDIA-OpenSMA/src/nv/emulation/pca9555.cpp line 158 column 18 function i2c_write thread 0
----------------------------------------------------
Violated property:
  file /Users/user/NVIDIA-OpenSMA/src/nv/emulation/pca9555.cpp line 158 column 18 function i2c_write
  (signed int)i < (signed int)data_length::1 && (signed int)CommandRegister != 0 && (signed int)CommandRegister != 1 && (signed int)CommandRegister != 2
  (signed int)i >= (signed int)data_length::1 || (signed int)CommandRegister == 0 || (signed int)CommandRegister == 1 || (signed int)CommandRegister == 2

Slicing time: 0.003s (removed 115 assignments)
No solver specified; defaulting to bitwuzla
Solving claim '(signed int)i < (signed int)data_length::1 && (signed int)CommandRegister != 0 && (signed int)CommandRegister != 1 && (signed int)CommandRegister == 2 at file /Users/user/NVIDIA-OpenSMA/src/nv/emulation/pca9555.cpp line 158 column 18 function i2c_write' with solver Bitwuzla 0.8.2
Encoding remaining VCC(s) using bit-vector/floating-point arithmetic
Encoding to solver time: 0.009s
Solving with solver Bitwuzla 0.8.2
Runtime decision procedure: 0.003s
✓ PASSED: '(signed int)i < (signed int)data_length::1 && (signed int)CommandRegister != 0 && (signed int)CommandRegister != 1 && (signed int)CommandRegister == 2 at file /Users/user/NVIDIA-OpenSMA/src/nv/emulation/pca9555.cpp line 158 column 18 function i2c_write'
Slicing time: 0.003s (removed 115 assignments)
No solver specified; defaulting to bitwuzla
Solving claim '(signed int)data_length::1 <= 3 && (signed int)i < (signed int)data_length::1 && (signed int)CommandRegister == 0 && (signed int)CommandRegister != 1 at file /Users/user/NVIDIA-OpenSMA/src/nv/emulation/pca9555.cpp line 151 column 18 function i2c_write' with solver Bitwuzla 0.8.2
Encoding remaining VCC(s) using bit-vector/floating-point arithmetic
Encoding to solver time: 0.009s
Solving with solver Bitwuzla 0.8.2
Runtime decision procedure: 0.003s
✓ PASSED: '(signed int)data_length::1 <= 3 && (signed int)i < (signed int)data_length::1 && (signed int)CommandRegister == 0 && (signed int)CommandRegister != 1 at file /Users/user/NVIDIA-OpenSMA/src/nv/emulation/pca9555.cpp line 151 column 18 function i2c_write'
Slicing time: 0.002s (removed 115 assignments)
No solver specified; defaulting to bitwuzla
Solving claim '(signed int)data_length::1 <= 3 && (signed int)i < (signed int)data_length::1 && (signed int)CommandRegister == 0 && (signed int)CommandRegister == 1 at file /Users/user/NVIDIA-OpenSMA/src/nv/emulation/pca9555.cpp line 151 column 18 function i2c_write' with solver Bitwuzla 0.8.2
Encoding remaining VCC(s) using bit-vector/floating-point arithmetic
Encoding to solver time: 0.010s
Solving with solver Bitwuzla 0.8.2
Runtime decision procedure: 0.002s
✓ PASSED: '(signed int)data_length::1 <= 3 && (signed int)i < (signed int)data_length::1 && (signed int)CommandRegister == 0 && (signed int)CommandRegister == 1 at file /Users/user/NVIDIA-OpenSMA/src/nv/emulation/pca9555.cpp line 151 column 18 function i2c_write'
Slicing time: 0.002s (removed 115 assignments)
No solver specified; defaulting to bitwuzla
Solving claim '(signed int)data_length::1 <= 3 && (signed int)i < (signed int)data_length::1 && (signed int)CommandRegister != 0 && (signed int)CommandRegister != 1 at file /Users/user/NVIDIA-OpenSMA/src/nv/emulation/pca9555.cpp line 151 column 18 function i2c_write' with solver Bitwuzla 0.8.2
Encoding remaining VCC(s) using bit-vector/floating-point arithmetic
Encoding to solver time: 0.009s
Solving with solver Bitwuzla 0.8.2
Runtime decision procedure: 0.003s
✗ FAILED: '(signed int)data_length::1 <= 3 && (signed int)i < (signed int)data_length::1 && (signed int)CommandRegister != 0 && (signed int)CommandRegister != 1 at file /Users/user/NVIDIA-OpenSMA/src/nv/emulation/pca9555.cpp line 151 column 18 function i2c_write'

[Counterexample]


State 1 file /Users/user/NVIDIA-OpenSMA/verification/harnesses/pca9555_harness.cpp line 91 column 5 function f_direction_constraint thread 0
----------------------------------------------------
  req_out = 0 (00000000)

State 2 file /Users/user/NVIDIA-OpenSMA/verification/harnesses/pca9555_harness.cpp line 92 column 5 function f_direction_constraint thread 0
----------------------------------------------------
  req_in = 0 (00000000)

State 4 file /Users/user/NVIDIA-OpenSMA/verification/harnesses/pca9555_harness.cpp line 96 column 5 function f_direction_constraint thread 0
----------------------------------------------------
  dev = { ._active_register=0, ._active_bank=0, ._new_command=1, .interrupt_low_vector={ .elems={ 255, 255 } },
    .state_at_last_interrupt_check={ .elems = { 0 } },
    ._gpio_pin_state={ .elems = { 0 } },
    ._gpio_output={ .elems={ 255, 255 } },
    ._gpio_inversion_enable={ .elems = { 0 } },
    ._gpio_direction_config={ .elems={ 255, 255 } },
    ._required_outputs={ .elems = { 0 } },
    ._required_inputs={ .elems = { 0 } },
    .anon_pad$11=0 }

State 5 file /Users/user/NVIDIA-OpenSMA/verification/harnesses/pca9555_harness.cpp line 98 column 5 function f_direction_constraint thread 0
----------------------------------------------------
  bank = 0 (00000000 00000000 00000000 00000000)

State 7 file /Users/user/NVIDIA-OpenSMA/verification/harnesses/pca9555_harness.cpp line 99 column 5 function f_direction_constraint thread 0
----------------------------------------------------
  cmd = 6 (00000110)

State 8 file /Users/user/NVIDIA-OpenSMA/verification/harnesses/pca9555_harness.cpp line 101 column 5 function f_direction_constraint thread 0
----------------------------------------------------
  new_dir = 0 (00000000)

State 9 file /Users/user/NVIDIA-OpenSMA/verification/harnesses/pca9555_harness.cpp line 105 column 5 function f_direction_constraint thread 0
----------------------------------------------------
  *return_value$_operator[]$6 = { .elems={ cmd?1!0&0#1, 0, 0, 0, 0, 0, 0, 0, 0, 0, 0, 0, 0, 0, 0, 0, 0, 0, 0, 0, 0, 0, 0, 0, 0, 0, 0, 0, 0, 0, 0, 0, 0, 0, 0 } }

State 10 file /Users/user/NVIDIA-OpenSMA/verification/harnesses/pca9555_harness.cpp line 106 column 5 function f_direction_constraint thread 0
----------------------------------------------------
  *return_value$_operator[]$7 = { .elems = 0 }

State 13 file /Users/user/NVIDIA-OpenSMA/src/nv/emulation/pca9555.cpp line 151 column 18 function i2c_write thread 0
----------------------------------------------------
Violated property:
  file /Users/user/NVIDIA-OpenSMA/src/nv/emulation/pca9555.cpp line 151 column 18 function i2c_write
  (signed int)data_length::1 <= 3 && (signed int)i < (signed int)data_length::1 && (signed int)CommandRegister != 0 && (signed int)CommandRegister != 1
  (signed int)data_length::1 > 3 || (signed int)i >= (signed int)data_length::1 || (signed int)CommandRegister == 0 || (signed int)CommandRegister == 1

Slicing time: 0.002s (removed 115 assignments)
No solver specified; defaulting to bitwuzla
Solving claim '(signed int)data_length::1 <= 3 && (signed int)i < (signed int)data_length::1 && (signed int)CommandRegister != 0 && (signed int)CommandRegister == 1 at file /Users/user/NVIDIA-OpenSMA/src/nv/emulation/pca9555.cpp line 151 column 18 function i2c_write' with solver Bitwuzla 0.8.2
Encoding remaining VCC(s) using bit-vector/floating-point arithmetic
Encoding to solver time: 0.009s
Solving with solver Bitwuzla 0.8.2
Runtime decision procedure: 0.003s
✓ PASSED: '(signed int)data_length::1 <= 3 && (signed int)i < (signed int)data_length::1 && (signed int)CommandRegister != 0 && (signed int)CommandRegister == 1 at file /Users/user/NVIDIA-OpenSMA/src/nv/emulation/pca9555.cpp line 151 column 18 function i2c_write'
Slicing time: 0.002s (removed 115 assignments)
No solver specified; defaulting to bitwuzla
Solving claim '(signed int)data_length::1 != 1 && (signed int)data_length::1 <= 3 && (signed int)i < (signed int)data_length::1 && (signed int)CommandRegister != 0 at file /Users/user/NVIDIA-OpenSMA/src/nv/emulation/pca9555.cpp line 147 column 18 function i2c_write' with solver Bitwuzla 0.8.2
Encoding remaining VCC(s) using bit-vector/floating-point arithmetic
Encoding to solver time: 0.010s
Solving with solver Bitwuzla 0.8.2
Runtime decision procedure: 0.002s
✗ FAILED: '(signed int)data_length::1 != 1 && (signed int)data_length::1 <= 3 && (signed int)i < (signed int)data_length::1 && (signed int)CommandRegister != 0 at file /Users/user/NVIDIA-OpenSMA/src/nv/emulation/pca9555.cpp line 147 column 18 function i2c_write'

[Counterexample]


State 1 file /Users/user/NVIDIA-OpenSMA/verification/harnesses/pca9555_harness.cpp line 91 column 5 function f_direction_constraint thread 0
----------------------------------------------------
  req_out = 0 (00000000)

State 2 file /Users/user/NVIDIA-OpenSMA/verification/harnesses/pca9555_harness.cpp line 92 column 5 function f_direction_constraint thread 0
----------------------------------------------------
  req_in = 0 (00000000)

State 4 file /Users/user/NVIDIA-OpenSMA/verification/harnesses/pca9555_harness.cpp line 96 column 5 function f_direction_constraint thread 0
----------------------------------------------------
  dev = { ._active_register=0, ._active_bank=0, ._new_command=1, .interrupt_low_vector={ .elems={ 255, 255 } },
    .state_at_last_interrupt_check={ .elems = { 0 } },
    ._gpio_pin_state={ .elems = { 0 } },
    ._gpio_output={ .elems={ 255, 255 } },
    ._gpio_inversion_enable={ .elems = { 0 } },
    ._gpio_direction_config={ .elems={ 255, 255 } },
    ._required_outputs={ .elems = { 0 } },
    ._required_inputs={ .elems = { 0 } },
    .anon_pad$11=0 }

State 5 file /Users/user/NVIDIA-OpenSMA/verification/harnesses/pca9555_harness.cpp line 98 column 5 function f_direction_constraint thread 0
----------------------------------------------------
  bank = 0 (00000000 00000000 00000000 00000000)

State 7 file /Users/user/NVIDIA-OpenSMA/verification/harnesses/pca9555_harness.cpp line 99 column 5 function f_direction_constraint thread 0
----------------------------------------------------
  cmd = 6 (00000110)

State 8 file /Users/user/NVIDIA-OpenSMA/verification/harnesses/pca9555_harness.cpp line 101 column 5 function f_direction_constraint thread 0
----------------------------------------------------
  new_dir = 0 (00000000)

State 9 file /Users/user/NVIDIA-OpenSMA/verification/harnesses/pca9555_harness.cpp line 105 column 5 function f_direction_constraint thread 0
----------------------------------------------------
  *return_value$_operator[]$6 = { .elems={ cmd?1!0&0#1, 0, 0, 0, 0, 0, 0, 0, 0, 0, 0, 0, 0, 0, 0, 0, 0, 0, 0, 0, 0, 0, 0, 0, 0, 0, 0, 0, 0, 0, 0, 0, 0, 0, 0 } }

State 10 file /Users/user/NVIDIA-OpenSMA/verification/harnesses/pca9555_harness.cpp line 106 column 5 function f_direction_constraint thread 0
----------------------------------------------------
  *return_value$_operator[]$7 = { .elems = 0 }

State 13 file /Users/user/NVIDIA-OpenSMA/src/nv/emulation/pca9555.cpp line 147 column 18 function i2c_write thread 0
----------------------------------------------------
Violated property:
  file /Users/user/NVIDIA-OpenSMA/src/nv/emulation/pca9555.cpp line 147 column 18 function i2c_write
  (signed int)data_length::1 != 1 && (signed int)data_length::1 <= 3 && (signed int)i < (signed int)data_length::1 && (signed int)CommandRegister != 0

Slicing time: 0.002s (removed 115 assignments)
No solver specified; defaulting to bitwuzla
Solving claim '(signed int)data_length::1 != 1 && (signed int)data_length::1 <= 3 && (signed int)i < (signed int)data_length::1 && (signed int)CommandRegister == 0 at file /Users/user/NVIDIA-OpenSMA/src/nv/emulation/pca9555.cpp line 147 column 18 function i2c_write' with solver Bitwuzla 0.8.2
Encoding remaining VCC(s) using bit-vector/floating-point arithmetic
Encoding to solver time: 0.009s
Solving with solver Bitwuzla 0.8.2
Runtime decision procedure: 0.003s
✓ PASSED: '(signed int)data_length::1 != 1 && (signed int)data_length::1 <= 3 && (signed int)i < (signed int)data_length::1 && (signed int)CommandRegister == 0 at file /Users/user/NVIDIA-OpenSMA/src/nv/emulation/pca9555.cpp line 147 column 18 function i2c_write'
Slicing time: 0.003s (removed 115 assignments)
No solver specified; defaulting to bitwuzla
Solving claim '(signed int)data_length::1 != 1 && (signed int)data_length::1 <= 3 && (signed int)i < (signed int)data_length::1 at file /Users/user/NVIDIA-OpenSMA/src/nv/emulation/pca9555.cpp line 142 column 5 function i2c_write' with solver Bitwuzla 0.8.2
Encoding remaining VCC(s) using bit-vector/floating-point arithmetic
Encoding to solver time: 0.010s
Solving with solver Bitwuzla 0.8.2
Runtime decision procedure: 0.003s
✗ FAILED: '(signed int)data_length::1 != 1 && (signed int)data_length::1 <= 3 && (signed int)i < (signed int)data_length::1 at file /Users/user/NVIDIA-OpenSMA/src/nv/emulation/pca9555.cpp line 142 column 5 function i2c_write'

[Counterexample]


State 1 file /Users/user/NVIDIA-OpenSMA/verification/harnesses/pca9555_harness.cpp line 91 column 5 function f_direction_constraint thread 0
----------------------------------------------------
  req_out = 0 (00000000)

State 2 file /Users/user/NVIDIA-OpenSMA/verification/harnesses/pca9555_harness.cpp line 92 column 5 function f_direction_constraint thread 0
----------------------------------------------------
  req_in = 0 (00000000)

State 4 file /Users/user/NVIDIA-OpenSMA/verification/harnesses/pca9555_harness.cpp line 96 column 5 function f_direction_constraint thread 0
----------------------------------------------------
  dev = { ._active_register=0, ._active_bank=0, ._new_command=1, .interrupt_low_vector={ .elems={ 255, 255 } },
    .state_at_last_interrupt_check={ .elems = { 0 } },
    ._gpio_pin_state={ .elems = { 0 } },
    ._gpio_output={ .elems={ 255, 255 } },
    ._gpio_inversion_enable={ .elems = { 0 } },
    ._gpio_direction_config={ .elems={ 255, 255 } },
    ._required_outputs={ .elems = { 0 } },
    ._required_inputs={ .elems = { 0 } },
    .anon_pad$11=0 }

State 5 file /Users/user/NVIDIA-OpenSMA/verification/harnesses/pca9555_harness.cpp line 98 column 5 function f_direction_constraint thread 0
----------------------------------------------------
  bank = 0 (00000000 00000000 00000000 00000000)

State 7 file /Users/user/NVIDIA-OpenSMA/verification/harnesses/pca9555_harness.cpp line 99 column 5 function f_direction_constraint thread 0
----------------------------------------------------
  cmd = 6 (00000110)

State 8 file /Users/user/NVIDIA-OpenSMA/verification/harnesses/pca9555_harness.cpp line 101 column 5 function f_direction_constraint thread 0
----------------------------------------------------
  new_dir = 0 (00000000)

State 9 file /Users/user/NVIDIA-OpenSMA/verification/harnesses/pca9555_harness.cpp line 105 column 5 function f_direction_constraint thread 0
----------------------------------------------------
  *return_value$_operator[]$6 = { .elems={ cmd?1!0&0#1, 0, 0, 0, 0, 0, 0, 0, 0, 0, 0, 0, 0, 0, 0, 0, 0, 0, 0, 0, 0, 0, 0, 0, 0, 0, 0, 0, 0, 0, 0, 0, 0, 0, 0 } }

State 10 file /Users/user/NVIDIA-OpenSMA/verification/harnesses/pca9555_harness.cpp line 106 column 5 function f_direction_constraint thread 0
----------------------------------------------------
  *return_value$_operator[]$7 = { .elems = 0 }

State 13 file /Users/user/NVIDIA-OpenSMA/src/nv/emulation/pca9555.cpp line 142 column 5 function i2c_write thread 0
----------------------------------------------------
Violated property:
  file /Users/user/NVIDIA-OpenSMA/src/nv/emulation/pca9555.cpp line 142 column 5 function i2c_write
  (signed int)data_length::1 != 1 && (signed int)data_length::1 <= 3 && (signed int)i < (signed int)data_length::1

Slicing time: 0.002s (removed 115 assignments)
No solver specified; defaulting to bitwuzla
Solving claim '(signed int)data_length::1 != 1 && (signed int)data_length::1 <= 3 at file /Users/user/NVIDIA-OpenSMA/src/nv/emulation/pca9555.cpp line 138 column 5 function i2c_write' with solver Bitwuzla 0.8.2
Encoding remaining VCC(s) using bit-vector/floating-point arithmetic
Encoding to solver time: 0.009s
Solving with solver Bitwuzla 0.8.2
Runtime decision procedure: 0.003s
✗ FAILED: '(signed int)data_length::1 != 1 && (signed int)data_length::1 <= 3 at file /Users/user/NVIDIA-OpenSMA/src/nv/emulation/pca9555.cpp line 138 column 5 function i2c_write'

[Counterexample]


State 1 file /Users/user/NVIDIA-OpenSMA/verification/harnesses/pca9555_harness.cpp line 91 column 5 function f_direction_constraint thread 0
----------------------------------------------------
  req_out = 0 (00000000)

State 2 file /Users/user/NVIDIA-OpenSMA/verification/harnesses/pca9555_harness.cpp line 92 column 5 function f_direction_constraint thread 0
----------------------------------------------------
  req_in = 0 (00000000)

State 4 file /Users/user/NVIDIA-OpenSMA/verification/harnesses/pca9555_harness.cpp line 96 column 5 function f_direction_constraint thread 0
----------------------------------------------------
  dev = { ._active_register=0, ._active_bank=0, ._new_command=1, .interrupt_low_vector={ .elems={ 255, 255 } },
    .state_at_last_interrupt_check={ .elems = { 0 } },
    ._gpio_pin_state={ .elems = { 0 } },
    ._gpio_output={ .elems={ 255, 255 } },
    ._gpio_inversion_enable={ .elems = { 0 } },
    ._gpio_direction_config={ .elems={ 255, 255 } },
    ._required_outputs={ .elems = { 0 } },
    ._required_inputs={ .elems = { 0 } },
    .anon_pad$11=0 }

State 5 file /Users/user/NVIDIA-OpenSMA/verification/harnesses/pca9555_harness.cpp line 98 column 5 function f_direction_constraint thread 0
----------------------------------------------------
  bank = 0 (00000000 00000000 00000000 00000000)

State 7 file /Users/user/NVIDIA-OpenSMA/verification/harnesses/pca9555_harness.cpp line 99 column 5 function f_direction_constraint thread 0
----------------------------------------------------
  cmd = 6 (00000110)

State 8 file /Users/user/NVIDIA-OpenSMA/verification/harnesses/pca9555_harness.cpp line 101 column 5 function f_direction_constraint thread 0
----------------------------------------------------
  new_dir = 0 (00000000)

State 9 file /Users/user/NVIDIA-OpenSMA/verification/harnesses/pca9555_harness.cpp line 105 column 5 function f_direction_constraint thread 0
----------------------------------------------------
  *return_value$_operator[]$6 = { .elems={ cmd?1!0&0#1, 0, 0, 0, 0, 0, 0, 0, 0, 0, 0, 0, 0, 0, 0, 0, 0, 0, 0, 0, 0, 0, 0, 0, 0, 0, 0, 0, 0, 0, 0, 0, 0, 0, 0 } }

State 10 file /Users/user/NVIDIA-OpenSMA/verification/harnesses/pca9555_harness.cpp line 106 column 5 function f_direction_constraint thread 0
----------------------------------------------------
  *return_value$_operator[]$7 = { .elems = 0 }

State 13 file /Users/user/NVIDIA-OpenSMA/src/nv/emulation/pca9555.cpp line 138 column 5 function i2c_write thread 0
----------------------------------------------------
Violated property:
  file /Users/user/NVIDIA-OpenSMA/src/nv/emulation/pca9555.cpp line 138 column 5 function i2c_write
  (signed int)data_length::1 != 1 && (signed int)data_length::1 <= 3

Slicing time: 0.002s (removed 115 assignments)
No solver specified; defaulting to bitwuzla
Solving claim '(signed int)data_length::1 != 1 at file /Users/user/NVIDIA-OpenSMA/src/nv/emulation/pca9555.cpp line 127 column 5 function i2c_write' with solver Bitwuzla 0.8.2
Encoding remaining VCC(s) using bit-vector/floating-point arithmetic
Encoding to solver time: 0.010s
Solving with solver Bitwuzla 0.8.2
Runtime decision procedure: 0.003s
✗ FAILED: '(signed int)data_length::1 != 1 at file /Users/user/NVIDIA-OpenSMA/src/nv/emulation/pca9555.cpp line 127 column 5 function i2c_write'

[Counterexample]


State 1 file /Users/user/NVIDIA-OpenSMA/verification/harnesses/pca9555_harness.cpp line 91 column 5 function f_direction_constraint thread 0
----------------------------------------------------
  req_out = 0 (00000000)

State 2 file /Users/user/NVIDIA-OpenSMA/verification/harnesses/pca9555_harness.cpp line 92 column 5 function f_direction_constraint thread 0
----------------------------------------------------
  req_in = 0 (00000000)

State 4 file /Users/user/NVIDIA-OpenSMA/verification/harnesses/pca9555_harness.cpp line 96 column 5 function f_direction_constraint thread 0
----------------------------------------------------
  dev = { ._active_register=0, ._active_bank=0, ._new_command=1, .interrupt_low_vector={ .elems={ 255, 255 } },
    .state_at_last_interrupt_check={ .elems = { 0 } },
    ._gpio_pin_state={ .elems = { 0 } },
    ._gpio_output={ .elems={ 255, 255 } },
    ._gpio_inversion_enable={ .elems = { 0 } },
    ._gpio_direction_config={ .elems={ 255, 255 } },
    ._required_outputs={ .elems = { 0 } },
    ._required_inputs={ .elems = { 0 } },
    .anon_pad$11=0 }

State 5 file /Users/user/NVIDIA-OpenSMA/verification/harnesses/pca9555_harness.cpp line 98 column 5 function f_direction_constraint thread 0
----------------------------------------------------
  bank = 0 (00000000 00000000 00000000 00000000)

State 7 file /Users/user/NVIDIA-OpenSMA/verification/harnesses/pca9555_harness.cpp line 99 column 5 function f_direction_constraint thread 0
----------------------------------------------------
  cmd = 6 (00000110)

State 8 file /Users/user/NVIDIA-OpenSMA/verification/harnesses/pca9555_harness.cpp line 101 column 5 function f_direction_constraint thread 0
----------------------------------------------------
  new_dir = 0 (00000000)

State 9 file /Users/user/NVIDIA-OpenSMA/verification/harnesses/pca9555_harness.cpp line 105 column 5 function f_direction_constraint thread 0
----------------------------------------------------
  *return_value$_operator[]$6 = { .elems={ cmd?1!0&0#1, 0, 0, 0, 0, 0, 0, 0, 0, 0, 0, 0, 0, 0, 0, 0, 0, 0, 0, 0, 0, 0, 0, 0, 0, 0, 0, 0, 0, 0, 0, 0, 0, 0, 0 } }

State 10 file /Users/user/NVIDIA-OpenSMA/verification/harnesses/pca9555_harness.cpp line 106 column 5 function f_direction_constraint thread 0
----------------------------------------------------
  *return_value$_operator[]$7 = { .elems = 0 }

State 13 file /Users/user/NVIDIA-OpenSMA/src/nv/emulation/pca9555.cpp line 127 column 5 function i2c_write thread 0
----------------------------------------------------
Violated property:
  file /Users/user/NVIDIA-OpenSMA/src/nv/emulation/pca9555.cpp line 127 column 5 function i2c_write
  (signed int)data_length::1 != 1

Slicing time: 0.003s (removed 45 assignments)
No solver specified; defaulting to bitwuzla
Solving claim '(signed int)(*return_value$_at$1) == (signed int)InterruptVectorDefault at file /Users/user/NVIDIA-OpenSMA/src/nv/emulation/pca9555.cpp line 259 column 12 function get_interrupt_l_state' with solver Bitwuzla 0.8.2
Encoding remaining VCC(s) using bit-vector/floating-point arithmetic
Encoding to solver time: 0.015s
Solving with solver Bitwuzla 0.8.2
Runtime decision procedure: 0.006s
✗ FAILED: '(signed int)(*return_value$_at$1) == (signed int)InterruptVectorDefault at file /Users/user/NVIDIA-OpenSMA/src/nv/emulation/pca9555.cpp line 259 column 12 function get_interrupt_l_state'

[Counterexample]


State 1 file /Users/user/NVIDIA-OpenSMA/verification/harnesses/pca9555_harness.cpp line 43 column 5 function f_totality thread 0
----------------------------------------------------
  init = 0 (00000000 00000000)

State 2 file /Users/user/NVIDIA-OpenSMA/verification/harnesses/pca9555_harness.cpp line 44 column 5 function f_totality thread 0
----------------------------------------------------
  out_m = 0 (00000000 00000000)

State 3 file /Users/user/NVIDIA-OpenSMA/verification/harnesses/pca9555_harness.cpp line 45 column 5 function f_totality thread 0
----------------------------------------------------
  in_m = 0 (00000000 00000000)

State 4 file /Users/user/NVIDIA-OpenSMA/verification/harnesses/pca9555_harness.cpp line 46 column 5 function f_totality thread 0
----------------------------------------------------
  dev = { ._active_register=0, ._active_bank=0, ._new_command=1, .interrupt_low_vector={ .elems={ 255, 255 } },
    .state_at_last_interrupt_check={ .elems = { 0 } },
    ._gpio_pin_state={ .elems = { 0 } },
    ._gpio_output={ .elems={ 255, 255 } },
    ._gpio_inversion_enable={ .elems = { 0 } },
    ._gpio_direction_config={ .elems={ 255, 255 } },
    ._required_outputs={ .elems = { 0 } },
    ._required_inputs={ .elems = { 0 } },
    .anon_pad$11=0 }

State 5 file /Users/user/NVIDIA-OpenSMA/src/nv/emulation/pca9555.cpp line 80 column 5 function i2c_read thread 0
----------------------------------------------------
  this->_new_command = { ._active_register=0, ._active_bank=0, ._new_command=0, .interrupt_low_vector={ .elems={ 255, 255 } },
    .state_at_last_interrupt_check={ .elems = { 0 } },
    ._gpio_pin_state={ .elems = { 0 } },
    ._gpio_output={ .elems={ 255, 255 } },
    ._gpio_inversion_enable={ .elems = { 0 } },
    ._gpio_direction_config={ .elems={ 255, 255 } },
    ._required_outputs={ .elems = { 0 } },
    ._required_inputs={ .elems = { 0 } },
    .anon_pad$11=0 }

State 6 file /Users/user/NVIDIA-OpenSMA/src/nv/emulation/pca9555.cpp line 87 column 13 function i2c_read thread 0
----------------------------------------------------
  *return_value$_at$3 = ( class nv::emulation::Pca9555 { unsigned int _active_register; unsigned int _active_bank; _Bool _new_command;  struct std::array<unsigned char, 2> { unsigned char [2] elems; }interrupt_low_vector;  struct std::array<unsigned char, 2> { unsigned char [2] elems; }state_at_last_interrupt_check;  struct std::array<unsigned char, 2> { unsigned char [2] elems; }_gpio_pin_state;  struct std::array<unsigned char, 2> { unsigned char [2] elems; }_gpio_output;  struct std::array<unsigned char, 2> { unsigned char [2] elems; }_gpio_inversion_enable;  struct std::array<unsigned char, 2> { unsigned char [2] elems; }_gpio_direction_config;  struct std::array<unsigned char, 2> { unsigned char [2] elems; }_required_outputs;  struct std::array<unsigned char, 2> { unsigned char [2] elems; }_required_inputs; unsigned _ExtInt(24) anon_pad$11; })(byte_update_little_endian((unsigned _ExtInt(224))({ ._active_register=0, ._active_bank=0, ._new_command=0, .interrupt_low_vector={ .elems={ 255, 255 } },
    .state_at_last_interrupt_check={ .elems = { 0 } },
    ._gpio_pin_state={ .elems = { 0 } },
    ._gpio_output={ .elems={ 255, 255 } },
    ._gpio_inversion_enable={ .elems = { 0 } },
    ._gpio_direction_config={ .elems={ 255, 255 } },
    ._required_outputs={ .elems = { 0 } },
    ._required_inputs={ .elems = { 0 } },
    .anon_pad$11=0 }), 9, 255))

State 7 file /Users/user/NVIDIA-OpenSMA/src/nv/emulation/pca9555.cpp line 338 column 5 function next_bank thread 0
----------------------------------------------------
  *bank::0 = { ._active_register=0, ._active_bank=1, ._new_command=0, .interrupt_low_vector={ .elems={ 255, 255 } },
    .state_at_last_interrupt_check={ .elems = { 0 } },
    ._gpio_pin_state={ .elems = { 0 } },
    ._gpio_output={ .elems={ 255, 255 } },
    ._gpio_inversion_enable={ .elems = { 0 } },
    ._gpio_direction_config={ .elems={ 255, 255 } },
    ._required_outputs={ .elems = { 0 } },
    ._required_inputs={ .elems = { 0 } },
    .anon_pad$11=0 }

State 8 file /Users/user/NVIDIA-OpenSMA/src/nv/emulation/pca9555.cpp line 80 column 5 function i2c_read thread 0
----------------------------------------------------
  this->_new_command = { ._active_register=0, ._active_bank=1, ._new_command=0, .interrupt_low_vector={ .elems={ 255, 255 } },
    .state_at_last_interrupt_check={ .elems = { 0 } },
    ._gpio_pin_state={ .elems = { 0 } },
    ._gpio_output={ .elems={ 255, 255 } },
    ._gpio_inversion_enable={ .elems = { 0 } },
    ._gpio_direction_config={ .elems={ 255, 255 } },
    ._required_outputs={ .elems = { 0 } },
    ._required_inputs={ .elems = { 0 } },
    .anon_pad$11=0 }

State 9 file /Users/user/NVIDIA-OpenSMA/src/nv/emulation/pca9555.cpp line 87 column 13 function i2c_read thread 0
----------------------------------------------------
  *return_value$_at$3 = ( class nv::emulation::Pca9555 { unsigned int _active_register; unsigned int _active_bank; _Bool _new_command;  struct std::array<unsigned char, 2> { unsigned char [2] elems; }interrupt_low_vector;  struct std::array<unsigned char, 2> { unsigned char [2] elems; }state_at_last_interrupt_check;  struct std::array<unsigned char, 2> { unsigned char [2] elems; }_gpio_pin_state;  struct std::array<unsigned char, 2> { unsigned char [2] elems; }_gpio_output;  struct std::array<unsigned char, 2> { unsigned char [2] elems; }_gpio_inversion_enable;  struct std::array<unsigned char, 2> { unsigned char [2] elems; }_gpio_direction_config;  struct std::array<unsigned char, 2> { unsigned char [2] elems; }_required_outputs;  struct std::array<unsigned char, 2> { unsigned char [2] elems; }_required_inputs; unsigned _ExtInt(24) anon_pad$11; })(byte_update_little_endian((unsigned _ExtInt(224))({ ._active_register=0, ._active_bank=1, ._new_command=0, .interrupt_low_vector={ .elems={ 255, 255 } },
    .state_at_last_interrupt_check={ .elems = { 0 } },
    ._gpio_pin_state={ .elems = { 0 } },
    ._gpio_output={ .elems={ 255, 255 } },
    ._gpio_inversion_enable={ .elems = { 0 } },
    ._gpio_direction_config={ .elems={ 255, 255 } },
    ._required_outputs={ .elems = { 0 } },
    ._required_inputs={ .elems = { 0 } },
    .anon_pad$11=0 }), 10, 255))

State 10 file /Users/user/NVIDIA-OpenSMA/src/nv/emulation/pca9555.cpp line 338 column 5 function next_bank thread 0
----------------------------------------------------
  *bank::0 = { ._active_register=0, ._active_bank=0, ._new_command=0, .interrupt_low_vector={ .elems={ 255, 255 } },
    .state_at_last_interrupt_check={ .elems = { 0 } },
    ._gpio_pin_state={ .elems = { 0 } },
    ._gpio_output={ .elems={ 255, 255 } },
    ._gpio_inversion_enable={ .elems = { 0 } },
    ._gpio_direction_config={ .elems={ 255, 255 } },
    ._required_outputs={ .elems = { 0 } },
    ._required_inputs={ .elems = { 0 } },
    .anon_pad$11=0 }

State 11 file /Users/user/NVIDIA-OpenSMA/verification/harnesses/pca9555_harness.cpp line 55 column 14 function f_totality thread 0
----------------------------------------------------
  *return_value$_operator[]$5 = { .elems={ nondet_symbol(symex::nondet27), 0, 0, 0, 0, 0, 0, 0, 0, 0, 0, 0, 0, 0, 0, 0, 0, 0, 0, 0, 0, 0, 0, 0, 0, 0, 0, 0, 0, 0, 0, 0, 0, 0, 0 } }

State 12 file /Users/user/NVIDIA-OpenSMA/verification/harnesses/pca9555_harness.cpp line 56 column 14 function f_totality thread 0
----------------------------------------------------
  *return_value$_operator[]$6 = { .elems = 0 }

State 15 file /Users/user/NVIDIA-OpenSMA/src/nv/emulation/pca9555.cpp line 128 column 9 function i2c_write thread 0
----------------------------------------------------
  this->_new_command = { ._active_register=0, ._active_bank=0, ._new_command=1, .interrupt_low_vector={ .elems={ 255, 255 } },
    .state_at_last_interrupt_check={ .elems = { 0 } },
    ._gpio_pin_state={ .elems = { 0 } },
    ._gpio_output={ .elems={ 255, 255 } },
    ._gpio_inversion_enable={ .elems = { 0 } },
    ._gpio_direction_config={ .elems={ 255, 255 } },
    ._required_outputs={ .elems = { 0 } },
    ._required_inputs={ .elems = { 0 } },
    .anon_pad$11=0 }

State 16 file /Users/user/NVIDIA-OpenSMA/src/nv/emulation/pca9555.cpp line 129 column 9 function i2c_write thread 0
----------------------------------------------------
  this->_active_register = { ._active_register=0, ._active_bank=0, ._new_command=1, .interrupt_low_vector={ .elems={ 255, 255 } },
    .state_at_last_interrupt_check={ .elems = { 0 } },
    ._gpio_pin_state={ .elems = { 0 } },
    ._gpio_output={ .elems={ 255, 255 } },
    ._gpio_inversion_enable={ .elems = { 0 } },
    ._gpio_direction_config={ .elems={ 255, 255 } },
    ._required_outputs={ .elems = { 0 } },
    ._required_inputs={ .elems = { 0 } },
    .anon_pad$11=0 }

State 17 file /Users/user/NVIDIA-OpenSMA/src/nv/emulation/pca9555.cpp line 130 column 9 function i2c_write thread 0
----------------------------------------------------
  this->_active_bank = { ._active_register=0, ._active_bank=0, ._new_command=1, .interrupt_low_vector={ .elems={ 255, 255 } },
    .state_at_last_interrupt_check={ .elems = { 0 } },
    ._gpio_pin_state={ .elems = { 0 } },
    ._gpio_output={ .elems={ 255, 255 } },
    ._gpio_inversion_enable={ .elems = { 0 } },
    ._gpio_direction_config={ .elems={ 255, 255 } },
    ._required_outputs={ .elems = { 0 } },
    ._required_inputs={ .elems = { 0 } },
    .anon_pad$11=0 }

State 21 file /Users/user/NVIDIA-OpenSMA/src/nv/emulation/pca9555.cpp line 182 column 5 function update_input_pins thread 0
----------------------------------------------------
  direction_vector = 65535 (11111111 11111111)

State 22 file /Users/user/NVIDIA-OpenSMA/src/nv/emulation/pca9555.cpp line 192 column 5 function update_input_pins thread 0
----------------------------------------------------
  pin_mask::1 = 0 (00000000 00000000)

State 23 file /Users/user/NVIDIA-OpenSMA/src/nv/emulation/pca9555.cpp line 198 column 5 function update_input_pins thread 0
----------------------------------------------------
  OldPinValues = 0 (00000000 00000000)

State 24 file /Users/user/NVIDIA-OpenSMA/src/nv/emulation/pca9555.cpp line 201 column 5 function update_input_pins thread 0
----------------------------------------------------
  NewPinValues = 0 (00000000 00000000)

State 25 file /Users/user/NVIDIA-OpenSMA/src/nv/emulation/pca9555.cpp line 207 column 5 function update_input_pins thread 0
----------------------------------------------------
  *return_value$_at$5 = { ._active_register=0, ._active_bank=0, ._new_command=1, .interrupt_low_vector={ .elems={ 255, 255 } },
    .state_at_last_interrupt_check={ .elems = { 0 } },
    ._gpio_pin_state=0,
    ._gpio_output={ .elems={ 255, 255 } }, ._gpio_inversion_enable={ .elems = { 0 } },
    ._gpio_direction_config={ .elems={ 255, 255 } },
    ._required_outputs={ .elems = { 0 } },
    ._required_inputs={ .elems = { 0 } },
    .anon_pad$11=0 }

State 26 file /Users/user/NVIDIA-OpenSMA/src/nv/emulation/pca9555.cpp line 209 column 5 function update_input_pins thread 0
----------------------------------------------------
  *return_value$_at$6 = { ._active_register=0, ._active_bank=0, ._new_command=1, .interrupt_low_vector={ .elems={ 255, 255 } },
    .state_at_last_interrupt_check={ .elems = { 0 } },
    ._gpio_pin_state=0,
    ._gpio_output={ .elems={ 255, 255 } }, ._gpio_inversion_enable={ .elems = { 0 } },
    ._gpio_direction_config={ .elems={ 255, 255 } },
    ._required_outputs={ .elems = { 0 } },
    ._required_inputs={ .elems = { 0 } },
    .anon_pad$11=0 }

State 27 file /Users/user/NVIDIA-OpenSMA/src/nv/emulation/pca9555.cpp line 307 column 5 function update_interrupts thread 0
----------------------------------------------------
  *return_value$_at$5 = { ._active_register=0, ._active_bank=0, ._new_command=1, .interrupt_low_vector={ .elems={ 255, 255 } },
    .state_at_last_interrupt_check=0,
    ._gpio_pin_state={ .elems = { 0 } }, ._gpio_output={ .elems={ 255, 255 } },
    ._gpio_inversion_enable={ .elems = { 0 } },
    ._gpio_direction_config={ .elems={ 255, 255 } },
    ._required_outputs={ .elems = { 0 } },
    ._required_inputs={ .elems = { 0 } },
    .anon_pad$11=0 }

State 28 file /Users/user/NVIDIA-OpenSMA/src/nv/emulation/pca9555.cpp line 310 column 5 function update_interrupts thread 0
----------------------------------------------------
  *return_value$_at$7 = { ._active_register=0, ._active_bank=0, ._new_command=1, .interrupt_low_vector=255,
    .state_at_last_interrupt_check={ .elems = { 0 } }, ._gpio_pin_state={ .elems = { 0 } },
    ._gpio_output={ .elems={ 255, 255 } },
    ._gpio_inversion_enable={ .elems = { 0 } },
    ._gpio_direction_config={ .elems={ 255, 255 } },
    ._required_outputs={ .elems = { 0 } },
    ._required_inputs={ .elems = { 0 } },
    .anon_pad$11=0 }

State 29 file /Users/user/NVIDIA-OpenSMA/src/nv/emulation/pca9555.cpp line 307 column 5 function update_interrupts thread 0
----------------------------------------------------
  *return_value$_at$5 = { ._active_register=0, ._active_bank=0, ._new_command=1, .interrupt_low_vector={ .elems={ 255, 255 } },
    .state_at_last_interrupt_check=0,
    ._gpio_pin_state={ .elems = { 0 } }, ._gpio_output={ .elems={ 255, 255 } },
    ._gpio_inversion_enable={ .elems = { 0 } },
    ._gpio_direction_config={ .elems={ 255, 255 } },
    ._required_outputs={ .elems = { 0 } },
    ._required_inputs={ .elems = { 0 } },
    .anon_pad$11=0 }

State 30 file /Users/user/NVIDIA-OpenSMA/src/nv/emulation/pca9555.cpp line 310 column 5 function update_interrupts thread 0
----------------------------------------------------
  *return_value$_at$7 = { ._active_register=0, ._active_bank=0, ._new_command=1, .interrupt_low_vector=255,
    .state_at_last_interrupt_check={ .elems = { 0 } }, ._gpio_pin_state={ .elems = { 0 } },
    ._gpio_output={ .elems={ 255, 255 } },
    ._gpio_inversion_enable={ .elems = { 0 } },
    ._gpio_direction_config={ .elems={ 255, 255 } },
    ._required_outputs={ .elems = { 0 } },
    ._required_inputs={ .elems = { 0 } },
    .anon_pad$11=0 }

State 31 file /Users/user/NVIDIA-OpenSMA/verification/harnesses/pca9555_harness.cpp line 64 column 5 function f_totality thread 0
----------------------------------------------------
  bank = 0 (00000000 00000000 00000000 00000000)

State 32 file /Users/user/NVIDIA-OpenSMA/src/nv/emulation/pca9555.cpp line 235 column 5 function update_input_pins thread 0
----------------------------------------------------
  *return_value$_at$3 = ( class nv::emulation::Pca9555 { unsigned int _active_register; unsigned int _active_bank; _Bool _new_command;  struct std::array<unsigned char, 2> { unsigned char [2] elems; }interrupt_low_vector;  struct std::array<unsigned char, 2> { unsigned char [2] elems; }state_at_last_interrupt_check;  struct std::array<unsigned char, 2> { unsigned char [2] elems; }_gpio_pin_state;  struct std::array<unsigned char, 2> { unsigned char [2] elems; }_gpio_output;  struct std::array<unsigned char, 2> { unsigned char [2] elems; }_gpio_inversion_enable;  struct std::array<unsigned char, 2> { unsigned char [2] elems; }_gpio_direction_config;  struct std::array<unsigned char, 2> { unsigned char [2] elems; }_required_outputs;  struct std::array<unsigned char, 2> { unsigned char [2] elems; }_required_inputs; unsigned _ExtInt(24) anon_pad$11; })(byte_update_little_endian((unsigned _ExtInt(224))({ ._active_register=0, ._active_bank=0, ._new_command=1, .interrupt_low_vector={ .elems={ 255, 255 } },
    .state_at_last_interrupt_check={ .elems = { 0 } },
    ._gpio_pin_state={ .elems = { 0 } },
    ._gpio_output={ .elems={ 255, 255 } },
    ._gpio_inversion_enable={ .elems = { 0 } },
    ._gpio_direction_config={ .elems={ 255, 255 } },
    ._required_outputs={ .elems = { 0 } },
    ._required_inputs={ .elems = { 0 } },
    .anon_pad$11=0 }), 13, 0))

State 33 file /Users/user/NVIDIA-OpenSMA/src/nv/emulation/pca9555.cpp line 307 column 5 function update_interrupts thread 0
----------------------------------------------------
  *return_value$_at$5 = ( class nv::emulation::Pca9555 { unsigned int _active_register; unsigned int _active_bank; _Bool _new_command;  struct std::array<unsigned char, 2> { unsigned char [2] elems; }interrupt_low_vector;  struct std::array<unsigned char, 2> { unsigned char [2] elems; }state_at_last_interrupt_check;  struct std::array<unsigned char, 2> { unsigned char [2] elems; }_gpio_pin_state;  struct std::array<unsigned char, 2> { unsigned char [2] elems; }_gpio_output;  struct std::array<unsigned char, 2> { unsigned char [2] elems; }_gpio_inversion_enable;  struct std::array<unsigned char, 2> { unsigned char [2] elems; }_gpio_direction_config;  struct std::array<unsigned char, 2> { unsigned char [2] elems; }_required_outputs;  struct std::array<unsigned char, 2> { unsigned char [2] elems; }_required_inputs; unsigned _ExtInt(24) anon_pad$11; })(byte_update_little_endian((unsigned _ExtInt(224))({ ._active_register=0, ._active_bank=0, ._new_command=1, .interrupt_low_vector={ .elems={ 255, 255 } },
    .state_at_last_interrupt_check={ .elems = { 0 } },
    ._gpio_pin_state={ .elems = { 0 } },
    ._gpio_output={ .elems={ 255, 255 } },
    ._gpio_inversion_enable={ .elems = { 0 } },
    ._gpio_direction_config={ .elems={ 255, 255 } },
    ._required_outputs={ .elems = { 0 } },
    ._required_inputs={ .elems = { 0 } },
    .anon_pad$11=0 }), 11, byte_extract_little_endian((unsigned _ExtInt(224))({ ._active_register=0, ._active_bank=0, ._new_command=1, .interrupt_low_vector={ .elems={ 255, 255 } },
    .state_at_last_interrupt_check={ .elems = { 0 } },
    ._gpio_pin_state={ .elems = { 0 } },
    ._gpio_output={ .elems={ 255, 255 } },
    ._gpio_inversion_enable={ .elems = { 0 } },
    ._gpio_direction_config={ .elems={ 255, 255 } },
    ._required_outputs={ .elems = { 0 } },
    ._required_inputs={ .elems = { 0 } },
    .anon_pad$11=0 }), 13)))

State 34 file /Users/user/NVIDIA-OpenSMA/src/nv/emulation/pca9555.cpp line 310 column 5 function update_interrupts thread 0
----------------------------------------------------
  *return_value$_at$7 = ( class nv::emulation::Pca9555 { unsigned int _active_register; unsigned int _active_bank; _Bool _new_command;  struct std::array<unsigned char, 2> { unsigned char [2] elems; }interrupt_low_vector;  struct std::array<unsigned char, 2> { unsigned char [2] elems; }state_at_last_interrupt_check;  struct std::array<unsigned char, 2> { unsigned char [2] elems; }_gpio_pin_state;  struct std::array<unsigned char, 2> { unsigned char [2] elems; }_gpio_output;  struct std::array<unsigned char, 2> { unsigned char [2] elems; }_gpio_inversion_enable;  struct std::array<unsigned char, 2> { unsigned char [2] elems; }_gpio_direction_config;  struct std::array<unsigned char, 2> { unsigned char [2] elems; }_required_outputs;  struct std::array<unsigned char, 2> { unsigned char [2] elems; }_required_inputs; unsigned _ExtInt(24) anon_pad$11; })(byte_update_little_endian((unsigned _ExtInt(224))({ ._active_register=0, ._active_bank=0, ._new_command=1, .interrupt_low_vector={ .elems={ 255, 255 } },
    .state_at_last_interrupt_check={ .elems = { 0 } },
    ._gpio_pin_state={ .elems = { 0 } },
    ._gpio_output={ .elems={ 255, 255 } },
    ._gpio_inversion_enable={ .elems = { 0 } },
    ._gpio_direction_config={ .elems={ 255, 255 } },
    ._required_outputs={ .elems = { 0 } },
    ._required_inputs={ .elems = { 0 } },
    .anon_pad$11=0 }), 9, 255))

State 35 file /Users/user/NVIDIA-OpenSMA/src/nv/emulation/pca9555.cpp line 259 column 12 function get_interrupt_l_state thread 0
----------------------------------------------------
Violated property:
  file /Users/user/NVIDIA-OpenSMA/src/nv/emulation/pca9555.cpp line 259 column 12 function get_interrupt_l_state
  (signed int)(*return_value$_at$1) == (signed int)InterruptVectorDefault

Slicing time: 0.002s (removed 45 assignments)
No solver specified; defaulting to bitwuzla
Solving claim '(signed int)(*return_value$_at$1) != (signed int)InterruptVectorDefault at file /Users/user/NVIDIA-OpenSMA/src/nv/emulation/pca9555.cpp line 259 column 12 function get_interrupt_l_state' with solver Bitwuzla 0.8.2
Encoding remaining VCC(s) using bit-vector/floating-point arithmetic
Encoding to solver time: 0.014s
Solving with solver Bitwuzla 0.8.2
Runtime decision procedure: 0.008s
✗ FAILED: '(signed int)(*return_value$_at$1) != (signed int)InterruptVectorDefault at file /Users/user/NVIDIA-OpenSMA/src/nv/emulation/pca9555.cpp line 259 column 12 function get_interrupt_l_state'

[Counterexample]


State 1 file /Users/user/NVIDIA-OpenSMA/verification/harnesses/pca9555_harness.cpp line 43 column 5 function f_totality thread 0
----------------------------------------------------
  init = 511 (00000001 11111111)

State 2 file /Users/user/NVIDIA-OpenSMA/verification/harnesses/pca9555_harness.cpp line 44 column 5 function f_totality thread 0
----------------------------------------------------
  out_m = 0 (00000000 00000000)

State 3 file /Users/user/NVIDIA-OpenSMA/verification/harnesses/pca9555_harness.cpp line 45 column 5 function f_totality thread 0
----------------------------------------------------
  in_m = 255 (00000000 11111111)

State 4 file /Users/user/NVIDIA-OpenSMA/verification/harnesses/pca9555_harness.cpp line 46 column 5 function f_totality thread 0
----------------------------------------------------
  dev = { ._active_register=0, ._active_bank=0, ._new_command=1, .interrupt_low_vector={ .elems={ 255, 255 } },
    .state_at_last_interrupt_check={ .elems={ 255, 1 } },
    ._gpio_pin_state={ .elems={ 255, 1 } },
    ._gpio_output={ .elems={ 255, 255 } },
    ._gpio_inversion_enable={ .elems = { 0 } },
    ._gpio_direction_config={ .elems={ 255, 255 } },
    ._required_outputs={ .elems = { 0 } },
    ._required_inputs={ .elems={ 255, 0 } },
    .anon_pad$11=0 }

State 5 file /Users/user/NVIDIA-OpenSMA/src/nv/emulation/pca9555.cpp line 80 column 5 function i2c_read thread 0
----------------------------------------------------
  this->_new_command = { ._active_register=0, ._active_bank=0, ._new_command=0, .interrupt_low_vector={ .elems={ 255, 255 } },
    .state_at_last_interrupt_check={ .elems={ 255, 1 } },
    ._gpio_pin_state={ .elems={ 255, 1 } },
    ._gpio_output={ .elems={ 255, 255 } },
    ._gpio_inversion_enable={ .elems = { 0 } },
    ._gpio_direction_config={ .elems={ 255, 255 } },
    ._required_outputs={ .elems = { 0 } },
    ._required_inputs={ .elems={ 255, 0 } },
    .anon_pad$11=0 }

State 6 file /Users/user/NVIDIA-OpenSMA/src/nv/emulation/pca9555.cpp line 87 column 13 function i2c_read thread 0
----------------------------------------------------
  *return_value$_at$3 = ( class nv::emulation::Pca9555 { unsigned int _active_register; unsigned int _active_bank; _Bool _new_command;  struct std::array<unsigned char, 2> { unsigned char [2] elems; }interrupt_low_vector;  struct std::array<unsigned char, 2> { unsigned char [2] elems; }state_at_last_interrupt_check;  struct std::array<unsigned char, 2> { unsigned char [2] elems; }_gpio_pin_state;  struct std::array<unsigned char, 2> { unsigned char [2] elems; }_gpio_output;  struct std::array<unsigned char, 2> { unsigned char [2] elems; }_gpio_inversion_enable;  struct std::array<unsigned char, 2> { unsigned char [2] elems; }_gpio_direction_config;  struct std::array<unsigned char, 2> { unsigned char [2] elems; }_required_outputs;  struct std::array<unsigned char, 2> { unsigned char [2] elems; }_required_inputs; unsigned _ExtInt(24) anon_pad$11; })(byte_update_little_endian((unsigned _ExtInt(224))({ ._active_register=0, ._active_bank=0, ._new_command=0, .interrupt_low_vector={ .elems={ 255, 255 } },
    .state_at_last_interrupt_check={ .elems={ 255, 1 } },
    ._gpio_pin_state={ .elems={ 255, 1 } },
    ._gpio_output={ .elems={ 255, 255 } },
    ._gpio_inversion_enable={ .elems = { 0 } },
    ._gpio_direction_config={ .elems={ 255, 255 } },
    ._required_outputs={ .elems = { 0 } },
    ._required_inputs={ .elems={ 255, 0 } },
    .anon_pad$11=0 }), 9, 255))

State 7 file /Users/user/NVIDIA-OpenSMA/src/nv/emulation/pca9555.cpp line 338 column 5 function next_bank thread 0
----------------------------------------------------
  *bank::0 = { ._active_register=0, ._active_bank=1, ._new_command=0, .interrupt_low_vector={ .elems={ 255, 255 } },
    .state_at_last_interrupt_check={ .elems={ 255, 1 } },
    ._gpio_pin_state={ .elems={ 255, 1 } },
    ._gpio_output={ .elems={ 255, 255 } },
    ._gpio_inversion_enable={ .elems = { 0 } },
    ._gpio_direction_config={ .elems={ 255, 255 } },
    ._required_outputs={ .elems = { 0 } },
    ._required_inputs={ .elems={ 255, 0 } },
    .anon_pad$11=0 }

State 8 file /Users/user/NVIDIA-OpenSMA/src/nv/emulation/pca9555.cpp line 80 column 5 function i2c_read thread 0
----------------------------------------------------
  this->_new_command = { ._active_register=0, ._active_bank=1, ._new_command=0, .interrupt_low_vector={ .elems={ 255, 255 } },
    .state_at_last_interrupt_check={ .elems={ 255, 1 } },
    ._gpio_pin_state={ .elems={ 255, 1 } },
    ._gpio_output={ .elems={ 255, 255 } },
    ._gpio_inversion_enable={ .elems = { 0 } },
    ._gpio_direction_config={ .elems={ 255, 255 } },
    ._required_outputs={ .elems = { 0 } },
    ._required_inputs={ .elems={ 255, 0 } },
    .anon_pad$11=0 }

State 9 file /Users/user/NVIDIA-OpenSMA/src/nv/emulation/pca9555.cpp line 87 column 13 function i2c_read thread 0
----------------------------------------------------
  *return_value$_at$3 = ( class nv::emulation::Pca9555 { unsigned int _active_register; unsigned int _active_bank; _Bool _new_command;  struct std::array<unsigned char, 2> { unsigned char [2] elems; }interrupt_low_vector;  struct std::array<unsigned char, 2> { unsigned char [2] elems; }state_at_last_interrupt_check;  struct std::array<unsigned char, 2> { unsigned char [2] elems; }_gpio_pin_state;  struct std::array<unsigned char, 2> { unsigned char [2] elems; }_gpio_output;  struct std::array<unsigned char, 2> { unsigned char [2] elems; }_gpio_inversion_enable;  struct std::array<unsigned char, 2> { unsigned char [2] elems; }_gpio_direction_config;  struct std::array<unsigned char, 2> { unsigned char [2] elems; }_required_outputs;  struct std::array<unsigned char, 2> { unsigned char [2] elems; }_required_inputs; unsigned _ExtInt(24) anon_pad$11; })(byte_update_little_endian((unsigned _ExtInt(224))({ ._active_register=0, ._active_bank=1, ._new_command=0, .interrupt_low_vector={ .elems={ 255, 255 } },
    .state_at_last_interrupt_check={ .elems={ 255, 1 } },
    ._gpio_pin_state={ .elems={ 255, 1 } },
    ._gpio_output={ .elems={ 255, 255 } },
    ._gpio_inversion_enable={ .elems = { 0 } },
    ._gpio_direction_config={ .elems={ 255, 255 } },
    ._required_outputs={ .elems = { 0 } },
    ._required_inputs={ .elems={ 255, 0 } },
    .anon_pad$11=0 }), 10, 255))

State 10 file /Users/user/NVIDIA-OpenSMA/src/nv/emulation/pca9555.cpp line 338 column 5 function next_bank thread 0
----------------------------------------------------
  *bank::0 = { ._active_register=0, ._active_bank=0, ._new_command=0, .interrupt_low_vector={ .elems={ 255, 255 } },
    .state_at_last_interrupt_check={ .elems={ 255, 1 } },
    ._gpio_pin_state={ .elems={ 255, 1 } },
    ._gpio_output={ .elems={ 255, 255 } },
    ._gpio_inversion_enable={ .elems = { 0 } },
    ._gpio_direction_config={ .elems={ 255, 255 } },
    ._required_outputs={ .elems = { 0 } },
    ._required_inputs={ .elems={ 255, 0 } },
    .anon_pad$11=0 }

State 11 file /Users/user/NVIDIA-OpenSMA/verification/harnesses/pca9555_harness.cpp line 55 column 14 function f_totality thread 0
----------------------------------------------------
  *return_value$_operator[]$5 = { .elems={ nondet_symbol(symex::nondet27), 0, 0, 0, 0, 0, 0, 0, 0, 0, 0, 0, 0, 0, 0, 0, 0, 0, 0, 0, 0, 0, 0, 0, 0, 0, 0, 0, 0, 0, 0, 0, 0, 0, 0 } }

State 12 file /Users/user/NVIDIA-OpenSMA/verification/harnesses/pca9555_harness.cpp line 56 column 14 function f_totality thread 0
----------------------------------------------------
  *return_value$_operator[]$6 = { .elems = 0 }

State 15 file /Users/user/NVIDIA-OpenSMA/src/nv/emulation/pca9555.cpp line 128 column 9 function i2c_write thread 0
----------------------------------------------------
  this->_new_command = { ._active_register=0, ._active_bank=0, ._new_command=1, .interrupt_low_vector={ .elems={ 255, 255 } },
    .state_at_last_interrupt_check={ .elems={ 255, 1 } },
    ._gpio_pin_state={ .elems={ 255, 1 } },
    ._gpio_output={ .elems={ 255, 255 } },
    ._gpio_inversion_enable={ .elems = { 0 } },
    ._gpio_direction_config={ .elems={ 255, 255 } },
    ._required_outputs={ .elems = { 0 } },
    ._required_inputs={ .elems={ 255, 0 } },
    .anon_pad$11=0 }

State 16 file /Users/user/NVIDIA-OpenSMA/src/nv/emulation/pca9555.cpp line 129 column 9 function i2c_write thread 0
----------------------------------------------------
  this->_active_register = { ._active_register=0, ._active_bank=0, ._new_command=1, .interrupt_low_vector={ .elems={ 255, 255 } },
    .state_at_last_interrupt_check={ .elems={ 255, 1 } },
    ._gpio_pin_state={ .elems={ 255, 1 } },
    ._gpio_output={ .elems={ 255, 255 } },
    ._gpio_inversion_enable={ .elems = { 0 } },
    ._gpio_direction_config={ .elems={ 255, 255 } },
    ._required_outputs={ .elems = { 0 } },
    ._required_inputs={ .elems={ 255, 0 } },
    .anon_pad$11=0 }

State 17 file /Users/user/NVIDIA-OpenSMA/src/nv/emulation/pca9555.cpp line 130 column 9 function i2c_write thread 0
----------------------------------------------------
  this->_active_bank = { ._active_register=0, ._active_bank=0, ._new_command=1, .interrupt_low_vector={ .elems={ 255, 255 } },
    .state_at_last_interrupt_check={ .elems={ 255, 1 } },
    ._gpio_pin_state={ .elems={ 255, 1 } },
    ._gpio_output={ .elems={ 255, 255 } },
    ._gpio_inversion_enable={ .elems = { 0 } },
    ._gpio_direction_config={ .elems={ 255, 255 } },
    ._required_outputs={ .elems = { 0 } },
    ._required_inputs={ .elems={ 255, 0 } },
    .anon_pad$11=0 }

State 21 file /Users/user/NVIDIA-OpenSMA/src/nv/emulation/pca9555.cpp line 182 column 5 function update_input_pins thread 0
----------------------------------------------------
  direction_vector = 65535 (11111111 11111111)

State 22 file /Users/user/NVIDIA-OpenSMA/src/nv/emulation/pca9555.cpp line 192 column 5 function update_input_pins thread 0
----------------------------------------------------
  pin_mask::1 = 65535 (11111111 11111111)

State 23 file /Users/user/NVIDIA-OpenSMA/src/nv/emulation/pca9555.cpp line 198 column 5 function update_input_pins thread 0
----------------------------------------------------
  OldPinValues = 511 (00000001 11111111)

State 24 file /Users/user/NVIDIA-OpenSMA/src/nv/emulation/pca9555.cpp line 201 column 5 function update_input_pins thread 0
----------------------------------------------------
  NewPinValues = 65280 (11111111 00000000)

State 25 file /Users/user/NVIDIA-OpenSMA/src/nv/emulation/pca9555.cpp line 207 column 5 function update_input_pins thread 0
----------------------------------------------------
  *return_value$_at$5 = { ._active_register=0, ._active_bank=0, ._new_command=1, .interrupt_low_vector={ .elems={ 255, 255 } },
    .state_at_last_interrupt_check={ .elems={ 255, 1 } },
    ._gpio_pin_state=0,
    ._gpio_output={ .elems={ 255, 255 } }, ._gpio_inversion_enable={ .elems = { 0 } },
    ._gpio_direction_config={ .elems={ 255, 255 } },
    ._required_outputs={ .elems = { 0 } },
    ._required_inputs={ .elems={ 255, 0 } },
    .anon_pad$11=0 }

State 26 file /Users/user/NVIDIA-OpenSMA/src/nv/emulation/pca9555.cpp line 209 column 5 function update_input_pins thread 0
----------------------------------------------------
  *return_value$_at$6 = { ._active_register=0, ._active_bank=0, ._new_command=1, .interrupt_low_vector={ .elems={ 255, 255 } },
    .state_at_last_interrupt_check={ .elems={ 255, 1 } },
    ._gpio_pin_state=255,
    ._gpio_output={ .elems={ 255, 255 } }, ._gpio_inversion_enable={ .elems = { 0 } },
    ._gpio_direction_config={ .elems={ 255, 255 } },
    ._required_outputs={ .elems = { 0 } },
    ._required_inputs={ .elems={ 255, 0 } },
    .anon_pad$11=0 }

State 27 file /Users/user/NVIDIA-OpenSMA/src/nv/emulation/pca9555.cpp line 307 column 5 function update_interrupts thread 0
----------------------------------------------------
  *return_value$_at$5 = { ._active_register=0, ._active_bank=0, ._new_command=1, .interrupt_low_vector={ .elems={ 255, 255 } },
    .state_at_last_interrupt_check=0,
    ._gpio_pin_state={ .elems={ 0, 255 } }, ._gpio_output={ .elems={ 255, 255 } },
    ._gpio_inversion_enable={ .elems = { 0 } },
    ._gpio_direction_config={ .elems={ 255, 255 } },
    ._required_outputs={ .elems = { 0 } },
    ._required_inputs={ .elems={ 255, 0 } },
    .anon_pad$11=0 }

State 28 file /Users/user/NVIDIA-OpenSMA/src/nv/emulation/pca9555.cpp line 310 column 5 function update_interrupts thread 0
----------------------------------------------------
  *return_value$_at$7 = { ._active_register=0, ._active_bank=0, ._new_command=1, .interrupt_low_vector=0,
    .state_at_last_interrupt_check={ .elems={ 0, 1 } }, ._gpio_pin_state={ .elems={ 0, 255 } },
    ._gpio_output={ .elems={ 255, 255 } },
    ._gpio_inversion_enable={ .elems = { 0 } },
    ._gpio_direction_config={ .elems={ 255, 255 } },
    ._required_outputs={ .elems = { 0 } },
    ._required_inputs={ .elems={ 255, 0 } },
    .anon_pad$11=0 }

State 29 file /Users/user/NVIDIA-OpenSMA/src/nv/emulation/pca9555.cpp line 307 column 5 function update_interrupts thread 0
----------------------------------------------------
  *return_value$_at$5 = { ._active_register=0, ._active_bank=0, ._new_command=1, .interrupt_low_vector={ .elems={ 0, 255 } },
    .state_at_last_interrupt_check=255,
    ._gpio_pin_state={ .elems={ 0, 255 } }, ._gpio_output={ .elems={ 255, 255 } },
    ._gpio_inversion_enable={ .elems = { 0 } },
    ._gpio_direction_config={ .elems={ 255, 255 } },
    ._required_outputs={ .elems = { 0 } },
    ._required_inputs={ .elems={ 255, 0 } },
    .anon_pad$11=0 }

State 30 file /Users/user/NVIDIA-OpenSMA/src/nv/emulation/pca9555.cpp line 310 column 5 function update_interrupts thread 0
----------------------------------------------------
  *return_value$_at$7 = { ._active_register=0, ._active_bank=0, ._new_command=1, .interrupt_low_vector=1,
    .state_at_last_interrupt_check={ .elems={ 0, 255 } }, ._gpio_pin_state={ .elems={ 0, 255 } },
    ._gpio_output={ .elems={ 255, 255 } },
    ._gpio_inversion_enable={ .elems = { 0 } },
    ._gpio_direction_config={ .elems={ 255, 255 } },
    ._required_outputs={ .elems = { 0 } },
    ._required_inputs={ .elems={ 255, 0 } },
    .anon_pad$11=0 }

State 31 file /Users/user/NVIDIA-OpenSMA/verification/harnesses/pca9555_harness.cpp line 64 column 5 function f_totality thread 0
----------------------------------------------------
  bank = 1 (00000000 00000000 00000000 00000001)

State 32 file /Users/user/NVIDIA-OpenSMA/src/nv/emulation/pca9555.cpp line 235 column 5 function update_input_pins thread 0
----------------------------------------------------
  *return_value$_at$3 = ( class nv::emulation::Pca9555 { unsigned int _active_register; unsigned int _active_bank; _Bool _new_command;  struct std::array<unsigned char, 2> { unsigned char [2] elems; }interrupt_low_vector;  struct std::array<unsigned char, 2> { unsigned char [2] elems; }state_at_last_interrupt_check;  struct std::array<unsigned char, 2> { unsigned char [2] elems; }_gpio_pin_state;  struct std::array<unsigned char, 2> { unsigned char [2] elems; }_gpio_output;  struct std::array<unsigned char, 2> { unsigned char [2] elems; }_gpio_inversion_enable;  struct std::array<unsigned char, 2> { unsigned char [2] elems; }_gpio_direction_config;  struct std::array<unsigned char, 2> { unsigned char [2] elems; }_required_outputs;  struct std::array<unsigned char, 2> { unsigned char [2] elems; }_required_inputs; unsigned _ExtInt(24) anon_pad$11; })(byte_update_little_endian((unsigned _ExtInt(224))({ ._active_register=0, ._active_bank=0, ._new_command=1, .interrupt_low_vector={ .elems={ 0, 1 } },
    .state_at_last_interrupt_check={ .elems={ 0, 255 } },
    ._gpio_pin_state={ .elems={ 0, 255 } },
    ._gpio_output={ .elems={ 255, 255 } },
    ._gpio_inversion_enable={ .elems = { 0 } },
    ._gpio_direction_config={ .elems={ 255, 255 } },
    ._required_outputs={ .elems = { 0 } },
    ._required_inputs={ .elems={ 255, 0 } },
    .anon_pad$11=0 }), 14, 0))

State 33 file /Users/user/NVIDIA-OpenSMA/src/nv/emulation/pca9555.cpp line 307 column 5 function update_interrupts thread 0
----------------------------------------------------
  *return_value$_at$5 = ( class nv::emulation::Pca9555 { unsigned int _active_register; unsigned int _active_bank; _Bool _new_command;  struct std::array<unsigned char, 2> { unsigned char [2] elems; }interrupt_low_vector;  struct std::array<unsigned char, 2> { unsigned char [2] elems; }state_at_last_interrupt_check;  struct std::array<unsigned char, 2> { unsigned char [2] elems; }_gpio_pin_state;  struct std::array<unsigned char, 2> { unsigned char [2] elems; }_gpio_output;  struct std::array<unsigned char, 2> { unsigned char [2] elems; }_gpio_inversion_enable;  struct std::array<unsigned char, 2> { unsigned char [2] elems; }_gpio_direction_config;  struct std::array<unsigned char, 2> { unsigned char [2] elems; }_required_outputs;  struct std::array<unsigned char, 2> { unsigned char [2] elems; }_required_inputs; unsigned _ExtInt(24) anon_pad$11; })(byte_update_little_endian((unsigned _ExtInt(224))({ ._active_register=0, ._active_bank=0, ._new_command=1, .interrupt_low_vector={ .elems={ 0, 1 } },
    .state_at_last_interrupt_check={ .elems={ 0, 255 } },
    ._gpio_pin_state={ .elems = { 0 } },
    ._gpio_output={ .elems={ 255, 255 } },
    ._gpio_inversion_enable={ .elems = { 0 } },
    ._gpio_direction_config={ .elems={ 255, 255 } },
    ._required_outputs={ .elems = { 0 } },
    ._required_inputs={ .elems={ 255, 0 } },
    .anon_pad$11=0 }), 12, byte_extract_little_endian((unsigned _ExtInt(224))({ ._active_register=0, ._active_bank=0, ._new_command=1, .interrupt_low_vector={ .elems={ 0, 1 } },
    .state_at_last_interrupt_check={ .elems={ 0, 255 } },
    ._gpio_pin_state={ .elems = { 0 } },
    ._gpio_output={ .elems={ 255, 255 } },
    ._gpio_inversion_enable={ .elems = { 0 } },
    ._gpio_direction_config={ .elems={ 255, 255 } },
    ._required_outputs={ .elems = { 0 } },
    ._required_inputs={ .elems={ 255, 0 } },
    .anon_pad$11=0 }), 14)))

State 34 file /Users/user/NVIDIA-OpenSMA/src/nv/emulation/pca9555.cpp line 310 column 5 function update_interrupts thread 0
----------------------------------------------------
  *return_value$_at$7 = ( class nv::emulation::Pca9555 { unsigned int _active_register; unsigned int _active_bank; _Bool _new_command;  struct std::array<unsigned char, 2> { unsigned char [2] elems; }interrupt_low_vector;  struct std::array<unsigned char, 2> { unsigned char [2] elems; }state_at_last_interrupt_check;  struct std::array<unsigned char, 2> { unsigned char [2] elems; }_gpio_pin_state;  struct std::array<unsigned char, 2> { unsigned char [2] elems; }_gpio_output;  struct std::array<unsigned char, 2> { unsigned char [2] elems; }_gpio_inversion_enable;  struct std::array<unsigned char, 2> { unsigned char [2] elems; }_gpio_direction_config;  struct std::array<unsigned char, 2> { unsigned char [2] elems; }_required_outputs;  struct std::array<unsigned char, 2> { unsigned char [2] elems; }_required_inputs; unsigned _ExtInt(24) anon_pad$11; })(byte_update_little_endian((unsigned _ExtInt(224))({ ._active_register=0, ._active_bank=0, ._new_command=1, .interrupt_low_vector={ .elems={ 0, 1 } },
    .state_at_last_interrupt_check={ .elems = { 0 } },
    ._gpio_pin_state={ .elems = { 0 } },
    ._gpio_output={ .elems={ 255, 255 } },
    ._gpio_inversion_enable={ .elems = { 0 } },
    ._gpio_direction_config={ .elems={ 255, 255 } },
    ._required_outputs={ .elems = { 0 } },
    ._required_inputs={ .elems={ 255, 0 } },
    .anon_pad$11=0 }), 10, 254))

State 35 file /Users/user/NVIDIA-OpenSMA/src/nv/emulation/pca9555.cpp line 259 column 12 function get_interrupt_l_state thread 0
----------------------------------------------------
Violated property:
  file /Users/user/NVIDIA-OpenSMA/src/nv/emulation/pca9555.cpp line 259 column 12 function get_interrupt_l_state
  (signed int)(*return_value$_at$1) != (signed int)InterruptVectorDefault
  (signed int)(*return_value$_at$1) == (signed int)InterruptVectorDefault

Slicing time: 0.003s (removed 79 assignments)
No solver specified; defaulting to bitwuzla
Solving claim '((signed int)pin_mask::1 & (signed int)((unsigned char)(~(signed int)direction_vector))) != 0 at file /Users/user/NVIDIA-OpenSMA/src/nv/emulation/pca9555.cpp line 217 column 5 function update_input_pins' with solver Bitwuzla 0.8.2
Encoding remaining VCC(s) using bit-vector/floating-point arithmetic
Encoding to solver time: 0.011s
Solving with solver Bitwuzla 0.8.2
Runtime decision procedure: 0.004s
✗ FAILED: '((signed int)pin_mask::1 & (signed int)((unsigned char)(~(signed int)direction_vector))) != 0 at file /Users/user/NVIDIA-OpenSMA/src/nv/emulation/pca9555.cpp line 217 column 5 function update_input_pins'

[Counterexample]


State 1 file /Users/user/NVIDIA-OpenSMA/verification/harnesses/pca9555_harness.cpp line 43 column 5 function f_totality thread 0
----------------------------------------------------
  init = 0 (00000000 00000000)

State 2 file /Users/user/NVIDIA-OpenSMA/verification/harnesses/pca9555_harness.cpp line 44 column 5 function f_totality thread 0
----------------------------------------------------
  out_m = 1 (00000000 00000001)

State 3 file /Users/user/NVIDIA-OpenSMA/verification/harnesses/pca9555_harness.cpp line 45 column 5 function f_totality thread 0
----------------------------------------------------
  in_m = 0 (00000000 00000000)

State 4 file /Users/user/NVIDIA-OpenSMA/verification/harnesses/pca9555_harness.cpp line 46 column 5 function f_totality thread 0
----------------------------------------------------
  dev = { ._active_register=0, ._active_bank=0, ._new_command=1, .interrupt_low_vector={ .elems={ 255, 255 } },
    .state_at_last_interrupt_check={ .elems = { 0 } },
    ._gpio_pin_state={ .elems = { 0 } },
    ._gpio_output={ .elems={ 255, 255 } },
    ._gpio_inversion_enable={ .elems = { 0 } },
    ._gpio_direction_config={ .elems={ 254, 255 } },
    ._required_outputs={ .elems={ 1, 0 } },
    ._required_inputs={ .elems = { 0 } },
    .anon_pad$11=0 }

State 5 file /Users/user/NVIDIA-OpenSMA/src/nv/emulation/pca9555.cpp line 80 column 5 function i2c_read thread 0
----------------------------------------------------
  this->_new_command = { ._active_register=0, ._active_bank=0, ._new_command=0, .interrupt_low_vector={ .elems={ 255, 255 } },
    .state_at_last_interrupt_check={ .elems = { 0 } },
    ._gpio_pin_state={ .elems = { 0 } },
    ._gpio_output={ .elems={ 255, 255 } },
    ._gpio_inversion_enable={ .elems = { 0 } },
    ._gpio_direction_config={ .elems={ 254, 255 } },
    ._required_outputs={ .elems={ 1, 0 } },
    ._required_inputs={ .elems = { 0 } },
    .anon_pad$11=0 }

State 6 file /Users/user/NVIDIA-OpenSMA/src/nv/emulation/pca9555.cpp line 87 column 13 function i2c_read thread 0
----------------------------------------------------
  *return_value$_at$3 = ( class nv::emulation::Pca9555 { unsigned int _active_register; unsigned int _active_bank; _Bool _new_command;  struct std::array<unsigned char, 2> { unsigned char [2] elems; }interrupt_low_vector;  struct std::array<unsigned char, 2> { unsigned char [2] elems; }state_at_last_interrupt_check;  struct std::array<unsigned char, 2> { unsigned char [2] elems; }_gpio_pin_state;  struct std::array<unsigned char, 2> { unsigned char [2] elems; }_gpio_output;  struct std::array<unsigned char, 2> { unsigned char [2] elems; }_gpio_inversion_enable;  struct std::array<unsigned char, 2> { unsigned char [2] elems; }_gpio_direction_config;  struct std::array<unsigned char, 2> { unsigned char [2] elems; }_required_outputs;  struct std::array<unsigned char, 2> { unsigned char [2] elems; }_required_inputs; unsigned _ExtInt(24) anon_pad$11; })(byte_update_little_endian((unsigned _ExtInt(224))({ ._active_register=0, ._active_bank=0, ._new_command=0, .interrupt_low_vector={ .elems={ 255, 255 } },
    .state_at_last_interrupt_check={ .elems = { 0 } },
    ._gpio_pin_state={ .elems = { 0 } },
    ._gpio_output={ .elems={ 255, 255 } },
    ._gpio_inversion_enable={ .elems = { 0 } },
    ._gpio_direction_config={ .elems={ 254, 255 } },
    ._required_outputs={ .elems={ 1, 0 } },
    ._required_inputs={ .elems = { 0 } },
    .anon_pad$11=0 }), 9, 255))

State 7 file /Users/user/NVIDIA-OpenSMA/src/nv/emulation/pca9555.cpp line 338 column 5 function next_bank thread 0
----------------------------------------------------
  *bank::0 = { ._active_register=0, ._active_bank=1, ._new_command=0, .interrupt_low_vector={ .elems={ 255, 255 } },
    .state_at_last_interrupt_check={ .elems = { 0 } },
    ._gpio_pin_state={ .elems = { 0 } },
    ._gpio_output={ .elems={ 255, 255 } },
    ._gpio_inversion_enable={ .elems = { 0 } },
    ._gpio_direction_config={ .elems={ 254, 255 } },
    ._required_outputs={ .elems={ 1, 0 } },
    ._required_inputs={ .elems = { 0 } },
    .anon_pad$11=0 }

State 8 file /Users/user/NVIDIA-OpenSMA/src/nv/emulation/pca9555.cpp line 80 column 5 function i2c_read thread 0
----------------------------------------------------
  this->_new_command = { ._active_register=0, ._active_bank=1, ._new_command=0, .interrupt_low_vector={ .elems={ 255, 255 } },
    .state_at_last_interrupt_check={ .elems = { 0 } },
    ._gpio_pin_state={ .elems = { 0 } },
    ._gpio_output={ .elems={ 255, 255 } },
    ._gpio_inversion_enable={ .elems = { 0 } },
    ._gpio_direction_config={ .elems={ 254, 255 } },
    ._required_outputs={ .elems={ 1, 0 } },
    ._required_inputs={ .elems = { 0 } },
    .anon_pad$11=0 }

State 9 file /Users/user/NVIDIA-OpenSMA/src/nv/emulation/pca9555.cpp line 87 column 13 function i2c_read thread 0
----------------------------------------------------
  *return_value$_at$3 = ( class nv::emulation::Pca9555 { unsigned int _active_register; unsigned int _active_bank; _Bool _new_command;  struct std::array<unsigned char, 2> { unsigned char [2] elems; }interrupt_low_vector;  struct std::array<unsigned char, 2> { unsigned char [2] elems; }state_at_last_interrupt_check;  struct std::array<unsigned char, 2> { unsigned char [2] elems; }_gpio_pin_state;  struct std::array<unsigned char, 2> { unsigned char [2] elems; }_gpio_output;  struct std::array<unsigned char, 2> { unsigned char [2] elems; }_gpio_inversion_enable;  struct std::array<unsigned char, 2> { unsigned char [2] elems; }_gpio_direction_config;  struct std::array<unsigned char, 2> { unsigned char [2] elems; }_required_outputs;  struct std::array<unsigned char, 2> { unsigned char [2] elems; }_required_inputs; unsigned _ExtInt(24) anon_pad$11; })(byte_update_little_endian((unsigned _ExtInt(224))({ ._active_register=0, ._active_bank=1, ._new_command=0, .interrupt_low_vector={ .elems={ 255, 255 } },
    .state_at_last_interrupt_check={ .elems = { 0 } },
    ._gpio_pin_state={ .elems = { 0 } },
    ._gpio_output={ .elems={ 255, 255 } },
    ._gpio_inversion_enable={ .elems = { 0 } },
    ._gpio_direction_config={ .elems={ 254, 255 } },
    ._required_outputs={ .elems={ 1, 0 } },
    ._required_inputs={ .elems = { 0 } },
    .anon_pad$11=0 }), 10, 255))

State 10 file /Users/user/NVIDIA-OpenSMA/src/nv/emulation/pca9555.cpp line 338 column 5 function next_bank thread 0
----------------------------------------------------
  *bank::0 = { ._active_register=0, ._active_bank=0, ._new_command=0, .interrupt_low_vector={ .elems={ 255, 255 } },
    .state_at_last_interrupt_check={ .elems = { 0 } },
    ._gpio_pin_state={ .elems = { 0 } },
    ._gpio_output={ .elems={ 255, 255 } },
    ._gpio_inversion_enable={ .elems = { 0 } },
    ._gpio_direction_config={ .elems={ 254, 255 } },
    ._required_outputs={ .elems={ 1, 0 } },
    ._required_inputs={ .elems = { 0 } },
    .anon_pad$11=0 }

State 11 file /Users/user/NVIDIA-OpenSMA/verification/harnesses/pca9555_harness.cpp line 55 column 14 function f_totality thread 0
----------------------------------------------------
  *return_value$_operator[]$5 = { .elems={ nondet_symbol(symex::nondet27), 0, 0, 0, 0, 0, 0, 0, 0, 0, 0, 0, 0, 0, 0, 0, 0, 0, 0, 0, 0, 0, 0, 0, 0, 0, 0, 0, 0, 0, 0, 0, 0, 0, 0 } }

State 12 file /Users/user/NVIDIA-OpenSMA/verification/harnesses/pca9555_harness.cpp line 56 column 14 function f_totality thread 0
----------------------------------------------------
  *return_value$_operator[]$6 = { .elems = 0 }

State 15 file /Users/user/NVIDIA-OpenSMA/src/nv/emulation/pca9555.cpp line 128 column 9 function i2c_write thread 0
----------------------------------------------------
  this->_new_command = { ._active_register=0, ._active_bank=0, ._new_command=1, .interrupt_low_vector={ .elems={ 255, 255 } },
    .state_at_last_interrupt_check={ .elems = { 0 } },
    ._gpio_pin_state={ .elems = { 0 } },
    ._gpio_output={ .elems={ 255, 255 } },
    ._gpio_inversion_enable={ .elems = { 0 } },
    ._gpio_direction_config={ .elems={ 254, 255 } },
    ._required_outputs={ .elems={ 1, 0 } },
    ._required_inputs={ .elems = { 0 } },
    .anon_pad$11=0 }

State 16 file /Users/user/NVIDIA-OpenSMA/src/nv/emulation/pca9555.cpp line 129 column 9 function i2c_write thread 0
----------------------------------------------------
  this->_active_register = { ._active_register=0, ._active_bank=0, ._new_command=1, .interrupt_low_vector={ .elems={ 255, 255 } },
    .state_at_last_interrupt_check={ .elems = { 0 } },
    ._gpio_pin_state={ .elems = { 0 } },
    ._gpio_output={ .elems={ 255, 255 } },
    ._gpio_inversion_enable={ .elems = { 0 } },
    ._gpio_direction_config={ .elems={ 254, 255 } },
    ._required_outputs={ .elems={ 1, 0 } },
    ._required_inputs={ .elems = { 0 } },
    .anon_pad$11=0 }

State 17 file /Users/user/NVIDIA-OpenSMA/src/nv/emulation/pca9555.cpp line 130 column 9 function i2c_write thread 0
----------------------------------------------------
  this->_active_bank = { ._active_register=0, ._active_bank=0, ._new_command=1, .interrupt_low_vector={ .elems={ 255, 255 } },
    .state_at_last_interrupt_check={ .elems = { 0 } },
    ._gpio_pin_state={ .elems = { 0 } },
    ._gpio_output={ .elems={ 255, 255 } },
    ._gpio_inversion_enable={ .elems = { 0 } },
    ._gpio_direction_config={ .elems={ 254, 255 } },
    ._required_outputs={ .elems={ 1, 0 } },
    ._required_inputs={ .elems = { 0 } },
    .anon_pad$11=0 }

State 21 file /Users/user/NVIDIA-OpenSMA/src/nv/emulation/pca9555.cpp line 182 column 5 function update_input_pins thread 0
----------------------------------------------------
  direction_vector = 65534 (11111111 11111110)

State 22 file /Users/user/NVIDIA-OpenSMA/src/nv/emulation/pca9555.cpp line 192 column 5 function update_input_pins thread 0
----------------------------------------------------
  pin_mask::1 = 0 (00000000 00000000)

State 23 file /Users/user/NVIDIA-OpenSMA/src/nv/emulation/pca9555.cpp line 198 column 5 function update_input_pins thread 0
----------------------------------------------------
  OldPinValues = 0 (00000000 00000000)

State 24 file /Users/user/NVIDIA-OpenSMA/src/nv/emulation/pca9555.cpp line 201 column 5 function update_input_pins thread 0
----------------------------------------------------
  NewPinValues = 0 (00000000 00000000)

State 25 file /Users/user/NVIDIA-OpenSMA/src/nv/emulation/pca9555.cpp line 207 column 5 function update_input_pins thread 0
----------------------------------------------------
  *return_value$_at$5 = { ._active_register=0, ._active_bank=0, ._new_command=1, .interrupt_low_vector={ .elems={ 255, 255 } },
    .state_at_last_interrupt_check={ .elems = { 0 } },
    ._gpio_pin_state=0,
    ._gpio_output={ .elems={ 255, 255 } }, ._gpio_inversion_enable={ .elems = { 0 } },
    ._gpio_direction_config={ .elems={ 254, 255 } },
    ._required_outputs={ .elems={ 1, 0 } },
    ._required_inputs={ .elems = { 0 } },
    .anon_pad$11=0 }

State 26 file /Users/user/NVIDIA-OpenSMA/src/nv/emulation/pca9555.cpp line 209 column 5 function update_input_pins thread 0
----------------------------------------------------
  *return_value$_at$6 = { ._active_register=0, ._active_bank=0, ._new_command=1, .interrupt_low_vector={ .elems={ 255, 255 } },
    .state_at_last_interrupt_check={ .elems = { 0 } },
    ._gpio_pin_state=0,
    ._gpio_output={ .elems={ 255, 255 } }, ._gpio_inversion_enable={ .elems = { 0 } },
    ._gpio_direction_config={ .elems={ 254, 255 } },
    ._required_outputs={ .elems={ 1, 0 } },
    ._required_inputs={ .elems = { 0 } },
    .anon_pad$11=0 }

State 27 file /Users/user/NVIDIA-OpenSMA/src/nv/emulation/pca9555.cpp line 307 column 5 function update_interrupts thread 0
----------------------------------------------------
  *return_value$_at$5 = { ._active_register=0, ._active_bank=0, ._new_command=1, .interrupt_low_vector={ .elems={ 255, 255 } },
    .state_at_last_interrupt_check=0,
    ._gpio_pin_state={ .elems = { 0 } }, ._gpio_output={ .elems={ 255, 255 } },
    ._gpio_inversion_enable={ .elems = { 0 } },
    ._gpio_direction_config={ .elems={ 254, 255 } },
    ._required_outputs={ .elems={ 1, 0 } },
    ._required_inputs={ .elems = { 0 } },
    .anon_pad$11=0 }

State 28 file /Users/user/NVIDIA-OpenSMA/src/nv/emulation/pca9555.cpp line 310 column 5 function update_interrupts thread 0
----------------------------------------------------
  *return_value$_at$7 = { ._active_register=0, ._active_bank=0, ._new_command=1, .interrupt_low_vector=255,
    .state_at_last_interrupt_check={ .elems = { 0 } }, ._gpio_pin_state={ .elems = { 0 } },
    ._gpio_output={ .elems={ 255, 255 } },
    ._gpio_inversion_enable={ .elems = { 0 } },
    ._gpio_direction_config={ .elems={ 254, 255 } },
    ._required_outputs={ .elems={ 1, 0 } },
    ._required_inputs={ .elems = { 0 } },
    .anon_pad$11=0 }

State 29 file /Users/user/NVIDIA-OpenSMA/src/nv/emulation/pca9555.cpp line 307 column 5 function update_interrupts thread 0
----------------------------------------------------
  *return_value$_at$5 = { ._active_register=0, ._active_bank=0, ._new_command=1, .interrupt_low_vector={ .elems={ 255, 255 } },
    .state_at_last_interrupt_check=0,
    ._gpio_pin_state={ .elems = { 0 } }, ._gpio_output={ .elems={ 255, 255 } },
    ._gpio_inversion_enable={ .elems = { 0 } },
    ._gpio_direction_config={ .elems={ 254, 255 } },
    ._required_outputs={ .elems={ 1, 0 } },
    ._required_inputs={ .elems = { 0 } },
    .anon_pad$11=0 }

State 30 file /Users/user/NVIDIA-OpenSMA/src/nv/emulation/pca9555.cpp line 310 column 5 function update_interrupts thread 0
----------------------------------------------------
  *return_value$_at$7 = { ._active_register=0, ._active_bank=0, ._new_command=1, .interrupt_low_vector=255,
    .state_at_last_interrupt_check={ .elems = { 0 } }, ._gpio_pin_state={ .elems = { 0 } },
    ._gpio_output={ .elems={ 255, 255 } },
    ._gpio_inversion_enable={ .elems = { 0 } },
    ._gpio_direction_config={ .elems={ 254, 255 } },
    ._required_outputs={ .elems={ 1, 0 } },
    ._required_inputs={ .elems = { 0 } },
    .anon_pad$11=0 }

State 31 file /Users/user/NVIDIA-OpenSMA/verification/harnesses/pca9555_harness.cpp line 64 column 5 function f_totality thread 0
----------------------------------------------------
  bank = 0 (00000000 00000000 00000000 00000000)

State 32 file /Users/user/NVIDIA-OpenSMA/src/nv/emulation/pca9555.cpp line 217 column 5 function update_input_pins thread 0
----------------------------------------------------
Violated property:
  file /Users/user/NVIDIA-OpenSMA/src/nv/emulation/pca9555.cpp line 217 column 5 function update_input_pins
  ((signed int)pin_mask::1 & (signed int)((unsigned char)(~(signed int)direction_vector))) != 0
  ((signed int)pin_mask::1 & (signed int)((unsigned char)(~(signed int)direction_vector))) == 0

Slicing time: 0.002s (removed 79 assignments)
No solver specified; defaulting to bitwuzla
Solving claim '((signed int)pin_mask::1 & (signed int)((unsigned char)(~(signed int)direction_vector))) == 0 at file /Users/user/NVIDIA-OpenSMA/src/nv/emulation/pca9555.cpp line 217 column 5 function update_input_pins' with solver Bitwuzla 0.8.2
Encoding remaining VCC(s) using bit-vector/floating-point arithmetic
Encoding to solver time: 0.010s
Solving with solver Bitwuzla 0.8.2
Runtime decision procedure: 0.004s
✗ FAILED: '((signed int)pin_mask::1 & (signed int)((unsigned char)(~(signed int)direction_vector))) == 0 at file /Users/user/NVIDIA-OpenSMA/src/nv/emulation/pca9555.cpp line 217 column 5 function update_input_pins'

[Counterexample]


State 1 file /Users/user/NVIDIA-OpenSMA/verification/harnesses/pca9555_harness.cpp line 43 column 5 function f_totality thread 0
----------------------------------------------------
  init = 0 (00000000 00000000)

State 2 file /Users/user/NVIDIA-OpenSMA/verification/harnesses/pca9555_harness.cpp line 44 column 5 function f_totality thread 0
----------------------------------------------------
  out_m = 0 (00000000 00000000)

State 3 file /Users/user/NVIDIA-OpenSMA/verification/harnesses/pca9555_harness.cpp line 45 column 5 function f_totality thread 0
----------------------------------------------------
  in_m = 0 (00000000 00000000)

State 4 file /Users/user/NVIDIA-OpenSMA/verification/harnesses/pca9555_harness.cpp line 46 column 5 function f_totality thread 0
----------------------------------------------------
  dev = { ._active_register=0, ._active_bank=0, ._new_command=1, .interrupt_low_vector={ .elems={ 255, 255 } },
    .state_at_last_interrupt_check={ .elems = { 0 } },
    ._gpio_pin_state={ .elems = { 0 } },
    ._gpio_output={ .elems={ 255, 255 } },
    ._gpio_inversion_enable={ .elems = { 0 } },
    ._gpio_direction_config={ .elems={ 255, 255 } },
    ._required_outputs={ .elems = { 0 } },
    ._required_inputs={ .elems = { 0 } },
    .anon_pad$11=0 }

State 5 file /Users/user/NVIDIA-OpenSMA/src/nv/emulation/pca9555.cpp line 80 column 5 function i2c_read thread 0
----------------------------------------------------
  this->_new_command = { ._active_register=0, ._active_bank=0, ._new_command=0, .interrupt_low_vector={ .elems={ 255, 255 } },
    .state_at_last_interrupt_check={ .elems = { 0 } },
    ._gpio_pin_state={ .elems = { 0 } },
    ._gpio_output={ .elems={ 255, 255 } },
    ._gpio_inversion_enable={ .elems = { 0 } },
    ._gpio_direction_config={ .elems={ 255, 255 } },
    ._required_outputs={ .elems = { 0 } },
    ._required_inputs={ .elems = { 0 } },
    .anon_pad$11=0 }

State 6 file /Users/user/NVIDIA-OpenSMA/src/nv/emulation/pca9555.cpp line 87 column 13 function i2c_read thread 0
----------------------------------------------------
  *return_value$_at$3 = ( class nv::emulation::Pca9555 { unsigned int _active_register; unsigned int _active_bank; _Bool _new_command;  struct std::array<unsigned char, 2> { unsigned char [2] elems; }interrupt_low_vector;  struct std::array<unsigned char, 2> { unsigned char [2] elems; }state_at_last_interrupt_check;  struct std::array<unsigned char, 2> { unsigned char [2] elems; }_gpio_pin_state;  struct std::array<unsigned char, 2> { unsigned char [2] elems; }_gpio_output;  struct std::array<unsigned char, 2> { unsigned char [2] elems; }_gpio_inversion_enable;  struct std::array<unsigned char, 2> { unsigned char [2] elems; }_gpio_direction_config;  struct std::array<unsigned char, 2> { unsigned char [2] elems; }_required_outputs;  struct std::array<unsigned char, 2> { unsigned char [2] elems; }_required_inputs; unsigned _ExtInt(24) anon_pad$11; })(byte_update_little_endian((unsigned _ExtInt(224))({ ._active_register=0, ._active_bank=0, ._new_command=0, .interrupt_low_vector={ .elems={ 255, 255 } },
    .state_at_last_interrupt_check={ .elems = { 0 } },
    ._gpio_pin_state={ .elems = { 0 } },
    ._gpio_output={ .elems={ 255, 255 } },
    ._gpio_inversion_enable={ .elems = { 0 } },
    ._gpio_direction_config={ .elems={ 255, 255 } },
    ._required_outputs={ .elems = { 0 } },
    ._required_inputs={ .elems = { 0 } },
    .anon_pad$11=0 }), 9, 255))

State 7 file /Users/user/NVIDIA-OpenSMA/src/nv/emulation/pca9555.cpp line 338 column 5 function next_bank thread 0
----------------------------------------------------
  *bank::0 = { ._active_register=0, ._active_bank=1, ._new_command=0, .interrupt_low_vector={ .elems={ 255, 255 } },
    .state_at_last_interrupt_check={ .elems = { 0 } },
    ._gpio_pin_state={ .elems = { 0 } },
    ._gpio_output={ .elems={ 255, 255 } },
    ._gpio_inversion_enable={ .elems = { 0 } },
    ._gpio_direction_config={ .elems={ 255, 255 } },
    ._required_outputs={ .elems = { 0 } },
    ._required_inputs={ .elems = { 0 } },
    .anon_pad$11=0 }

State 8 file /Users/user/NVIDIA-OpenSMA/src/nv/emulation/pca9555.cpp line 80 column 5 function i2c_read thread 0
----------------------------------------------------
  this->_new_command = { ._active_register=0, ._active_bank=1, ._new_command=0, .interrupt_low_vector={ .elems={ 255, 255 } },
    .state_at_last_interrupt_check={ .elems = { 0 } },
    ._gpio_pin_state={ .elems = { 0 } },
    ._gpio_output={ .elems={ 255, 255 } },
    ._gpio_inversion_enable={ .elems = { 0 } },
    ._gpio_direction_config={ .elems={ 255, 255 } },
    ._required_outputs={ .elems = { 0 } },
    ._required_inputs={ .elems = { 0 } },
    .anon_pad$11=0 }

State 9 file /Users/user/NVIDIA-OpenSMA/src/nv/emulation/pca9555.cpp line 87 column 13 function i2c_read thread 0
----------------------------------------------------
  *return_value$_at$3 = ( class nv::emulation::Pca9555 { unsigned int _active_register; unsigned int _active_bank; _Bool _new_command;  struct std::array<unsigned char, 2> { unsigned char [2] elems; }interrupt_low_vector;  struct std::array<unsigned char, 2> { unsigned char [2] elems; }state_at_last_interrupt_check;  struct std::array<unsigned char, 2> { unsigned char [2] elems; }_gpio_pin_state;  struct std::array<unsigned char, 2> { unsigned char [2] elems; }_gpio_output;  struct std::array<unsigned char, 2> { unsigned char [2] elems; }_gpio_inversion_enable;  struct std::array<unsigned char, 2> { unsigned char [2] elems; }_gpio_direction_config;  struct std::array<unsigned char, 2> { unsigned char [2] elems; }_required_outputs;  struct std::array<unsigned char, 2> { unsigned char [2] elems; }_required_inputs; unsigned _ExtInt(24) anon_pad$11; })(byte_update_little_endian((unsigned _ExtInt(224))({ ._active_register=0, ._active_bank=1, ._new_command=0, .interrupt_low_vector={ .elems={ 255, 255 } },
    .state_at_last_interrupt_check={ .elems = { 0 } },
    ._gpio_pin_state={ .elems = { 0 } },
    ._gpio_output={ .elems={ 255, 255 } },
    ._gpio_inversion_enable={ .elems = { 0 } },
    ._gpio_direction_config={ .elems={ 255, 255 } },
    ._required_outputs={ .elems = { 0 } },
    ._required_inputs={ .elems = { 0 } },
    .anon_pad$11=0 }), 10, 255))

State 10 file /Users/user/NVIDIA-OpenSMA/src/nv/emulation/pca9555.cpp line 338 column 5 function next_bank thread 0
----------------------------------------------------
  *bank::0 = { ._active_register=0, ._active_bank=0, ._new_command=0, .interrupt_low_vector={ .elems={ 255, 255 } },
    .state_at_last_interrupt_check={ .elems = { 0 } },
    ._gpio_pin_state={ .elems = { 0 } },
    ._gpio_output={ .elems={ 255, 255 } },
    ._gpio_inversion_enable={ .elems = { 0 } },
    ._gpio_direction_config={ .elems={ 255, 255 } },
    ._required_outputs={ .elems = { 0 } },
    ._required_inputs={ .elems = { 0 } },
    .anon_pad$11=0 }

State 11 file /Users/user/NVIDIA-OpenSMA/verification/harnesses/pca9555_harness.cpp line 55 column 14 function f_totality thread 0
----------------------------------------------------
  *return_value$_operator[]$5 = { .elems={ nondet_symbol(symex::nondet27), 0, 0, 0, 0, 0, 0, 0, 0, 0, 0, 0, 0, 0, 0, 0, 0, 0, 0, 0, 0, 0, 0, 0, 0, 0, 0, 0, 0, 0, 0, 0, 0, 0, 0 } }

State 12 file /Users/user/NVIDIA-OpenSMA/verification/harnesses/pca9555_harness.cpp line 56 column 14 function f_totality thread 0
----------------------------------------------------
  *return_value$_operator[]$6 = { .elems = 0 }

State 15 file /Users/user/NVIDIA-OpenSMA/src/nv/emulation/pca9555.cpp line 128 column 9 function i2c_write thread 0
----------------------------------------------------
  this->_new_command = { ._active_register=0, ._active_bank=0, ._new_command=1, .interrupt_low_vector={ .elems={ 255, 255 } },
    .state_at_last_interrupt_check={ .elems = { 0 } },
    ._gpio_pin_state={ .elems = { 0 } },
    ._gpio_output={ .elems={ 255, 255 } },
    ._gpio_inversion_enable={ .elems = { 0 } },
    ._gpio_direction_config={ .elems={ 255, 255 } },
    ._required_outputs={ .elems = { 0 } },
    ._required_inputs={ .elems = { 0 } },
    .anon_pad$11=0 }

State 16 file /Users/user/NVIDIA-OpenSMA/src/nv/emulation/pca9555.cpp line 129 column 9 function i2c_write thread 0
----------------------------------------------------
  this->_active_register = { ._active_register=0, ._active_bank=0, ._new_command=1, .interrupt_low_vector={ .elems={ 255, 255 } },
    .state_at_last_interrupt_check={ .elems = { 0 } },
    ._gpio_pin_state={ .elems = { 0 } },
    ._gpio_output={ .elems={ 255, 255 } },
    ._gpio_inversion_enable={ .elems = { 0 } },
    ._gpio_direction_config={ .elems={ 255, 255 } },
    ._required_outputs={ .elems = { 0 } },
    ._required_inputs={ .elems = { 0 } },
    .anon_pad$11=0 }

State 17 file /Users/user/NVIDIA-OpenSMA/src/nv/emulation/pca9555.cpp line 130 column 9 function i2c_write thread 0
----------------------------------------------------
  this->_active_bank = { ._active_register=0, ._active_bank=0, ._new_command=1, .interrupt_low_vector={ .elems={ 255, 255 } },
    .state_at_last_interrupt_check={ .elems = { 0 } },
    ._gpio_pin_state={ .elems = { 0 } },
    ._gpio_output={ .elems={ 255, 255 } },
    ._gpio_inversion_enable={ .elems = { 0 } },
    ._gpio_direction_config={ .elems={ 255, 255 } },
    ._required_outputs={ .elems = { 0 } },
    ._required_inputs={ .elems = { 0 } },
    .anon_pad$11=0 }

State 21 file /Users/user/NVIDIA-OpenSMA/src/nv/emulation/pca9555.cpp line 182 column 5 function update_input_pins thread 0
----------------------------------------------------
  direction_vector = 65535 (11111111 11111111)

State 22 file /Users/user/NVIDIA-OpenSMA/src/nv/emulation/pca9555.cpp line 192 column 5 function update_input_pins thread 0
----------------------------------------------------
  pin_mask::1 = 0 (00000000 00000000)

State 23 file /Users/user/NVIDIA-OpenSMA/src/nv/emulation/pca9555.cpp line 198 column 5 function update_input_pins thread 0
----------------------------------------------------
  OldPinValues = 0 (00000000 00000000)

State 24 file /Users/user/NVIDIA-OpenSMA/src/nv/emulation/pca9555.cpp line 201 column 5 function update_input_pins thread 0
----------------------------------------------------
  NewPinValues = 0 (00000000 00000000)

State 25 file /Users/user/NVIDIA-OpenSMA/src/nv/emulation/pca9555.cpp line 207 column 5 function update_input_pins thread 0
----------------------------------------------------
  *return_value$_at$5 = { ._active_register=0, ._active_bank=0, ._new_command=1, .interrupt_low_vector={ .elems={ 255, 255 } },
    .state_at_last_interrupt_check={ .elems = { 0 } },
    ._gpio_pin_state=0,
    ._gpio_output={ .elems={ 255, 255 } }, ._gpio_inversion_enable={ .elems = { 0 } },
    ._gpio_direction_config={ .elems={ 255, 255 } },
    ._required_outputs={ .elems = { 0 } },
    ._required_inputs={ .elems = { 0 } },
    .anon_pad$11=0 }

State 26 file /Users/user/NVIDIA-OpenSMA/src/nv/emulation/pca9555.cpp line 209 column 5 function update_input_pins thread 0
----------------------------------------------------
  *return_value$_at$6 = { ._active_register=0, ._active_bank=0, ._new_command=1, .interrupt_low_vector={ .elems={ 255, 255 } },
    .state_at_last_interrupt_check={ .elems = { 0 } },
    ._gpio_pin_state=0,
    ._gpio_output={ .elems={ 255, 255 } }, ._gpio_inversion_enable={ .elems = { 0 } },
    ._gpio_direction_config={ .elems={ 255, 255 } },
    ._required_outputs={ .elems = { 0 } },
    ._required_inputs={ .elems = { 0 } },
    .anon_pad$11=0 }

State 27 file /Users/user/NVIDIA-OpenSMA/src/nv/emulation/pca9555.cpp line 307 column 5 function update_interrupts thread 0
----------------------------------------------------
  *return_value$_at$5 = { ._active_register=0, ._active_bank=0, ._new_command=1, .interrupt_low_vector={ .elems={ 255, 255 } },
    .state_at_last_interrupt_check=0,
    ._gpio_pin_state={ .elems = { 0 } }, ._gpio_output={ .elems={ 255, 255 } },
    ._gpio_inversion_enable={ .elems = { 0 } },
    ._gpio_direction_config={ .elems={ 255, 255 } },
    ._required_outputs={ .elems = { 0 } },
    ._required_inputs={ .elems = { 0 } },
    .anon_pad$11=0 }

State 28 file /Users/user/NVIDIA-OpenSMA/src/nv/emulation/pca9555.cpp line 310 column 5 function update_interrupts thread 0
----------------------------------------------------
  *return_value$_at$7 = { ._active_register=0, ._active_bank=0, ._new_command=1, .interrupt_low_vector=255,
    .state_at_last_interrupt_check={ .elems = { 0 } }, ._gpio_pin_state={ .elems = { 0 } },
    ._gpio_output={ .elems={ 255, 255 } },
    ._gpio_inversion_enable={ .elems = { 0 } },
    ._gpio_direction_config={ .elems={ 255, 255 } },
    ._required_outputs={ .elems = { 0 } },
    ._required_inputs={ .elems = { 0 } },
    .anon_pad$11=0 }

State 29 file /Users/user/NVIDIA-OpenSMA/src/nv/emulation/pca9555.cpp line 307 column 5 function update_interrupts thread 0
----------------------------------------------------
  *return_value$_at$5 = { ._active_register=0, ._active_bank=0, ._new_command=1, .interrupt_low_vector={ .elems={ 255, 255 } },
    .state_at_last_interrupt_check=0,
    ._gpio_pin_state={ .elems = { 0 } }, ._gpio_output={ .elems={ 255, 255 } },
    ._gpio_inversion_enable={ .elems = { 0 } },
    ._gpio_direction_config={ .elems={ 255, 255 } },
    ._required_outputs={ .elems = { 0 } },
    ._required_inputs={ .elems = { 0 } },
    .anon_pad$11=0 }

State 30 file /Users/user/NVIDIA-OpenSMA/src/nv/emulation/pca9555.cpp line 310 column 5 function update_interrupts thread 0
----------------------------------------------------
  *return_value$_at$7 = { ._active_register=0, ._active_bank=0, ._new_command=1, .interrupt_low_vector=255,
    .state_at_last_interrupt_check={ .elems = { 0 } }, ._gpio_pin_state={ .elems = { 0 } },
    ._gpio_output={ .elems={ 255, 255 } },
    ._gpio_inversion_enable={ .elems = { 0 } },
    ._gpio_direction_config={ .elems={ 255, 255 } },
    ._required_outputs={ .elems = { 0 } },
    ._required_inputs={ .elems = { 0 } },
    .anon_pad$11=0 }

State 31 file /Users/user/NVIDIA-OpenSMA/verification/harnesses/pca9555_harness.cpp line 64 column 5 function f_totality thread 0
----------------------------------------------------
  bank = 0 (00000000 00000000 00000000 00000000)

State 32 file /Users/user/NVIDIA-OpenSMA/src/nv/emulation/pca9555.cpp line 217 column 5 function update_input_pins thread 0
----------------------------------------------------
Violated property:
  file /Users/user/NVIDIA-OpenSMA/src/nv/emulation/pca9555.cpp line 217 column 5 function update_input_pins
  ((signed int)pin_mask::1 & (signed int)((unsigned char)(~(signed int)direction_vector))) == 0
  ((signed int)pin_mask::1 & (signed int)((unsigned char)(~(signed int)direction_vector))) != 0

Slicing time: 0.003s (removed 112 assignments)
No solver specified; defaulting to bitwuzla
Solving claim '((signed int)pin_mask::1 & (signed int)((unsigned short int)(~(signed int)direction_vector))) != 0 at file /Users/user/NVIDIA-OpenSMA/src/nv/emulation/pca9555.cpp line 184 column 5 function update_input_pins' with solver Bitwuzla 0.8.2
Encoding remaining VCC(s) using bit-vector/floating-point arithmetic
Encoding to solver time: 0.009s
Solving with solver Bitwuzla 0.8.2
Runtime decision procedure: 0.003s
✗ FAILED: '((signed int)pin_mask::1 & (signed int)((unsigned short int)(~(signed int)direction_vector))) != 0 at file /Users/user/NVIDIA-OpenSMA/src/nv/emulation/pca9555.cpp line 184 column 5 function update_input_pins'

[Counterexample]


State 1 file /Users/user/NVIDIA-OpenSMA/verification/harnesses/pca9555_harness.cpp line 43 column 5 function f_totality thread 0
----------------------------------------------------
  init = 0 (00000000 00000000)

State 2 file /Users/user/NVIDIA-OpenSMA/verification/harnesses/pca9555_harness.cpp line 44 column 5 function f_totality thread 0
----------------------------------------------------
  out_m = 1 (00000000 00000001)

State 3 file /Users/user/NVIDIA-OpenSMA/verification/harnesses/pca9555_harness.cpp line 45 column 5 function f_totality thread 0
----------------------------------------------------
  in_m = 0 (00000000 00000000)

State 4 file /Users/user/NVIDIA-OpenSMA/verification/harnesses/pca9555_harness.cpp line 46 column 5 function f_totality thread 0
----------------------------------------------------
  dev = { ._active_register=0, ._active_bank=0, ._new_command=1, .interrupt_low_vector={ .elems={ 255, 255 } },
    .state_at_last_interrupt_check={ .elems = { 0 } },
    ._gpio_pin_state={ .elems = { 0 } },
    ._gpio_output={ .elems={ 255, 255 } },
    ._gpio_inversion_enable={ .elems = { 0 } },
    ._gpio_direction_config={ .elems={ 254, 255 } },
    ._required_outputs={ .elems={ 1, 0 } },
    ._required_inputs={ .elems = { 0 } },
    .anon_pad$11=0 }

State 5 file /Users/user/NVIDIA-OpenSMA/src/nv/emulation/pca9555.cpp line 80 column 5 function i2c_read thread 0
----------------------------------------------------
  this->_new_command = { ._active_register=0, ._active_bank=0, ._new_command=0, .interrupt_low_vector={ .elems={ 255, 255 } },
    .state_at_last_interrupt_check={ .elems = { 0 } },
    ._gpio_pin_state={ .elems = { 0 } },
    ._gpio_output={ .elems={ 255, 255 } },
    ._gpio_inversion_enable={ .elems = { 0 } },
    ._gpio_direction_config={ .elems={ 254, 255 } },
    ._required_outputs={ .elems={ 1, 0 } },
    ._required_inputs={ .elems = { 0 } },
    .anon_pad$11=0 }

State 6 file /Users/user/NVIDIA-OpenSMA/src/nv/emulation/pca9555.cpp line 87 column 13 function i2c_read thread 0
----------------------------------------------------
  *return_value$_at$3 = ( class nv::emulation::Pca9555 { unsigned int _active_register; unsigned int _active_bank; _Bool _new_command;  struct std::array<unsigned char, 2> { unsigned char [2] elems; }interrupt_low_vector;  struct std::array<unsigned char, 2> { unsigned char [2] elems; }state_at_last_interrupt_check;  struct std::array<unsigned char, 2> { unsigned char [2] elems; }_gpio_pin_state;  struct std::array<unsigned char, 2> { unsigned char [2] elems; }_gpio_output;  struct std::array<unsigned char, 2> { unsigned char [2] elems; }_gpio_inversion_enable;  struct std::array<unsigned char, 2> { unsigned char [2] elems; }_gpio_direction_config;  struct std::array<unsigned char, 2> { unsigned char [2] elems; }_required_outputs;  struct std::array<unsigned char, 2> { unsigned char [2] elems; }_required_inputs; unsigned _ExtInt(24) anon_pad$11; })(byte_update_little_endian((unsigned _ExtInt(224))({ ._active_register=0, ._active_bank=0, ._new_command=0, .interrupt_low_vector={ .elems={ 255, 255 } },
    .state_at_last_interrupt_check={ .elems = { 0 } },
    ._gpio_pin_state={ .elems = { 0 } },
    ._gpio_output={ .elems={ 255, 255 } },
    ._gpio_inversion_enable={ .elems = { 0 } },
    ._gpio_direction_config={ .elems={ 254, 255 } },
    ._required_outputs={ .elems={ 1, 0 } },
    ._required_inputs={ .elems = { 0 } },
    .anon_pad$11=0 }), 9, 255))

State 7 file /Users/user/NVIDIA-OpenSMA/src/nv/emulation/pca9555.cpp line 338 column 5 function next_bank thread 0
----------------------------------------------------
  *bank::0 = { ._active_register=0, ._active_bank=1, ._new_command=0, .interrupt_low_vector={ .elems={ 255, 255 } },
    .state_at_last_interrupt_check={ .elems = { 0 } },
    ._gpio_pin_state={ .elems = { 0 } },
    ._gpio_output={ .elems={ 255, 255 } },
    ._gpio_inversion_enable={ .elems = { 0 } },
    ._gpio_direction_config={ .elems={ 254, 255 } },
    ._required_outputs={ .elems={ 1, 0 } },
    ._required_inputs={ .elems = { 0 } },
    .anon_pad$11=0 }

State 8 file /Users/user/NVIDIA-OpenSMA/src/nv/emulation/pca9555.cpp line 80 column 5 function i2c_read thread 0
----------------------------------------------------
  this->_new_command = { ._active_register=0, ._active_bank=1, ._new_command=0, .interrupt_low_vector={ .elems={ 255, 255 } },
    .state_at_last_interrupt_check={ .elems = { 0 } },
    ._gpio_pin_state={ .elems = { 0 } },
    ._gpio_output={ .elems={ 255, 255 } },
    ._gpio_inversion_enable={ .elems = { 0 } },
    ._gpio_direction_config={ .elems={ 254, 255 } },
    ._required_outputs={ .elems={ 1, 0 } },
    ._required_inputs={ .elems = { 0 } },
    .anon_pad$11=0 }

State 9 file /Users/user/NVIDIA-OpenSMA/src/nv/emulation/pca9555.cpp line 87 column 13 function i2c_read thread 0
----------------------------------------------------
  *return_value$_at$3 = ( class nv::emulation::Pca9555 { unsigned int _active_register; unsigned int _active_bank; _Bool _new_command;  struct std::array<unsigned char, 2> { unsigned char [2] elems; }interrupt_low_vector;  struct std::array<unsigned char, 2> { unsigned char [2] elems; }state_at_last_interrupt_check;  struct std::array<unsigned char, 2> { unsigned char [2] elems; }_gpio_pin_state;  struct std::array<unsigned char, 2> { unsigned char [2] elems; }_gpio_output;  struct std::array<unsigned char, 2> { unsigned char [2] elems; }_gpio_inversion_enable;  struct std::array<unsigned char, 2> { unsigned char [2] elems; }_gpio_direction_config;  struct std::array<unsigned char, 2> { unsigned char [2] elems; }_required_outputs;  struct std::array<unsigned char, 2> { unsigned char [2] elems; }_required_inputs; unsigned _ExtInt(24) anon_pad$11; })(byte_update_little_endian((unsigned _ExtInt(224))({ ._active_register=0, ._active_bank=1, ._new_command=0, .interrupt_low_vector={ .elems={ 255, 255 } },
    .state_at_last_interrupt_check={ .elems = { 0 } },
    ._gpio_pin_state={ .elems = { 0 } },
    ._gpio_output={ .elems={ 255, 255 } },
    ._gpio_inversion_enable={ .elems = { 0 } },
    ._gpio_direction_config={ .elems={ 254, 255 } },
    ._required_outputs={ .elems={ 1, 0 } },
    ._required_inputs={ .elems = { 0 } },
    .anon_pad$11=0 }), 10, 255))

State 10 file /Users/user/NVIDIA-OpenSMA/src/nv/emulation/pca9555.cpp line 338 column 5 function next_bank thread 0
----------------------------------------------------
  *bank::0 = { ._active_register=0, ._active_bank=0, ._new_command=0, .interrupt_low_vector={ .elems={ 255, 255 } },
    .state_at_last_interrupt_check={ .elems = { 0 } },
    ._gpio_pin_state={ .elems = { 0 } },
    ._gpio_output={ .elems={ 255, 255 } },
    ._gpio_inversion_enable={ .elems = { 0 } },
    ._gpio_direction_config={ .elems={ 254, 255 } },
    ._required_outputs={ .elems={ 1, 0 } },
    ._required_inputs={ .elems = { 0 } },
    .anon_pad$11=0 }

State 11 file /Users/user/NVIDIA-OpenSMA/verification/harnesses/pca9555_harness.cpp line 55 column 14 function f_totality thread 0
----------------------------------------------------
  *return_value$_operator[]$5 = { .elems={ nondet_symbol(symex::nondet27), 0, 0, 0, 0, 0, 0, 0, 0, 0, 0, 0, 0, 0, 0, 0, 0, 0, 0, 0, 0, 0, 0, 0, 0, 0, 0, 0, 0, 0, 0, 0, 0, 0, 0 } }

State 12 file /Users/user/NVIDIA-OpenSMA/verification/harnesses/pca9555_harness.cpp line 56 column 14 function f_totality thread 0
----------------------------------------------------
  *return_value$_operator[]$6 = { .elems = 0 }

State 15 file /Users/user/NVIDIA-OpenSMA/src/nv/emulation/pca9555.cpp line 128 column 9 function i2c_write thread 0
----------------------------------------------------
  this->_new_command = { ._active_register=0, ._active_bank=0, ._new_command=1, .interrupt_low_vector={ .elems={ 255, 255 } },
    .state_at_last_interrupt_check={ .elems = { 0 } },
    ._gpio_pin_state={ .elems = { 0 } },
    ._gpio_output={ .elems={ 255, 255 } },
    ._gpio_inversion_enable={ .elems = { 0 } },
    ._gpio_direction_config={ .elems={ 254, 255 } },
    ._required_outputs={ .elems={ 1, 0 } },
    ._required_inputs={ .elems = { 0 } },
    .anon_pad$11=0 }

State 16 file /Users/user/NVIDIA-OpenSMA/src/nv/emulation/pca9555.cpp line 129 column 9 function i2c_write thread 0
----------------------------------------------------
  this->_active_register = { ._active_register=0, ._active_bank=0, ._new_command=1, .interrupt_low_vector={ .elems={ 255, 255 } },
    .state_at_last_interrupt_check={ .elems = { 0 } },
    ._gpio_pin_state={ .elems = { 0 } },
    ._gpio_output={ .elems={ 255, 255 } },
    ._gpio_inversion_enable={ .elems = { 0 } },
    ._gpio_direction_config={ .elems={ 254, 255 } },
    ._required_outputs={ .elems={ 1, 0 } },
    ._required_inputs={ .elems = { 0 } },
    .anon_pad$11=0 }

State 17 file /Users/user/NVIDIA-OpenSMA/src/nv/emulation/pca9555.cpp line 130 column 9 function i2c_write thread 0
----------------------------------------------------
  this->_active_bank = { ._active_register=0, ._active_bank=0, ._new_command=1, .interrupt_low_vector={ .elems={ 255, 255 } },
    .state_at_last_interrupt_check={ .elems = { 0 } },
    ._gpio_pin_state={ .elems = { 0 } },
    ._gpio_output={ .elems={ 255, 255 } },
    ._gpio_inversion_enable={ .elems = { 0 } },
    ._gpio_direction_config={ .elems={ 254, 255 } },
    ._required_outputs={ .elems={ 1, 0 } },
    ._required_inputs={ .elems = { 0 } },
    .anon_pad$11=0 }

State 21 file /Users/user/NVIDIA-OpenSMA/src/nv/emulation/pca9555.cpp line 182 column 5 function update_input_pins thread 0
----------------------------------------------------
  direction_vector = 65534 (11111111 11111110)

State 22 file /Users/user/NVIDIA-OpenSMA/src/nv/emulation/pca9555.cpp line 184 column 5 function update_input_pins thread 0
----------------------------------------------------
Violated property:
  file /Users/user/NVIDIA-OpenSMA/src/nv/emulation/pca9555.cpp line 184 column 5 function update_input_pins
  ((signed int)pin_mask::1 & (signed int)((unsigned short int)(~(signed int)direction_vector))) != 0
  ((signed int)pin_mask::1 & (signed int)((unsigned short int)(~(signed int)direction_vector))) == 0

Slicing time: 0.002s (removed 112 assignments)
No solver specified; defaulting to bitwuzla
Solving claim '((signed int)pin_mask::1 & (signed int)((unsigned short int)(~(signed int)direction_vector))) == 0 at file /Users/user/NVIDIA-OpenSMA/src/nv/emulation/pca9555.cpp line 184 column 5 function update_input_pins' with solver Bitwuzla 0.8.2
Encoding remaining VCC(s) using bit-vector/floating-point arithmetic
Encoding to solver time: 0.009s
Solving with solver Bitwuzla 0.8.2
Runtime decision procedure: 0.002s
✗ FAILED: '((signed int)pin_mask::1 & (signed int)((unsigned short int)(~(signed int)direction_vector))) == 0 at file /Users/user/NVIDIA-OpenSMA/src/nv/emulation/pca9555.cpp line 184 column 5 function update_input_pins'

[Counterexample]


State 1 file /Users/user/NVIDIA-OpenSMA/verification/harnesses/pca9555_harness.cpp line 43 column 5 function f_totality thread 0
----------------------------------------------------
  init = 0 (00000000 00000000)

State 2 file /Users/user/NVIDIA-OpenSMA/verification/harnesses/pca9555_harness.cpp line 44 column 5 function f_totality thread 0
----------------------------------------------------
  out_m = 0 (00000000 00000000)

State 3 file /Users/user/NVIDIA-OpenSMA/verification/harnesses/pca9555_harness.cpp line 45 column 5 function f_totality thread 0
----------------------------------------------------
  in_m = 0 (00000000 00000000)

State 4 file /Users/user/NVIDIA-OpenSMA/verification/harnesses/pca9555_harness.cpp line 46 column 5 function f_totality thread 0
----------------------------------------------------
  dev = { ._active_register=0, ._active_bank=0, ._new_command=1, .interrupt_low_vector={ .elems={ 255, 255 } },
    .state_at_last_interrupt_check={ .elems = { 0 } },
    ._gpio_pin_state={ .elems = { 0 } },
    ._gpio_output={ .elems={ 255, 255 } },
    ._gpio_inversion_enable={ .elems = { 0 } },
    ._gpio_direction_config={ .elems={ 255, 255 } },
    ._required_outputs={ .elems = { 0 } },
    ._required_inputs={ .elems = { 0 } },
    .anon_pad$11=0 }

State 5 file /Users/user/NVIDIA-OpenSMA/src/nv/emulation/pca9555.cpp line 80 column 5 function i2c_read thread 0
----------------------------------------------------
  this->_new_command = { ._active_register=0, ._active_bank=0, ._new_command=0, .interrupt_low_vector={ .elems={ 255, 255 } },
    .state_at_last_interrupt_check={ .elems = { 0 } },
    ._gpio_pin_state={ .elems = { 0 } },
    ._gpio_output={ .elems={ 255, 255 } },
    ._gpio_inversion_enable={ .elems = { 0 } },
    ._gpio_direction_config={ .elems={ 255, 255 } },
    ._required_outputs={ .elems = { 0 } },
    ._required_inputs={ .elems = { 0 } },
    .anon_pad$11=0 }

State 6 file /Users/user/NVIDIA-OpenSMA/src/nv/emulation/pca9555.cpp line 87 column 13 function i2c_read thread 0
----------------------------------------------------
  *return_value$_at$3 = ( class nv::emulation::Pca9555 { unsigned int _active_register; unsigned int _active_bank; _Bool _new_command;  struct std::array<unsigned char, 2> { unsigned char [2] elems; }interrupt_low_vector;  struct std::array<unsigned char, 2> { unsigned char [2] elems; }state_at_last_interrupt_check;  struct std::array<unsigned char, 2> { unsigned char [2] elems; }_gpio_pin_state;  struct std::array<unsigned char, 2> { unsigned char [2] elems; }_gpio_output;  struct std::array<unsigned char, 2> { unsigned char [2] elems; }_gpio_inversion_enable;  struct std::array<unsigned char, 2> { unsigned char [2] elems; }_gpio_direction_config;  struct std::array<unsigned char, 2> { unsigned char [2] elems; }_required_outputs;  struct std::array<unsigned char, 2> { unsigned char [2] elems; }_required_inputs; unsigned _ExtInt(24) anon_pad$11; })(byte_update_little_endian((unsigned _ExtInt(224))({ ._active_register=0, ._active_bank=0, ._new_command=0, .interrupt_low_vector={ .elems={ 255, 255 } },
    .state_at_last_interrupt_check={ .elems = { 0 } },
    ._gpio_pin_state={ .elems = { 0 } },
    ._gpio_output={ .elems={ 255, 255 } },
    ._gpio_inversion_enable={ .elems = { 0 } },
    ._gpio_direction_config={ .elems={ 255, 255 } },
    ._required_outputs={ .elems = { 0 } },
    ._required_inputs={ .elems = { 0 } },
    .anon_pad$11=0 }), 9, 255))

State 7 file /Users/user/NVIDIA-OpenSMA/src/nv/emulation/pca9555.cpp line 338 column 5 function next_bank thread 0
----------------------------------------------------
  *bank::0 = { ._active_register=0, ._active_bank=1, ._new_command=0, .interrupt_low_vector={ .elems={ 255, 255 } },
    .state_at_last_interrupt_check={ .elems = { 0 } },
    ._gpio_pin_state={ .elems = { 0 } },
    ._gpio_output={ .elems={ 255, 255 } },
    ._gpio_inversion_enable={ .elems = { 0 } },
    ._gpio_direction_config={ .elems={ 255, 255 } },
    ._required_outputs={ .elems = { 0 } },
    ._required_inputs={ .elems = { 0 } },
    .anon_pad$11=0 }

State 8 file /Users/user/NVIDIA-OpenSMA/src/nv/emulation/pca9555.cpp line 80 column 5 function i2c_read thread 0
----------------------------------------------------
  this->_new_command = { ._active_register=0, ._active_bank=1, ._new_command=0, .interrupt_low_vector={ .elems={ 255, 255 } },
    .state_at_last_interrupt_check={ .elems = { 0 } },
    ._gpio_pin_state={ .elems = { 0 } },
    ._gpio_output={ .elems={ 255, 255 } },
    ._gpio_inversion_enable={ .elems = { 0 } },
    ._gpio_direction_config={ .elems={ 255, 255 } },
    ._required_outputs={ .elems = { 0 } },
    ._required_inputs={ .elems = { 0 } },
    .anon_pad$11=0 }

State 9 file /Users/user/NVIDIA-OpenSMA/src/nv/emulation/pca9555.cpp line 87 column 13 function i2c_read thread 0
----------------------------------------------------
  *return_value$_at$3 = ( class nv::emulation::Pca9555 { unsigned int _active_register; unsigned int _active_bank; _Bool _new_command;  struct std::array<unsigned char, 2> { unsigned char [2] elems; }interrupt_low_vector;  struct std::array<unsigned char, 2> { unsigned char [2] elems; }state_at_last_interrupt_check;  struct std::array<unsigned char, 2> { unsigned char [2] elems; }_gpio_pin_state;  struct std::array<unsigned char, 2> { unsigned char [2] elems; }_gpio_output;  struct std::array<unsigned char, 2> { unsigned char [2] elems; }_gpio_inversion_enable;  struct std::array<unsigned char, 2> { unsigned char [2] elems; }_gpio_direction_config;  struct std::array<unsigned char, 2> { unsigned char [2] elems; }_required_outputs;  struct std::array<unsigned char, 2> { unsigned char [2] elems; }_required_inputs; unsigned _ExtInt(24) anon_pad$11; })(byte_update_little_endian((unsigned _ExtInt(224))({ ._active_register=0, ._active_bank=1, ._new_command=0, .interrupt_low_vector={ .elems={ 255, 255 } },
    .state_at_last_interrupt_check={ .elems = { 0 } },
    ._gpio_pin_state={ .elems = { 0 } },
    ._gpio_output={ .elems={ 255, 255 } },
    ._gpio_inversion_enable={ .elems = { 0 } },
    ._gpio_direction_config={ .elems={ 255, 255 } },
    ._required_outputs={ .elems = { 0 } },
    ._required_inputs={ .elems = { 0 } },
    .anon_pad$11=0 }), 10, 255))

State 10 file /Users/user/NVIDIA-OpenSMA/src/nv/emulation/pca9555.cpp line 338 column 5 function next_bank thread 0
----------------------------------------------------
  *bank::0 = { ._active_register=0, ._active_bank=0, ._new_command=0, .interrupt_low_vector={ .elems={ 255, 255 } },
    .state_at_last_interrupt_check={ .elems = { 0 } },
    ._gpio_pin_state={ .elems = { 0 } },
    ._gpio_output={ .elems={ 255, 255 } },
    ._gpio_inversion_enable={ .elems = { 0 } },
    ._gpio_direction_config={ .elems={ 255, 255 } },
    ._required_outputs={ .elems = { 0 } },
    ._required_inputs={ .elems = { 0 } },
    .anon_pad$11=0 }

State 11 file /Users/user/NVIDIA-OpenSMA/verification/harnesses/pca9555_harness.cpp line 55 column 14 function f_totality thread 0
----------------------------------------------------
  *return_value$_operator[]$5 = { .elems={ nondet_symbol(symex::nondet27), 0, 0, 0, 0, 0, 0, 0, 0, 0, 0, 0, 0, 0, 0, 0, 0, 0, 0, 0, 0, 0, 0, 0, 0, 0, 0, 0, 0, 0, 0, 0, 0, 0, 0 } }

State 12 file /Users/user/NVIDIA-OpenSMA/verification/harnesses/pca9555_harness.cpp line 56 column 14 function f_totality thread 0
----------------------------------------------------
  *return_value$_operator[]$6 = { .elems = 0 }

State 15 file /Users/user/NVIDIA-OpenSMA/src/nv/emulation/pca9555.cpp line 128 column 9 function i2c_write thread 0
----------------------------------------------------
  this->_new_command = { ._active_register=0, ._active_bank=0, ._new_command=1, .interrupt_low_vector={ .elems={ 255, 255 } },
    .state_at_last_interrupt_check={ .elems = { 0 } },
    ._gpio_pin_state={ .elems = { 0 } },
    ._gpio_output={ .elems={ 255, 255 } },
    ._gpio_inversion_enable={ .elems = { 0 } },
    ._gpio_direction_config={ .elems={ 255, 255 } },
    ._required_outputs={ .elems = { 0 } },
    ._required_inputs={ .elems = { 0 } },
    .anon_pad$11=0 }

State 16 file /Users/user/NVIDIA-OpenSMA/src/nv/emulation/pca9555.cpp line 129 column 9 function i2c_write thread 0
----------------------------------------------------
  this->_active_register = { ._active_register=0, ._active_bank=0, ._new_command=1, .interrupt_low_vector={ .elems={ 255, 255 } },
    .state_at_last_interrupt_check={ .elems = { 0 } },
    ._gpio_pin_state={ .elems = { 0 } },
    ._gpio_output={ .elems={ 255, 255 } },
    ._gpio_inversion_enable={ .elems = { 0 } },
    ._gpio_direction_config={ .elems={ 255, 255 } },
    ._required_outputs={ .elems = { 0 } },
    ._required_inputs={ .elems = { 0 } },
    .anon_pad$11=0 }

State 17 file /Users/user/NVIDIA-OpenSMA/src/nv/emulation/pca9555.cpp line 130 column 9 function i2c_write thread 0
----------------------------------------------------
  this->_active_bank = { ._active_register=0, ._active_bank=0, ._new_command=1, .interrupt_low_vector={ .elems={ 255, 255 } },
    .state_at_last_interrupt_check={ .elems = { 0 } },
    ._gpio_pin_state={ .elems = { 0 } },
    ._gpio_output={ .elems={ 255, 255 } },
    ._gpio_inversion_enable={ .elems = { 0 } },
    ._gpio_direction_config={ .elems={ 255, 255 } },
    ._required_outputs={ .elems = { 0 } },
    ._required_inputs={ .elems = { 0 } },
    .anon_pad$11=0 }

State 21 file /Users/user/NVIDIA-OpenSMA/src/nv/emulation/pca9555.cpp line 182 column 5 function update_input_pins thread 0
----------------------------------------------------
  direction_vector = 65535 (11111111 11111111)

State 22 file /Users/user/NVIDIA-OpenSMA/src/nv/emulation/pca9555.cpp line 184 column 5 function update_input_pins thread 0
----------------------------------------------------
Violated property:
  file /Users/user/NVIDIA-OpenSMA/src/nv/emulation/pca9555.cpp line 184 column 5 function update_input_pins
  ((signed int)pin_mask::1 & (signed int)((unsigned short int)(~(signed int)direction_vector))) == 0

Slicing time: 0.003s (removed 100 assignments)
No solver specified; defaulting to bitwuzla
Solving claim '(signed int)target_direction::0 != (signed int)(*return_value$_at$4) at file /Users/user/NVIDIA-OpenSMA/src/nv/emulation/pca9555.cpp line 323 column 5 function correct_direction_violations_and_apply' with solver Bitwuzla 0.8.2
Encoding remaining VCC(s) using bit-vector/floating-point arithmetic
Encoding to solver time: 0.011s
Solving with solver Bitwuzla 0.8.2
Runtime decision procedure: 0.004s
✗ FAILED: '(signed int)target_direction::0 != (signed int)(*return_value$_at$4) at file /Users/user/NVIDIA-OpenSMA/src/nv/emulation/pca9555.cpp line 323 column 5 function correct_direction_violations_and_apply'

[Counterexample]


State 1 file /Users/user/NVIDIA-OpenSMA/verification/harnesses/pca9555_harness.cpp line 43 column 5 function f_totality thread 0
----------------------------------------------------
  init = 0 (00000000 00000000)

State 2 file /Users/user/NVIDIA-OpenSMA/verification/harnesses/pca9555_harness.cpp line 44 column 5 function f_totality thread 0
----------------------------------------------------
  out_m = 65535 (11111111 11111111)

State 3 file /Users/user/NVIDIA-OpenSMA/verification/harnesses/pca9555_harness.cpp line 45 column 5 function f_totality thread 0
----------------------------------------------------
  in_m = 65535 (11111111 11111111)

State 4 file /Users/user/NVIDIA-OpenSMA/verification/harnesses/pca9555_harness.cpp line 46 column 5 function f_totality thread 0
----------------------------------------------------
  dev = { ._active_register=0, ._active_bank=0, ._new_command=1, .interrupt_low_vector={ .elems={ 255, 255 } },
    .state_at_last_interrupt_check={ .elems = { 0 } },
    ._gpio_pin_state={ .elems = { 0 } },
    ._gpio_output={ .elems={ 255, 255 } },
    ._gpio_inversion_enable={ .elems = { 0 } },
    ._gpio_direction_config={ .elems = { 0 } },
    ._required_outputs={ .elems={ 255, 255 } },
    ._required_inputs={ .elems={ 255, 255 } },
    .anon_pad$11=16777215 }

State 5 file /Users/user/NVIDIA-OpenSMA/src/nv/emulation/pca9555.cpp line 80 column 5 function i2c_read thread 0
----------------------------------------------------
  this->_new_command = { ._active_register=0, ._active_bank=0, ._new_command=0, .interrupt_low_vector={ .elems={ 255, 255 } },
    .state_at_last_interrupt_check={ .elems = { 0 } },
    ._gpio_pin_state={ .elems = { 0 } },
    ._gpio_output={ .elems={ 255, 255 } },
    ._gpio_inversion_enable={ .elems = { 0 } },
    ._gpio_direction_config={ .elems = { 0 } },
    ._required_outputs={ .elems={ 255, 255 } },
    ._required_inputs={ .elems={ 255, 255 } },
    .anon_pad$11=16777215 }

State 6 file /Users/user/NVIDIA-OpenSMA/src/nv/emulation/pca9555.cpp line 87 column 13 function i2c_read thread 0
----------------------------------------------------
  *return_value$_at$3 = ( class nv::emulation::Pca9555 { unsigned int _active_register; unsigned int _active_bank; _Bool _new_command;  struct std::array<unsigned char, 2> { unsigned char [2] elems; }interrupt_low_vector;  struct std::array<unsigned char, 2> { unsigned char [2] elems; }state_at_last_interrupt_check;  struct std::array<unsigned char, 2> { unsigned char [2] elems; }_gpio_pin_state;  struct std::array<unsigned char, 2> { unsigned char [2] elems; }_gpio_output;  struct std::array<unsigned char, 2> { unsigned char [2] elems; }_gpio_inversion_enable;  struct std::array<unsigned char, 2> { unsigned char [2] elems; }_gpio_direction_config;  struct std::array<unsigned char, 2> { unsigned char [2] elems; }_required_outputs;  struct std::array<unsigned char, 2> { unsigned char [2] elems; }_required_inputs; unsigned _ExtInt(24) anon_pad$11; })(byte_update_little_endian((unsigned _ExtInt(224))({ ._active_register=0, ._active_bank=0, ._new_command=0, .interrupt_low_vector={ .elems={ 255, 255 } },
    .state_at_last_interrupt_check={ .elems = { 0 } },
    ._gpio_pin_state={ .elems = { 0 } },
    ._gpio_output={ .elems={ 255, 255 } },
    ._gpio_inversion_enable={ .elems = { 0 } },
    ._gpio_direction_config={ .elems = { 0 } },
    ._required_outputs={ .elems={ 255, 255 } },
    ._required_inputs={ .elems={ 255, 255 } },
    .anon_pad$11=16777215 }), 9, 255))

State 7 file /Users/user/NVIDIA-OpenSMA/src/nv/emulation/pca9555.cpp line 338 column 5 function next_bank thread 0
----------------------------------------------------
  *bank::0 = { ._active_register=0, ._active_bank=1, ._new_command=0, .interrupt_low_vector={ .elems={ 255, 255 } },
    .state_at_last_interrupt_check={ .elems = { 0 } },
    ._gpio_pin_state={ .elems = { 0 } },
    ._gpio_output={ .elems={ 255, 255 } },
    ._gpio_inversion_enable={ .elems = { 0 } },
    ._gpio_direction_config={ .elems = { 0 } },
    ._required_outputs={ .elems={ 255, 255 } },
    ._required_inputs={ .elems={ 255, 255 } },
    .anon_pad$11=16777215 }

State 8 file /Users/user/NVIDIA-OpenSMA/src/nv/emulation/pca9555.cpp line 80 column 5 function i2c_read thread 0
----------------------------------------------------
  this->_new_command = { ._active_register=0, ._active_bank=1, ._new_command=0, .interrupt_low_vector={ .elems={ 255, 255 } },
    .state_at_last_interrupt_check={ .elems = { 0 } },
    ._gpio_pin_state={ .elems = { 0 } },
    ._gpio_output={ .elems={ 255, 255 } },
    ._gpio_inversion_enable={ .elems = { 0 } },
    ._gpio_direction_config={ .elems = { 0 } },
    ._required_outputs={ .elems={ 255, 255 } },
    ._required_inputs={ .elems={ 255, 255 } },
    .anon_pad$11=16777215 }

State 9 file /Users/user/NVIDIA-OpenSMA/src/nv/emulation/pca9555.cpp line 87 column 13 function i2c_read thread 0
----------------------------------------------------
  *return_value$_at$3 = ( class nv::emulation::Pca9555 { unsigned int _active_register; unsigned int _active_bank; _Bool _new_command;  struct std::array<unsigned char, 2> { unsigned char [2] elems; }interrupt_low_vector;  struct std::array<unsigned char, 2> { unsigned char [2] elems; }state_at_last_interrupt_check;  struct std::array<unsigned char, 2> { unsigned char [2] elems; }_gpio_pin_state;  struct std::array<unsigned char, 2> { unsigned char [2] elems; }_gpio_output;  struct std::array<unsigned char, 2> { unsigned char [2] elems; }_gpio_inversion_enable;  struct std::array<unsigned char, 2> { unsigned char [2] elems; }_gpio_direction_config;  struct std::array<unsigned char, 2> { unsigned char [2] elems; }_required_outputs;  struct std::array<unsigned char, 2> { unsigned char [2] elems; }_required_inputs; unsigned _ExtInt(24) anon_pad$11; })(byte_update_little_endian((unsigned _ExtInt(224))({ ._active_register=0, ._active_bank=1, ._new_command=0, .interrupt_low_vector={ .elems={ 255, 255 } },
    .state_at_last_interrupt_check={ .elems = { 0 } },
    ._gpio_pin_state={ .elems = { 0 } },
    ._gpio_output={ .elems={ 255, 255 } },
    ._gpio_inversion_enable={ .elems = { 0 } },
    ._gpio_direction_config={ .elems = { 0 } },
    ._required_outputs={ .elems={ 255, 255 } },
    ._required_inputs={ .elems={ 255, 255 } },
    .anon_pad$11=16777215 }), 10, 255))

State 10 file /Users/user/NVIDIA-OpenSMA/src/nv/emulation/pca9555.cpp line 338 column 5 function next_bank thread 0
----------------------------------------------------
  *bank::0 = { ._active_register=0, ._active_bank=0, ._new_command=0, .interrupt_low_vector={ .elems={ 255, 255 } },
    .state_at_last_interrupt_check={ .elems = { 0 } },
    ._gpio_pin_state={ .elems = { 0 } },
    ._gpio_output={ .elems={ 255, 255 } },
    ._gpio_inversion_enable={ .elems = { 0 } },
    ._gpio_direction_config={ .elems = { 0 } },
    ._required_outputs={ .elems={ 255, 255 } },
    ._required_inputs={ .elems={ 255, 255 } },
    .anon_pad$11=16777215 }

State 11 file /Users/user/NVIDIA-OpenSMA/verification/harnesses/pca9555_harness.cpp line 55 column 14 function f_totality thread 0
----------------------------------------------------
  *return_value$_operator[]$5 = { .elems={ nondet_symbol(symex::nondet27), 0, 0, 0, 0, 0, 0, 0, 0, 0, 0, 0, 0, 0, 0, 0, 0, 0, 0, 0, 0, 0, 0, 0, 0, 0, 0, 0, 0, 0, 0, 0, 0, 0, 0 } }

State 12 file /Users/user/NVIDIA-OpenSMA/verification/harnesses/pca9555_harness.cpp line 56 column 14 function f_totality thread 0
----------------------------------------------------
  *return_value$_operator[]$6 = { .elems=255 }

State 15 file /Users/user/NVIDIA-OpenSMA/src/nv/emulation/pca9555.cpp line 128 column 9 function i2c_write thread 0
----------------------------------------------------
  this->_new_command = { ._active_register=0, ._active_bank=0, ._new_command=1, .interrupt_low_vector={ .elems={ 255, 255 } },
    .state_at_last_interrupt_check={ .elems = { 0 } },
    ._gpio_pin_state={ .elems = { 0 } },
    ._gpio_output={ .elems={ 255, 255 } },
    ._gpio_inversion_enable={ .elems = { 0 } },
    ._gpio_direction_config={ .elems = { 0 } },
    ._required_outputs={ .elems={ 255, 255 } },
    ._required_inputs={ .elems={ 255, 255 } },
    .anon_pad$11=16777215 }

State 16 file /Users/user/NVIDIA-OpenSMA/src/nv/emulation/pca9555.cpp line 129 column 9 function i2c_write thread 0
----------------------------------------------------
  this->_active_register = { ._active_register=3, ._active_bank=0, ._new_command=1, .interrupt_low_vector={ .elems={ 255, 255 } },
    .state_at_last_interrupt_check={ .elems = { 0 } },
    ._gpio_pin_state={ .elems = { 0 } },
    ._gpio_output={ .elems={ 255, 255 } },
    ._gpio_inversion_enable={ .elems = { 0 } },
    ._gpio_direction_config={ .elems = { 0 } },
    ._required_outputs={ .elems={ 255, 255 } },
    ._required_inputs={ .elems={ 255, 255 } },
    .anon_pad$11=16777215 }

State 17 file /Users/user/NVIDIA-OpenSMA/src/nv/emulation/pca9555.cpp line 130 column 9 function i2c_write thread 0
----------------------------------------------------
  this->_active_bank = { ._active_register=3, ._active_bank=1, ._new_command=1, .interrupt_low_vector={ .elems={ 255, 255 } },
    .state_at_last_interrupt_check={ .elems = { 0 } },
    ._gpio_pin_state={ .elems = { 0 } },
    ._gpio_output={ .elems={ 255, 255 } },
    ._gpio_inversion_enable={ .elems = { 0 } },
    ._gpio_direction_config={ .elems = { 0 } },
    ._required_outputs={ .elems={ 255, 255 } },
    ._required_inputs={ .elems={ 255, 255 } },
    .anon_pad$11=16777215 }

State 20 file /Users/user/NVIDIA-OpenSMA/src/nv/emulation/pca9555.cpp line 319 column 5 function correct_direction_violations_and_apply thread 0
----------------------------------------------------
  *return_value$_at$1 = ( class nv::emulation::Pca9555 { unsigned int _active_register; unsigned int _active_bank; _Bool _new_command;  struct std::array<unsigned char, 2> { unsigned char [2] elems; }interrupt_low_vector;  struct std::array<unsigned char, 2> { unsigned char [2] elems; }state_at_last_interrupt_check;  struct std::array<unsigned char, 2> { unsigned char [2] elems; }_gpio_pin_state;  struct std::array<unsigned char, 2> { unsigned char [2] elems; }_gpio_output;  struct std::array<unsigned char, 2> { unsigned char [2] elems; }_gpio_inversion_enable;  struct std::array<unsigned char, 2> { unsigned char [2] elems; }_gpio_direction_config;  struct std::array<unsigned char, 2> { unsigned char [2] elems; }_required_outputs;  struct std::array<unsigned char, 2> { unsigned char [2] elems; }_required_inputs; unsigned _ExtInt(24) anon_pad$11; })(byte_update_little_endian((unsigned _ExtInt(224))({ ._active_register=3, ._active_bank=1, ._new_command=1, .interrupt_low_vector={ .elems={ 255, 255 } },
    .state_at_last_interrupt_check={ .elems = { 0 } },
    ._gpio_pin_state={ .elems = { 0 } },
    ._gpio_output={ .elems={ 255, 255 } },
    ._gpio_inversion_enable={ .elems = { 0 } },
    ._gpio_direction_config={ .elems = { 0 } },
    ._required_outputs={ .elems={ 255, 255 } },
    ._required_inputs={ .elems={ 255, 255 } },
    .anon_pad$11=16777215 }), 20, (unsigned char)(((signed int)((unsigned char)(255 | (signed int)(byte_extract_little_endian((unsigned _ExtInt(224))({ ._active_register=3, ._active_bank=1, ._new_command=1, .interrupt_low_vector={ .elems={ 255, 255 } },
    .state_at_last_interrupt_check={ .elems = { 0 } },
    ._gpio_pin_state={ .elems = { 0 } },
    ._gpio_output={ .elems={ 255, 255 } },
    ._gpio_inversion_enable={ .elems = { 0 } },
    ._gpio_direction_config={ .elems = { 0 } },
    ._required_outputs={ .elems={ 255, 255 } },
    ._required_inputs={ .elems={ 255, 255 } },
    .anon_pad$11=16777215 }), 24))))) & (signed int)((unsigned char)(~((signed int)(byte_extract_little_endian((unsigned _ExtInt(224))({ ._active_register=3, ._active_bank=1, ._new_command=1, .interrupt_low_vector={ .elems={ 255, 255 } },
    .state_at_last_interrupt_check={ .elems = { 0 } },
    ._gpio_pin_state={ .elems = { 0 } },
    ._gpio_output={ .elems={ 255, 255 } },
    ._gpio_inversion_enable={ .elems = { 0 } },
    ._gpio_direction_config={ .elems = { 0 } },
    ._required_outputs={ .elems={ 255, 255 } },
    ._required_inputs={ .elems={ 255, 255 } },
    .anon_pad$11=16777215 }), 22))))))))

State 21 file /Users/user/NVIDIA-OpenSMA/src/nv/emulation/pca9555.cpp line 323 column 5 function correct_direction_violations_and_apply thread 0
----------------------------------------------------
Violated property:
  file /Users/user/NVIDIA-OpenSMA/src/nv/emulation/pca9555.cpp line 323 column 5 function correct_direction_violations_and_apply
  (signed int)target_direction::0 != (signed int)(*return_value$_at$4)

Slicing time: 0.002s (removed 100 assignments)
No solver specified; defaulting to bitwuzla
Solving claim '(signed int)target_direction::0 == (signed int)(*return_value$_at$4) at file /Users/user/NVIDIA-OpenSMA/src/nv/emulation/pca9555.cpp line 323 column 5 function correct_direction_violations_and_apply' with solver Bitwuzla 0.8.2
Encoding remaining VCC(s) using bit-vector/floating-point arithmetic
Encoding to solver time: 0.012s
Solving with solver Bitwuzla 0.8.2
Runtime decision procedure: 0.004s
✗ FAILED: '(signed int)target_direction::0 == (signed int)(*return_value$_at$4) at file /Users/user/NVIDIA-OpenSMA/src/nv/emulation/pca9555.cpp line 323 column 5 function correct_direction_violations_and_apply'

[Counterexample]


State 1 file /Users/user/NVIDIA-OpenSMA/verification/harnesses/pca9555_harness.cpp line 43 column 5 function f_totality thread 0
----------------------------------------------------
  init = 0 (00000000 00000000)

State 2 file /Users/user/NVIDIA-OpenSMA/verification/harnesses/pca9555_harness.cpp line 44 column 5 function f_totality thread 0
----------------------------------------------------
  out_m = 65535 (11111111 11111111)

State 3 file /Users/user/NVIDIA-OpenSMA/verification/harnesses/pca9555_harness.cpp line 45 column 5 function f_totality thread 0
----------------------------------------------------
  in_m = 65535 (11111111 11111111)

State 4 file /Users/user/NVIDIA-OpenSMA/verification/harnesses/pca9555_harness.cpp line 46 column 5 function f_totality thread 0
----------------------------------------------------
  dev = { ._active_register=0, ._active_bank=0, ._new_command=1, .interrupt_low_vector={ .elems={ 255, 255 } },
    .state_at_last_interrupt_check={ .elems = { 0 } },
    ._gpio_pin_state={ .elems = { 0 } },
    ._gpio_output={ .elems={ 255, 255 } },
    ._gpio_inversion_enable={ .elems = { 0 } },
    ._gpio_direction_config={ .elems = { 0 } },
    ._required_outputs={ .elems={ 255, 255 } },
    ._required_inputs={ .elems={ 255, 255 } },
    .anon_pad$11=16777215 }

State 5 file /Users/user/NVIDIA-OpenSMA/src/nv/emulation/pca9555.cpp line 80 column 5 function i2c_read thread 0
----------------------------------------------------
  this->_new_command = { ._active_register=0, ._active_bank=0, ._new_command=0, .interrupt_low_vector={ .elems={ 255, 255 } },
    .state_at_last_interrupt_check={ .elems = { 0 } },
    ._gpio_pin_state={ .elems = { 0 } },
    ._gpio_output={ .elems={ 255, 255 } },
    ._gpio_inversion_enable={ .elems = { 0 } },
    ._gpio_direction_config={ .elems = { 0 } },
    ._required_outputs={ .elems={ 255, 255 } },
    ._required_inputs={ .elems={ 255, 255 } },
    .anon_pad$11=16777215 }

State 6 file /Users/user/NVIDIA-OpenSMA/src/nv/emulation/pca9555.cpp line 87 column 13 function i2c_read thread 0
----------------------------------------------------
  *return_value$_at$3 = ( class nv::emulation::Pca9555 { unsigned int _active_register; unsigned int _active_bank; _Bool _new_command;  struct std::array<unsigned char, 2> { unsigned char [2] elems; }interrupt_low_vector;  struct std::array<unsigned char, 2> { unsigned char [2] elems; }state_at_last_interrupt_check;  struct std::array<unsigned char, 2> { unsigned char [2] elems; }_gpio_pin_state;  struct std::array<unsigned char, 2> { unsigned char [2] elems; }_gpio_output;  struct std::array<unsigned char, 2> { unsigned char [2] elems; }_gpio_inversion_enable;  struct std::array<unsigned char, 2> { unsigned char [2] elems; }_gpio_direction_config;  struct std::array<unsigned char, 2> { unsigned char [2] elems; }_required_outputs;  struct std::array<unsigned char, 2> { unsigned char [2] elems; }_required_inputs; unsigned _ExtInt(24) anon_pad$11; })(byte_update_little_endian((unsigned _ExtInt(224))({ ._active_register=0, ._active_bank=0, ._new_command=0, .interrupt_low_vector={ .elems={ 255, 255 } },
    .state_at_last_interrupt_check={ .elems = { 0 } },
    ._gpio_pin_state={ .elems = { 0 } },
    ._gpio_output={ .elems={ 255, 255 } },
    ._gpio_inversion_enable={ .elems = { 0 } },
    ._gpio_direction_config={ .elems = { 0 } },
    ._required_outputs={ .elems={ 255, 255 } },
    ._required_inputs={ .elems={ 255, 255 } },
    .anon_pad$11=16777215 }), 9, 255))

State 7 file /Users/user/NVIDIA-OpenSMA/src/nv/emulation/pca9555.cpp line 338 column 5 function next_bank thread 0
----------------------------------------------------
  *bank::0 = { ._active_register=0, ._active_bank=1, ._new_command=0, .interrupt_low_vector={ .elems={ 255, 255 } },
    .state_at_last_interrupt_check={ .elems = { 0 } },
    ._gpio_pin_state={ .elems = { 0 } },
    ._gpio_output={ .elems={ 255, 255 } },
    ._gpio_inversion_enable={ .elems = { 0 } },
    ._gpio_direction_config={ .elems = { 0 } },
    ._required_outputs={ .elems={ 255, 255 } },
    ._required_inputs={ .elems={ 255, 255 } },
    .anon_pad$11=16777215 }

State 8 file /Users/user/NVIDIA-OpenSMA/src/nv/emulation/pca9555.cpp line 80 column 5 function i2c_read thread 0
----------------------------------------------------
  this->_new_command = { ._active_register=0, ._active_bank=1, ._new_command=0, .interrupt_low_vector={ .elems={ 255, 255 } },
    .state_at_last_interrupt_check={ .elems = { 0 } },
    ._gpio_pin_state={ .elems = { 0 } },
    ._gpio_output={ .elems={ 255, 255 } },
    ._gpio_inversion_enable={ .elems = { 0 } },
    ._gpio_direction_config={ .elems = { 0 } },
    ._required_outputs={ .elems={ 255, 255 } },
    ._required_inputs={ .elems={ 255, 255 } },
    .anon_pad$11=16777215 }

State 9 file /Users/user/NVIDIA-OpenSMA/src/nv/emulation/pca9555.cpp line 87 column 13 function i2c_read thread 0
----------------------------------------------------
  *return_value$_at$3 = ( class nv::emulation::Pca9555 { unsigned int _active_register; unsigned int _active_bank; _Bool _new_command;  struct std::array<unsigned char, 2> { unsigned char [2] elems; }interrupt_low_vector;  struct std::array<unsigned char, 2> { unsigned char [2] elems; }state_at_last_interrupt_check;  struct std::array<unsigned char, 2> { unsigned char [2] elems; }_gpio_pin_state;  struct std::array<unsigned char, 2> { unsigned char [2] elems; }_gpio_output;  struct std::array<unsigned char, 2> { unsigned char [2] elems; }_gpio_inversion_enable;  struct std::array<unsigned char, 2> { unsigned char [2] elems; }_gpio_direction_config;  struct std::array<unsigned char, 2> { unsigned char [2] elems; }_required_outputs;  struct std::array<unsigned char, 2> { unsigned char [2] elems; }_required_inputs; unsigned _ExtInt(24) anon_pad$11; })(byte_update_little_endian((unsigned _ExtInt(224))({ ._active_register=0, ._active_bank=1, ._new_command=0, .interrupt_low_vector={ .elems={ 255, 255 } },
    .state_at_last_interrupt_check={ .elems = { 0 } },
    ._gpio_pin_state={ .elems = { 0 } },
    ._gpio_output={ .elems={ 255, 255 } },
    ._gpio_inversion_enable={ .elems = { 0 } },
    ._gpio_direction_config={ .elems = { 0 } },
    ._required_outputs={ .elems={ 255, 255 } },
    ._required_inputs={ .elems={ 255, 255 } },
    .anon_pad$11=16777215 }), 10, 255))

State 10 file /Users/user/NVIDIA-OpenSMA/src/nv/emulation/pca9555.cpp line 338 column 5 function next_bank thread 0
----------------------------------------------------
  *bank::0 = { ._active_register=0, ._active_bank=0, ._new_command=0, .interrupt_low_vector={ .elems={ 255, 255 } },
    .state_at_last_interrupt_check={ .elems = { 0 } },
    ._gpio_pin_state={ .elems = { 0 } },
    ._gpio_output={ .elems={ 255, 255 } },
    ._gpio_inversion_enable={ .elems = { 0 } },
    ._gpio_direction_config={ .elems = { 0 } },
    ._required_outputs={ .elems={ 255, 255 } },
    ._required_inputs={ .elems={ 255, 255 } },
    .anon_pad$11=16777215 }

State 11 file /Users/user/NVIDIA-OpenSMA/verification/harnesses/pca9555_harness.cpp line 55 column 14 function f_totality thread 0
----------------------------------------------------
  *return_value$_operator[]$5 = { .elems={ nondet_symbol(symex::nondet27), 0, 0, 0, 0, 0, 0, 0, 0, 0, 0, 0, 0, 0, 0, 0, 0, 0, 0, 0, 0, 0, 0, 0, 0, 0, 0, 0, 0, 0, 0, 0, 0, 0, 0 } }

State 12 file /Users/user/NVIDIA-OpenSMA/verification/harnesses/pca9555_harness.cpp line 56 column 14 function f_totality thread 0
----------------------------------------------------
  *return_value$_operator[]$6 = { .elems = 0 }

State 15 file /Users/user/NVIDIA-OpenSMA/src/nv/emulation/pca9555.cpp line 128 column 9 function i2c_write thread 0
----------------------------------------------------
  this->_new_command = { ._active_register=0, ._active_bank=0, ._new_command=1, .interrupt_low_vector={ .elems={ 255, 255 } },
    .state_at_last_interrupt_check={ .elems = { 0 } },
    ._gpio_pin_state={ .elems = { 0 } },
    ._gpio_output={ .elems={ 255, 255 } },
    ._gpio_inversion_enable={ .elems = { 0 } },
    ._gpio_direction_config={ .elems = { 0 } },
    ._required_outputs={ .elems={ 255, 255 } },
    ._required_inputs={ .elems={ 255, 255 } },
    .anon_pad$11=16777215 }

State 16 file /Users/user/NVIDIA-OpenSMA/src/nv/emulation/pca9555.cpp line 129 column 9 function i2c_write thread 0
----------------------------------------------------
  this->_active_register = { ._active_register=3, ._active_bank=0, ._new_command=1, .interrupt_low_vector={ .elems={ 255, 255 } },
    .state_at_last_interrupt_check={ .elems = { 0 } },
    ._gpio_pin_state={ .elems = { 0 } },
    ._gpio_output={ .elems={ 255, 255 } },
    ._gpio_inversion_enable={ .elems = { 0 } },
    ._gpio_direction_config={ .elems = { 0 } },
    ._required_outputs={ .elems={ 255, 255 } },
    ._required_inputs={ .elems={ 255, 255 } },
    .anon_pad$11=16777215 }

State 17 file /Users/user/NVIDIA-OpenSMA/src/nv/emulation/pca9555.cpp line 130 column 9 function i2c_write thread 0
----------------------------------------------------
  this->_active_bank = { ._active_register=3, ._active_bank=1, ._new_command=1, .interrupt_low_vector={ .elems={ 255, 255 } },
    .state_at_last_interrupt_check={ .elems = { 0 } },
    ._gpio_pin_state={ .elems = { 0 } },
    ._gpio_output={ .elems={ 255, 255 } },
    ._gpio_inversion_enable={ .elems = { 0 } },
    ._gpio_direction_config={ .elems = { 0 } },
    ._required_outputs={ .elems={ 255, 255 } },
    ._required_inputs={ .elems={ 255, 255 } },
    .anon_pad$11=16777215 }

State 20 file /Users/user/NVIDIA-OpenSMA/src/nv/emulation/pca9555.cpp line 319 column 5 function correct_direction_violations_and_apply thread 0
----------------------------------------------------
  *return_value$_at$1 = ( class nv::emulation::Pca9555 { unsigned int _active_register; unsigned int _active_bank; _Bool _new_command;  struct std::array<unsigned char, 2> { unsigned char [2] elems; }interrupt_low_vector;  struct std::array<unsigned char, 2> { unsigned char [2] elems; }state_at_last_interrupt_check;  struct std::array<unsigned char, 2> { unsigned char [2] elems; }_gpio_pin_state;  struct std::array<unsigned char, 2> { unsigned char [2] elems; }_gpio_output;  struct std::array<unsigned char, 2> { unsigned char [2] elems; }_gpio_inversion_enable;  struct std::array<unsigned char, 2> { unsigned char [2] elems; }_gpio_direction_config;  struct std::array<unsigned char, 2> { unsigned char [2] elems; }_required_outputs;  struct std::array<unsigned char, 2> { unsigned char [2] elems; }_required_inputs; unsigned _ExtInt(24) anon_pad$11; })(byte_update_little_endian((unsigned _ExtInt(224))({ ._active_register=3, ._active_bank=1, ._new_command=1, .interrupt_low_vector={ .elems={ 255, 255 } },
    .state_at_last_interrupt_check={ .elems = { 0 } },
    ._gpio_pin_state={ .elems = { 0 } },
    ._gpio_output={ .elems={ 255, 255 } },
    ._gpio_inversion_enable={ .elems = { 0 } },
    ._gpio_direction_config={ .elems = { 0 } },
    ._required_outputs={ .elems={ 255, 255 } },
    ._required_inputs={ .elems={ 255, 255 } },
    .anon_pad$11=16777215 }), 20, (unsigned char)((signed int)((unsigned char)((signed int)(byte_extract_little_endian((unsigned _ExtInt(224))({ ._active_register=3, ._active_bank=1, ._new_command=1, .interrupt_low_vector={ .elems={ 255, 255 } },
    .state_at_last_interrupt_check={ .elems = { 0 } },
    ._gpio_pin_state={ .elems = { 0 } },
    ._gpio_output={ .elems={ 255, 255 } },
    ._gpio_inversion_enable={ .elems = { 0 } },
    ._gpio_direction_config={ .elems = { 0 } },
    ._required_outputs={ .elems={ 255, 255 } },
    ._required_inputs={ .elems={ 255, 255 } },
    .anon_pad$11=16777215 }), 24)))) & (signed int)((unsigned char)(~((signed int)(byte_extract_little_endian((unsigned _ExtInt(224))({ ._active_register=3, ._active_bank=1, ._new_command=1, .interrupt_low_vector={ .elems={ 255, 255 } },
    .state_at_last_interrupt_check={ .elems = { 0 } },
    ._gpio_pin_state={ .elems = { 0 } },
    ._gpio_output={ .elems={ 255, 255 } },
    ._gpio_inversion_enable={ .elems = { 0 } },
    ._gpio_direction_config={ .elems = { 0 } },
    ._required_outputs={ .elems={ 255, 255 } },
    ._required_inputs={ .elems={ 255, 255 } },
    .anon_pad$11=16777215 }), 22))))))))

State 21 file /Users/user/NVIDIA-OpenSMA/src/nv/emulation/pca9555.cpp line 323 column 5 function correct_direction_violations_and_apply thread 0
----------------------------------------------------
Violated property:
  file /Users/user/NVIDIA-OpenSMA/src/nv/emulation/pca9555.cpp line 323 column 5 function correct_direction_violations_and_apply
  (signed int)target_direction::0 == (signed int)(*return_value$_at$4)

Slicing time: 0.002s (removed 115 assignments)
No solver specified; defaulting to bitwuzla
Solving claim '(signed int)CommandRegister == 0 && (signed int)CommandRegister == 1 && (signed int)CommandRegister == 2 && (signed int)CommandRegister != 3 at file /Users/user/NVIDIA-OpenSMA/src/nv/emulation/pca9555.cpp line 164 column 18 function i2c_write' with solver Bitwuzla 0.8.2
Encoding remaining VCC(s) using bit-vector/floating-point arithmetic
Encoding to solver time: 0.009s
Solving with solver Bitwuzla 0.8.2
Runtime decision procedure: 0.002s
✓ PASSED: '(signed int)CommandRegister == 0 && (signed int)CommandRegister == 1 && (signed int)CommandRegister == 2 && (signed int)CommandRegister != 3 at file /Users/user/NVIDIA-OpenSMA/src/nv/emulation/pca9555.cpp line 164 column 18 function i2c_write'
Slicing time: 0.002s (removed 115 assignments)
No solver specified; defaulting to bitwuzla
Solving claim '(signed int)CommandRegister == 0 && (signed int)CommandRegister == 1 && (signed int)CommandRegister == 2 && (signed int)CommandRegister == 3 at file /Users/user/NVIDIA-OpenSMA/src/nv/emulation/pca9555.cpp line 164 column 18 function i2c_write' with solver Bitwuzla 0.8.2
Encoding remaining VCC(s) using bit-vector/floating-point arithmetic
Encoding to solver time: 0.009s
Solving with solver Bitwuzla 0.8.2
Runtime decision procedure: 0.002s
✓ PASSED: '(signed int)CommandRegister == 0 && (signed int)CommandRegister == 1 && (signed int)CommandRegister == 2 && (signed int)CommandRegister == 3 at file /Users/user/NVIDIA-OpenSMA/src/nv/emulation/pca9555.cpp line 164 column 18 function i2c_write'
Slicing time: 0.003s (removed 115 assignments)
No solver specified; defaulting to bitwuzla
Solving claim '(signed int)CommandRegister != 0 && (signed int)CommandRegister == 1 && (signed int)CommandRegister == 2 && (signed int)CommandRegister != 3 at file /Users/user/NVIDIA-OpenSMA/src/nv/emulation/pca9555.cpp line 164 column 18 function i2c_write' with solver Bitwuzla 0.8.2
Encoding remaining VCC(s) using bit-vector/floating-point arithmetic
Encoding to solver time: 0.010s
Solving with solver Bitwuzla 0.8.2
Runtime decision procedure: 0.002s
✓ PASSED: '(signed int)CommandRegister != 0 && (signed int)CommandRegister == 1 && (signed int)CommandRegister == 2 && (signed int)CommandRegister != 3 at file /Users/user/NVIDIA-OpenSMA/src/nv/emulation/pca9555.cpp line 164 column 18 function i2c_write'
Slicing time: 0.002s (removed 115 assignments)
No solver specified; defaulting to bitwuzla
Solving claim '(signed int)CommandRegister != 0 && (signed int)CommandRegister == 1 && (signed int)CommandRegister == 2 && (signed int)CommandRegister == 3 at file /Users/user/NVIDIA-OpenSMA/src/nv/emulation/pca9555.cpp line 164 column 18 function i2c_write' with solver Bitwuzla 0.8.2
Encoding remaining VCC(s) using bit-vector/floating-point arithmetic
Encoding to solver time: 0.009s
Solving with solver Bitwuzla 0.8.2
Runtime decision procedure: 0.002s
✓ PASSED: '(signed int)CommandRegister != 0 && (signed int)CommandRegister == 1 && (signed int)CommandRegister == 2 && (signed int)CommandRegister == 3 at file /Users/user/NVIDIA-OpenSMA/src/nv/emulation/pca9555.cpp line 164 column 18 function i2c_write'
Slicing time: 0.003s (removed 115 assignments)
No solver specified; defaulting to bitwuzla
Solving claim '(signed int)CommandRegister == 0 && (signed int)CommandRegister != 1 && (signed int)CommandRegister == 2 && (signed int)CommandRegister != 3 at file /Users/user/NVIDIA-OpenSMA/src/nv/emulation/pca9555.cpp line 164 column 18 function i2c_write' with solver Bitwuzla 0.8.2
Encoding remaining VCC(s) using bit-vector/floating-point arithmetic
Encoding to solver time: 0.010s
Solving with solver Bitwuzla 0.8.2
Runtime decision procedure: 0.002s
✓ PASSED: '(signed int)CommandRegister == 0 && (signed int)CommandRegister != 1 && (signed int)CommandRegister == 2 && (signed int)CommandRegister != 3 at file /Users/user/NVIDIA-OpenSMA/src/nv/emulation/pca9555.cpp line 164 column 18 function i2c_write'
Slicing time: 0.003s (removed 115 assignments)
No solver specified; defaulting to bitwuzla
Solving claim '(signed int)CommandRegister == 0 && (signed int)CommandRegister != 1 && (signed int)CommandRegister == 2 && (signed int)CommandRegister == 3 at file /Users/user/NVIDIA-OpenSMA/src/nv/emulation/pca9555.cpp line 164 column 18 function i2c_write' with solver Bitwuzla 0.8.2
Encoding remaining VCC(s) using bit-vector/floating-point arithmetic
Encoding to solver time: 0.010s
Solving with solver Bitwuzla 0.8.2
Runtime decision procedure: 0.002s
✓ PASSED: '(signed int)CommandRegister == 0 && (signed int)CommandRegister != 1 && (signed int)CommandRegister == 2 && (signed int)CommandRegister == 3 at file /Users/user/NVIDIA-OpenSMA/src/nv/emulation/pca9555.cpp line 164 column 18 function i2c_write'
Slicing time: 0.003s (removed 115 assignments)
No solver specified; defaulting to bitwuzla
Solving claim '(signed int)CommandRegister != 0 && (signed int)CommandRegister != 1 && (signed int)CommandRegister == 2 && (signed int)CommandRegister != 3 at file /Users/user/NVIDIA-OpenSMA/src/nv/emulation/pca9555.cpp line 164 column 18 function i2c_write' with solver Bitwuzla 0.8.2
Encoding remaining VCC(s) using bit-vector/floating-point arithmetic
Encoding to solver time: 0.010s
Solving with solver Bitwuzla 0.8.2
Runtime decision procedure: 0.002s
✓ PASSED: '(signed int)CommandRegister != 0 && (signed int)CommandRegister != 1 && (signed int)CommandRegister == 2 && (signed int)CommandRegister != 3 at file /Users/user/NVIDIA-OpenSMA/src/nv/emulation/pca9555.cpp line 164 column 18 function i2c_write'
Slicing time: 0.002s (removed 115 assignments)
No solver specified; defaulting to bitwuzla
Solving claim '(signed int)CommandRegister != 0 && (signed int)CommandRegister != 1 && (signed int)CommandRegister == 2 && (signed int)CommandRegister == 3 at file /Users/user/NVIDIA-OpenSMA/src/nv/emulation/pca9555.cpp line 164 column 18 function i2c_write' with solver Bitwuzla 0.8.2
Encoding remaining VCC(s) using bit-vector/floating-point arithmetic
Encoding to solver time: 0.009s
Solving with solver Bitwuzla 0.8.2
Runtime decision procedure: 0.002s
✓ PASSED: '(signed int)CommandRegister != 0 && (signed int)CommandRegister != 1 && (signed int)CommandRegister == 2 && (signed int)CommandRegister == 3 at file /Users/user/NVIDIA-OpenSMA/src/nv/emulation/pca9555.cpp line 164 column 18 function i2c_write'
Slicing time: 0.003s (removed 115 assignments)
No solver specified; defaulting to bitwuzla
Solving claim '(signed int)CommandRegister == 0 && (signed int)CommandRegister == 1 && (signed int)CommandRegister != 2 && (signed int)CommandRegister != 3 at file /Users/user/NVIDIA-OpenSMA/src/nv/emulation/pca9555.cpp line 164 column 18 function i2c_write' with solver Bitwuzla 0.8.2
Encoding remaining VCC(s) using bit-vector/floating-point arithmetic
Encoding to solver time: 0.010s
Solving with solver Bitwuzla 0.8.2
Runtime decision procedure: 0.002s
✓ PASSED: '(signed int)CommandRegister == 0 && (signed int)CommandRegister == 1 && (signed int)CommandRegister != 2 && (signed int)CommandRegister != 3 at file /Users/user/NVIDIA-OpenSMA/src/nv/emulation/pca9555.cpp line 164 column 18 function i2c_write'
Slicing time: 0.003s (removed 115 assignments)
No solver specified; defaulting to bitwuzla
Solving claim '(signed int)CommandRegister == 0 && (signed int)CommandRegister == 1 && (signed int)CommandRegister != 2 && (signed int)CommandRegister == 3 at file /Users/user/NVIDIA-OpenSMA/src/nv/emulation/pca9555.cpp line 164 column 18 function i2c_write' with solver Bitwuzla 0.8.2
Encoding remaining VCC(s) using bit-vector/floating-point arithmetic
Encoding to solver time: 0.009s
Solving with solver Bitwuzla 0.8.2
Runtime decision procedure: 0.003s
✓ PASSED: '(signed int)CommandRegister == 0 && (signed int)CommandRegister == 1 && (signed int)CommandRegister != 2 && (signed int)CommandRegister == 3 at file /Users/user/NVIDIA-OpenSMA/src/nv/emulation/pca9555.cpp line 164 column 18 function i2c_write'
Slicing time: 0.002s (removed 115 assignments)
No solver specified; defaulting to bitwuzla
Solving claim '(signed int)CommandRegister != 0 && (signed int)CommandRegister == 1 && (signed int)CommandRegister != 2 && (signed int)CommandRegister != 3 at file /Users/user/NVIDIA-OpenSMA/src/nv/emulation/pca9555.cpp line 164 column 18 function i2c_write' with solver Bitwuzla 0.8.2
Encoding remaining VCC(s) using bit-vector/floating-point arithmetic
Encoding to solver time: 0.009s
Solving with solver Bitwuzla 0.8.2
Runtime decision procedure: 0.002s
✓ PASSED: '(signed int)CommandRegister != 0 && (signed int)CommandRegister == 1 && (signed int)CommandRegister != 2 && (signed int)CommandRegister != 3 at file /Users/user/NVIDIA-OpenSMA/src/nv/emulation/pca9555.cpp line 164 column 18 function i2c_write'
Slicing time: 0.002s (removed 115 assignments)
No solver specified; defaulting to bitwuzla
Solving claim '(signed int)CommandRegister != 0 && (signed int)CommandRegister == 1 && (signed int)CommandRegister != 2 && (signed int)CommandRegister == 3 at file /Users/user/NVIDIA-OpenSMA/src/nv/emulation/pca9555.cpp line 164 column 18 function i2c_write' with solver Bitwuzla 0.8.2
Encoding remaining VCC(s) using bit-vector/floating-point arithmetic
Encoding to solver time: 0.009s
Solving with solver Bitwuzla 0.8.2
Runtime decision procedure: 0.002s
✓ PASSED: '(signed int)CommandRegister != 0 && (signed int)CommandRegister == 1 && (signed int)CommandRegister != 2 && (signed int)CommandRegister == 3 at file /Users/user/NVIDIA-OpenSMA/src/nv/emulation/pca9555.cpp line 164 column 18 function i2c_write'
Slicing time: 0.002s (removed 115 assignments)
No solver specified; defaulting to bitwuzla
Solving claim '(signed int)CommandRegister == 0 && (signed int)CommandRegister != 1 && (signed int)CommandRegister != 2 && (signed int)CommandRegister != 3 at file /Users/user/NVIDIA-OpenSMA/src/nv/emulation/pca9555.cpp line 164 column 18 function i2c_write' with solver Bitwuzla 0.8.2
Encoding remaining VCC(s) using bit-vector/floating-point arithmetic
Encoding to solver time: 0.009s
Solving with solver Bitwuzla 0.8.2
Runtime decision procedure: 0.002s
✓ PASSED: '(signed int)CommandRegister == 0 && (signed int)CommandRegister != 1 && (signed int)CommandRegister != 2 && (signed int)CommandRegister != 3 at file /Users/user/NVIDIA-OpenSMA/src/nv/emulation/pca9555.cpp line 164 column 18 function i2c_write'
Slicing time: 0.003s (removed 115 assignments)
No solver specified; defaulting to bitwuzla
Solving claim '(signed int)CommandRegister == 0 && (signed int)CommandRegister != 1 && (signed int)CommandRegister != 2 && (signed int)CommandRegister == 3 at file /Users/user/NVIDIA-OpenSMA/src/nv/emulation/pca9555.cpp line 164 column 18 function i2c_write' with solver Bitwuzla 0.8.2
Encoding remaining VCC(s) using bit-vector/floating-point arithmetic
Encoding to solver time: 0.011s
Solving with solver Bitwuzla 0.8.2
Runtime decision procedure: 0.002s
✓ PASSED: '(signed int)CommandRegister == 0 && (signed int)CommandRegister != 1 && (signed int)CommandRegister != 2 && (signed int)CommandRegister == 3 at file /Users/user/NVIDIA-OpenSMA/src/nv/emulation/pca9555.cpp line 164 column 18 function i2c_write'
Slicing time: 0.003s (removed 115 assignments)
No solver specified; defaulting to bitwuzla
Solving claim '(signed int)CommandRegister != 0 && (signed int)CommandRegister != 1 && (signed int)CommandRegister != 2 && (signed int)CommandRegister != 3 at file /Users/user/NVIDIA-OpenSMA/src/nv/emulation/pca9555.cpp line 164 column 18 function i2c_write' with solver Bitwuzla 0.8.2
Encoding remaining VCC(s) using bit-vector/floating-point arithmetic
Encoding to solver time: 0.010s
Solving with solver Bitwuzla 0.8.2
Runtime decision procedure: 0.002s
✗ FAILED: '(signed int)CommandRegister != 0 && (signed int)CommandRegister != 1 && (signed int)CommandRegister != 2 && (signed int)CommandRegister != 3 at file /Users/user/NVIDIA-OpenSMA/src/nv/emulation/pca9555.cpp line 164 column 18 function i2c_write'

[Counterexample]


State 1 file /Users/user/NVIDIA-OpenSMA/verification/harnesses/pca9555_harness.cpp line 43 column 5 function f_totality thread 0
----------------------------------------------------
  init = 0 (00000000 00000000)

State 2 file /Users/user/NVIDIA-OpenSMA/verification/harnesses/pca9555_harness.cpp line 44 column 5 function f_totality thread 0
----------------------------------------------------
  out_m = 0 (00000000 00000000)

State 3 file /Users/user/NVIDIA-OpenSMA/verification/harnesses/pca9555_harness.cpp line 45 column 5 function f_totality thread 0
----------------------------------------------------
  in_m = 0 (00000000 00000000)

State 4 file /Users/user/NVIDIA-OpenSMA/verification/harnesses/pca9555_harness.cpp line 46 column 5 function f_totality thread 0
----------------------------------------------------
  dev = { ._active_register=0, ._active_bank=0, ._new_command=1, .interrupt_low_vector={ .elems={ 255, 255 } },
    .state_at_last_interrupt_check={ .elems = { 0 } },
    ._gpio_pin_state={ .elems = { 0 } },
    ._gpio_output={ .elems={ 255, 255 } },
    ._gpio_inversion_enable={ .elems = { 0 } },
    ._gpio_direction_config={ .elems={ 255, 255 } },
    ._required_outputs={ .elems = { 0 } },
    ._required_inputs={ .elems = { 0 } },
    .anon_pad$11=0 }

State 5 file /Users/user/NVIDIA-OpenSMA/src/nv/emulation/pca9555.cpp line 80 column 5 function i2c_read thread 0
----------------------------------------------------
  this->_new_command = { ._active_register=0, ._active_bank=0, ._new_command=0, .interrupt_low_vector={ .elems={ 255, 255 } },
    .state_at_last_interrupt_check={ .elems = { 0 } },
    ._gpio_pin_state={ .elems = { 0 } },
    ._gpio_output={ .elems={ 255, 255 } },
    ._gpio_inversion_enable={ .elems = { 0 } },
    ._gpio_direction_config={ .elems={ 255, 255 } },
    ._required_outputs={ .elems = { 0 } },
    ._required_inputs={ .elems = { 0 } },
    .anon_pad$11=0 }

State 6 file /Users/user/NVIDIA-OpenSMA/src/nv/emulation/pca9555.cpp line 87 column 13 function i2c_read thread 0
----------------------------------------------------
  *return_value$_at$3 = ( class nv::emulation::Pca9555 { unsigned int _active_register; unsigned int _active_bank; _Bool _new_command;  struct std::array<unsigned char, 2> { unsigned char [2] elems; }interrupt_low_vector;  struct std::array<unsigned char, 2> { unsigned char [2] elems; }state_at_last_interrupt_check;  struct std::array<unsigned char, 2> { unsigned char [2] elems; }_gpio_pin_state;  struct std::array<unsigned char, 2> { unsigned char [2] elems; }_gpio_output;  struct std::array<unsigned char, 2> { unsigned char [2] elems; }_gpio_inversion_enable;  struct std::array<unsigned char, 2> { unsigned char [2] elems; }_gpio_direction_config;  struct std::array<unsigned char, 2> { unsigned char [2] elems; }_required_outputs;  struct std::array<unsigned char, 2> { unsigned char [2] elems; }_required_inputs; unsigned _ExtInt(24) anon_pad$11; })(byte_update_little_endian((unsigned _ExtInt(224))({ ._active_register=0, ._active_bank=0, ._new_command=0, .interrupt_low_vector={ .elems={ 255, 255 } },
    .state_at_last_interrupt_check={ .elems = { 0 } },
    ._gpio_pin_state={ .elems = { 0 } },
    ._gpio_output={ .elems={ 255, 255 } },
    ._gpio_inversion_enable={ .elems = { 0 } },
    ._gpio_direction_config={ .elems={ 255, 255 } },
    ._required_outputs={ .elems = { 0 } },
    ._required_inputs={ .elems = { 0 } },
    .anon_pad$11=0 }), 9, 255))

State 7 file /Users/user/NVIDIA-OpenSMA/src/nv/emulation/pca9555.cpp line 338 column 5 function next_bank thread 0
----------------------------------------------------
  *bank::0 = { ._active_register=0, ._active_bank=1, ._new_command=0, .interrupt_low_vector={ .elems={ 255, 255 } },
    .state_at_last_interrupt_check={ .elems = { 0 } },
    ._gpio_pin_state={ .elems = { 0 } },
    ._gpio_output={ .elems={ 255, 255 } },
    ._gpio_inversion_enable={ .elems = { 0 } },
    ._gpio_direction_config={ .elems={ 255, 255 } },
    ._required_outputs={ .elems = { 0 } },
    ._required_inputs={ .elems = { 0 } },
    .anon_pad$11=0 }

State 8 file /Users/user/NVIDIA-OpenSMA/src/nv/emulation/pca9555.cpp line 80 column 5 function i2c_read thread 0
----------------------------------------------------
  this->_new_command = { ._active_register=0, ._active_bank=1, ._new_command=0, .interrupt_low_vector={ .elems={ 255, 255 } },
    .state_at_last_interrupt_check={ .elems = { 0 } },
    ._gpio_pin_state={ .elems = { 0 } },
    ._gpio_output={ .elems={ 255, 255 } },
    ._gpio_inversion_enable={ .elems = { 0 } },
    ._gpio_direction_config={ .elems={ 255, 255 } },
    ._required_outputs={ .elems = { 0 } },
    ._required_inputs={ .elems = { 0 } },
    .anon_pad$11=0 }

State 9 file /Users/user/NVIDIA-OpenSMA/src/nv/emulation/pca9555.cpp line 87 column 13 function i2c_read thread 0
----------------------------------------------------
  *return_value$_at$3 = ( class nv::emulation::Pca9555 { unsigned int _active_register; unsigned int _active_bank; _Bool _new_command;  struct std::array<unsigned char, 2> { unsigned char [2] elems; }interrupt_low_vector;  struct std::array<unsigned char, 2> { unsigned char [2] elems; }state_at_last_interrupt_check;  struct std::array<unsigned char, 2> { unsigned char [2] elems; }_gpio_pin_state;  struct std::array<unsigned char, 2> { unsigned char [2] elems; }_gpio_output;  struct std::array<unsigned char, 2> { unsigned char [2] elems; }_gpio_inversion_enable;  struct std::array<unsigned char, 2> { unsigned char [2] elems; }_gpio_direction_config;  struct std::array<unsigned char, 2> { unsigned char [2] elems; }_required_outputs;  struct std::array<unsigned char, 2> { unsigned char [2] elems; }_required_inputs; unsigned _ExtInt(24) anon_pad$11; })(byte_update_little_endian((unsigned _ExtInt(224))({ ._active_register=0, ._active_bank=1, ._new_command=0, .interrupt_low_vector={ .elems={ 255, 255 } },
    .state_at_last_interrupt_check={ .elems = { 0 } },
    ._gpio_pin_state={ .elems = { 0 } },
    ._gpio_output={ .elems={ 255, 255 } },
    ._gpio_inversion_enable={ .elems = { 0 } },
    ._gpio_direction_config={ .elems={ 255, 255 } },
    ._required_outputs={ .elems = { 0 } },
    ._required_inputs={ .elems = { 0 } },
    .anon_pad$11=0 }), 10, 255))

State 10 file /Users/user/NVIDIA-OpenSMA/src/nv/emulation/pca9555.cpp line 338 column 5 function next_bank thread 0
----------------------------------------------------
  *bank::0 = { ._active_register=0, ._active_bank=0, ._new_command=0, .interrupt_low_vector={ .elems={ 255, 255 } },
    .state_at_last_interrupt_check={ .elems = { 0 } },
    ._gpio_pin_state={ .elems = { 0 } },
    ._gpio_output={ .elems={ 255, 255 } },
    ._gpio_inversion_enable={ .elems = { 0 } },
    ._gpio_direction_config={ .elems={ 255, 255 } },
    ._required_outputs={ .elems = { 0 } },
    ._required_inputs={ .elems = { 0 } },
    .anon_pad$11=0 }

State 11 file /Users/user/NVIDIA-OpenSMA/verification/harnesses/pca9555_harness.cpp line 55 column 14 function f_totality thread 0
----------------------------------------------------
  *return_value$_operator[]$5 = { .elems={ nondet_symbol(symex::nondet27), 0, 0, 0, 0, 0, 0, 0, 0, 0, 0, 0, 0, 0, 0, 0, 0, 0, 0, 0, 0, 0, 0, 0, 0, 0, 0, 0, 0, 0, 0, 0, 0, 0, 0 } }

State 12 file /Users/user/NVIDIA-OpenSMA/verification/harnesses/pca9555_harness.cpp line 56 column 14 function f_totality thread 0
----------------------------------------------------
  *return_value$_operator[]$6 = { .elems = 0 }

State 15 file /Users/user/NVIDIA-OpenSMA/src/nv/emulation/pca9555.cpp line 128 column 9 function i2c_write thread 0
----------------------------------------------------
  this->_new_command = { ._active_register=0, ._active_bank=0, ._new_command=1, .interrupt_low_vector={ .elems={ 255, 255 } },
    .state_at_last_interrupt_check={ .elems = { 0 } },
    ._gpio_pin_state={ .elems = { 0 } },
    ._gpio_output={ .elems={ 255, 255 } },
    ._gpio_inversion_enable={ .elems = { 0 } },
    ._gpio_direction_config={ .elems={ 255, 255 } },
    ._required_outputs={ .elems = { 0 } },
    ._required_inputs={ .elems = { 0 } },
    .anon_pad$11=0 }

State 16 file /Users/user/NVIDIA-OpenSMA/src/nv/emulation/pca9555.cpp line 129 column 9 function i2c_write thread 0
----------------------------------------------------
  this->_active_register = { ._active_register=127, ._active_bank=0, ._new_command=1,
    .interrupt_low_vector={ .elems={ 255, 255 } }, .state_at_last_interrupt_check={ .elems = { 0 } },
    ._gpio_pin_state={ .elems = { 0 } },
    ._gpio_output={ .elems={ 255, 255 } },
    ._gpio_inversion_enable={ .elems = { 0 } },
    ._gpio_direction_config={ .elems={ 255, 255 } },
    ._required_outputs={ .elems = { 0 } },
    ._required_inputs={ .elems = { 0 } },
    .anon_pad$11=0 }

State 17 file /Users/user/NVIDIA-OpenSMA/src/nv/emulation/pca9555.cpp line 130 column 9 function i2c_write thread 0
----------------------------------------------------
  this->_active_bank = { ._active_register=127, ._active_bank=0, ._new_command=1,
    .interrupt_low_vector={ .elems={ 255, 255 } }, .state_at_last_interrupt_check={ .elems = { 0 } },
    ._gpio_pin_state={ .elems = { 0 } },
    ._gpio_output={ .elems={ 255, 255 } },
    ._gpio_inversion_enable={ .elems = { 0 } },
    ._gpio_direction_config={ .elems={ 255, 255 } },
    ._required_outputs={ .elems = { 0 } },
    ._required_inputs={ .elems = { 0 } },
    .anon_pad$11=0 }

State 20 file /Users/user/NVIDIA-OpenSMA/src/nv/emulation/pca9555.cpp line 164 column 18 function i2c_write thread 0
----------------------------------------------------
Violated property:
  file /Users/user/NVIDIA-OpenSMA/src/nv/emulation/pca9555.cpp line 164 column 18 function i2c_write
  (signed int)CommandRegister != 0 && (signed int)CommandRegister != 1 && (signed int)CommandRegister != 2 && (signed int)CommandRegister != 3
  (signed int)CommandRegister == 0 || (signed int)CommandRegister == 1 || (signed int)CommandRegister == 2 || (signed int)CommandRegister == 3

Slicing time: 0.002s (removed 115 assignments)
No solver specified; defaulting to bitwuzla
Solving claim '(signed int)CommandRegister != 0 && (signed int)CommandRegister != 1 && (signed int)CommandRegister != 2 && (signed int)CommandRegister == 3 at file /Users/user/NVIDIA-OpenSMA/src/nv/emulation/pca9555.cpp line 164 column 18 function i2c_write' with solver Bitwuzla 0.8.2
Encoding remaining VCC(s) using bit-vector/floating-point arithmetic
Encoding to solver time: 0.010s
Solving with solver Bitwuzla 0.8.2
Runtime decision procedure: 0.002s
✗ FAILED: '(signed int)CommandRegister != 0 && (signed int)CommandRegister != 1 && (signed int)CommandRegister != 2 && (signed int)CommandRegister == 3 at file /Users/user/NVIDIA-OpenSMA/src/nv/emulation/pca9555.cpp line 164 column 18 function i2c_write'

[Counterexample]


State 1 file /Users/user/NVIDIA-OpenSMA/verification/harnesses/pca9555_harness.cpp line 43 column 5 function f_totality thread 0
----------------------------------------------------
  init = 0 (00000000 00000000)

State 2 file /Users/user/NVIDIA-OpenSMA/verification/harnesses/pca9555_harness.cpp line 44 column 5 function f_totality thread 0
----------------------------------------------------
  out_m = 0 (00000000 00000000)

State 3 file /Users/user/NVIDIA-OpenSMA/verification/harnesses/pca9555_harness.cpp line 45 column 5 function f_totality thread 0
----------------------------------------------------
  in_m = 0 (00000000 00000000)

State 4 file /Users/user/NVIDIA-OpenSMA/verification/harnesses/pca9555_harness.cpp line 46 column 5 function f_totality thread 0
----------------------------------------------------
  dev = { ._active_register=0, ._active_bank=0, ._new_command=1, .interrupt_low_vector={ .elems={ 255, 255 } },
    .state_at_last_interrupt_check={ .elems = { 0 } },
    ._gpio_pin_state={ .elems = { 0 } },
    ._gpio_output={ .elems={ 255, 255 } },
    ._gpio_inversion_enable={ .elems = { 0 } },
    ._gpio_direction_config={ .elems={ 255, 255 } },
    ._required_outputs={ .elems = { 0 } },
    ._required_inputs={ .elems = { 0 } },
    .anon_pad$11=0 }

State 5 file /Users/user/NVIDIA-OpenSMA/src/nv/emulation/pca9555.cpp line 80 column 5 function i2c_read thread 0
----------------------------------------------------
  this->_new_command = { ._active_register=0, ._active_bank=0, ._new_command=0, .interrupt_low_vector={ .elems={ 255, 255 } },
    .state_at_last_interrupt_check={ .elems = { 0 } },
    ._gpio_pin_state={ .elems = { 0 } },
    ._gpio_output={ .elems={ 255, 255 } },
    ._gpio_inversion_enable={ .elems = { 0 } },
    ._gpio_direction_config={ .elems={ 255, 255 } },
    ._required_outputs={ .elems = { 0 } },
    ._required_inputs={ .elems = { 0 } },
    .anon_pad$11=0 }

State 6 file /Users/user/NVIDIA-OpenSMA/src/nv/emulation/pca9555.cpp line 87 column 13 function i2c_read thread 0
----------------------------------------------------
  *return_value$_at$3 = ( class nv::emulation::Pca9555 { unsigned int _active_register; unsigned int _active_bank; _Bool _new_command;  struct std::array<unsigned char, 2> { unsigned char [2] elems; }interrupt_low_vector;  struct std::array<unsigned char, 2> { unsigned char [2] elems; }state_at_last_interrupt_check;  struct std::array<unsigned char, 2> { unsigned char [2] elems; }_gpio_pin_state;  struct std::array<unsigned char, 2> { unsigned char [2] elems; }_gpio_output;  struct std::array<unsigned char, 2> { unsigned char [2] elems; }_gpio_inversion_enable;  struct std::array<unsigned char, 2> { unsigned char [2] elems; }_gpio_direction_config;  struct std::array<unsigned char, 2> { unsigned char [2] elems; }_required_outputs;  struct std::array<unsigned char, 2> { unsigned char [2] elems; }_required_inputs; unsigned _ExtInt(24) anon_pad$11; })(byte_update_little_endian((unsigned _ExtInt(224))({ ._active_register=0, ._active_bank=0, ._new_command=0, .interrupt_low_vector={ .elems={ 255, 255 } },
    .state_at_last_interrupt_check={ .elems = { 0 } },
    ._gpio_pin_state={ .elems = { 0 } },
    ._gpio_output={ .elems={ 255, 255 } },
    ._gpio_inversion_enable={ .elems = { 0 } },
    ._gpio_direction_config={ .elems={ 255, 255 } },
    ._required_outputs={ .elems = { 0 } },
    ._required_inputs={ .elems = { 0 } },
    .anon_pad$11=0 }), 9, 255))

State 7 file /Users/user/NVIDIA-OpenSMA/src/nv/emulation/pca9555.cpp line 338 column 5 function next_bank thread 0
----------------------------------------------------
  *bank::0 = { ._active_register=0, ._active_bank=1, ._new_command=0, .interrupt_low_vector={ .elems={ 255, 255 } },
    .state_at_last_interrupt_check={ .elems = { 0 } },
    ._gpio_pin_state={ .elems = { 0 } },
    ._gpio_output={ .elems={ 255, 255 } },
    ._gpio_inversion_enable={ .elems = { 0 } },
    ._gpio_direction_config={ .elems={ 255, 255 } },
    ._required_outputs={ .elems = { 0 } },
    ._required_inputs={ .elems = { 0 } },
    .anon_pad$11=0 }

State 8 file /Users/user/NVIDIA-OpenSMA/src/nv/emulation/pca9555.cpp line 80 column 5 function i2c_read thread 0
----------------------------------------------------
  this->_new_command = { ._active_register=0, ._active_bank=1, ._new_command=0, .interrupt_low_vector={ .elems={ 255, 255 } },
    .state_at_last_interrupt_check={ .elems = { 0 } },
    ._gpio_pin_state={ .elems = { 0 } },
    ._gpio_output={ .elems={ 255, 255 } },
    ._gpio_inversion_enable={ .elems = { 0 } },
    ._gpio_direction_config={ .elems={ 255, 255 } },
    ._required_outputs={ .elems = { 0 } },
    ._required_inputs={ .elems = { 0 } },
    .anon_pad$11=0 }

State 9 file /Users/user/NVIDIA-OpenSMA/src/nv/emulation/pca9555.cpp line 87 column 13 function i2c_read thread 0
----------------------------------------------------
  *return_value$_at$3 = ( class nv::emulation::Pca9555 { unsigned int _active_register; unsigned int _active_bank; _Bool _new_command;  struct std::array<unsigned char, 2> { unsigned char [2] elems; }interrupt_low_vector;  struct std::array<unsigned char, 2> { unsigned char [2] elems; }state_at_last_interrupt_check;  struct std::array<unsigned char, 2> { unsigned char [2] elems; }_gpio_pin_state;  struct std::array<unsigned char, 2> { unsigned char [2] elems; }_gpio_output;  struct std::array<unsigned char, 2> { unsigned char [2] elems; }_gpio_inversion_enable;  struct std::array<unsigned char, 2> { unsigned char [2] elems; }_gpio_direction_config;  struct std::array<unsigned char, 2> { unsigned char [2] elems; }_required_outputs;  struct std::array<unsigned char, 2> { unsigned char [2] elems; }_required_inputs; unsigned _ExtInt(24) anon_pad$11; })(byte_update_little_endian((unsigned _ExtInt(224))({ ._active_register=0, ._active_bank=1, ._new_command=0, .interrupt_low_vector={ .elems={ 255, 255 } },
    .state_at_last_interrupt_check={ .elems = { 0 } },
    ._gpio_pin_state={ .elems = { 0 } },
    ._gpio_output={ .elems={ 255, 255 } },
    ._gpio_inversion_enable={ .elems = { 0 } },
    ._gpio_direction_config={ .elems={ 255, 255 } },
    ._required_outputs={ .elems = { 0 } },
    ._required_inputs={ .elems = { 0 } },
    .anon_pad$11=0 }), 10, 255))

State 10 file /Users/user/NVIDIA-OpenSMA/src/nv/emulation/pca9555.cpp line 338 column 5 function next_bank thread 0
----------------------------------------------------
  *bank::0 = { ._active_register=0, ._active_bank=0, ._new_command=0, .interrupt_low_vector={ .elems={ 255, 255 } },
    .state_at_last_interrupt_check={ .elems = { 0 } },
    ._gpio_pin_state={ .elems = { 0 } },
    ._gpio_output={ .elems={ 255, 255 } },
    ._gpio_inversion_enable={ .elems = { 0 } },
    ._gpio_direction_config={ .elems={ 255, 255 } },
    ._required_outputs={ .elems = { 0 } },
    ._required_inputs={ .elems = { 0 } },
    .anon_pad$11=0 }

State 11 file /Users/user/NVIDIA-OpenSMA/verification/harnesses/pca9555_harness.cpp line 55 column 14 function f_totality thread 0
----------------------------------------------------
  *return_value$_operator[]$5 = { .elems={ nondet_symbol(symex::nondet27), 0, 0, 0, 0, 0, 0, 0, 0, 0, 0, 0, 0, 0, 0, 0, 0, 0, 0, 0, 0, 0, 0, 0, 0, 0, 0, 0, 0, 0, 0, 0, 0, 0, 0 } }

State 12 file /Users/user/NVIDIA-OpenSMA/verification/harnesses/pca9555_harness.cpp line 56 column 14 function f_totality thread 0
----------------------------------------------------
  *return_value$_operator[]$6 = { .elems = 0 }

State 15 file /Users/user/NVIDIA-OpenSMA/src/nv/emulation/pca9555.cpp line 128 column 9 function i2c_write thread 0
----------------------------------------------------
  this->_new_command = { ._active_register=0, ._active_bank=0, ._new_command=1, .interrupt_low_vector={ .elems={ 255, 255 } },
    .state_at_last_interrupt_check={ .elems = { 0 } },
    ._gpio_pin_state={ .elems = { 0 } },
    ._gpio_output={ .elems={ 255, 255 } },
    ._gpio_inversion_enable={ .elems = { 0 } },
    ._gpio_direction_config={ .elems={ 255, 255 } },
    ._required_outputs={ .elems = { 0 } },
    ._required_inputs={ .elems = { 0 } },
    .anon_pad$11=0 }

State 16 file /Users/user/NVIDIA-OpenSMA/src/nv/emulation/pca9555.cpp line 129 column 9 function i2c_write thread 0
----------------------------------------------------
  this->_active_register = { ._active_register=3, ._active_bank=0, ._new_command=1, .interrupt_low_vector={ .elems={ 255, 255 } },
    .state_at_last_interrupt_check={ .elems = { 0 } },
    ._gpio_pin_state={ .elems = { 0 } },
    ._gpio_output={ .elems={ 255, 255 } },
    ._gpio_inversion_enable={ .elems = { 0 } },
    ._gpio_direction_config={ .elems={ 255, 255 } },
    ._required_outputs={ .elems = { 0 } },
    ._required_inputs={ .elems = { 0 } },
    .anon_pad$11=0 }

State 17 file /Users/user/NVIDIA-OpenSMA/src/nv/emulation/pca9555.cpp line 130 column 9 function i2c_write thread 0
----------------------------------------------------
  this->_active_bank = { ._active_register=3, ._active_bank=0, ._new_command=1, .interrupt_low_vector={ .elems={ 255, 255 } },
    .state_at_last_interrupt_check={ .elems = { 0 } },
    ._gpio_pin_state={ .elems = { 0 } },
    ._gpio_output={ .elems={ 255, 255 } },
    ._gpio_inversion_enable={ .elems = { 0 } },
    ._gpio_direction_config={ .elems={ 255, 255 } },
    ._required_outputs={ .elems = { 0 } },
    ._required_inputs={ .elems = { 0 } },
    .anon_pad$11=0 }

State 20 file /Users/user/NVIDIA-OpenSMA/src/nv/emulation/pca9555.cpp line 164 column 18 function i2c_write thread 0
----------------------------------------------------
Violated property:
  file /Users/user/NVIDIA-OpenSMA/src/nv/emulation/pca9555.cpp line 164 column 18 function i2c_write
  (signed int)CommandRegister != 0 && (signed int)CommandRegister != 1 && (signed int)CommandRegister != 2 && (signed int)CommandRegister == 3

Slicing time: 0.002s (removed 115 assignments)
No solver specified; defaulting to bitwuzla
Solving claim '(signed int)i < (signed int)data_length::1 && (signed int)CommandRegister == 0 && (signed int)CommandRegister == 1 && (signed int)CommandRegister != 2 at file /Users/user/NVIDIA-OpenSMA/src/nv/emulation/pca9555.cpp line 158 column 18 function i2c_write' with solver Bitwuzla 0.8.2
Encoding remaining VCC(s) using bit-vector/floating-point arithmetic
Encoding to solver time: 0.009s
Solving with solver Bitwuzla 0.8.2
Runtime decision procedure: 0.002s
✓ PASSED: '(signed int)i < (signed int)data_length::1 && (signed int)CommandRegister == 0 && (signed int)CommandRegister == 1 && (signed int)CommandRegister != 2 at file /Users/user/NVIDIA-OpenSMA/src/nv/emulation/pca9555.cpp line 158 column 18 function i2c_write'
Slicing time: 0.002s (removed 115 assignments)
No solver specified; defaulting to bitwuzla
Solving claim '(signed int)i < (signed int)data_length::1 && (signed int)CommandRegister == 0 && (signed int)CommandRegister == 1 && (signed int)CommandRegister == 2 at file /Users/user/NVIDIA-OpenSMA/src/nv/emulation/pca9555.cpp line 158 column 18 function i2c_write' with solver Bitwuzla 0.8.2
Encoding remaining VCC(s) using bit-vector/floating-point arithmetic
Encoding to solver time: 0.010s
Solving with solver Bitwuzla 0.8.2
Runtime decision procedure: 0.002s
✓ PASSED: '(signed int)i < (signed int)data_length::1 && (signed int)CommandRegister == 0 && (signed int)CommandRegister == 1 && (signed int)CommandRegister == 2 at file /Users/user/NVIDIA-OpenSMA/src/nv/emulation/pca9555.cpp line 158 column 18 function i2c_write'
Slicing time: 0.003s (removed 115 assignments)
No solver specified; defaulting to bitwuzla
Solving claim '(signed int)i < (signed int)data_length::1 && (signed int)CommandRegister != 0 && (signed int)CommandRegister == 1 && (signed int)CommandRegister != 2 at file /Users/user/NVIDIA-OpenSMA/src/nv/emulation/pca9555.cpp line 158 column 18 function i2c_write' with solver Bitwuzla 0.8.2
Encoding remaining VCC(s) using bit-vector/floating-point arithmetic
Encoding to solver time: 0.009s
Solving with solver Bitwuzla 0.8.2
Runtime decision procedure: 0.002s
✓ PASSED: '(signed int)i < (signed int)data_length::1 && (signed int)CommandRegister != 0 && (signed int)CommandRegister == 1 && (signed int)CommandRegister != 2 at file /Users/user/NVIDIA-OpenSMA/src/nv/emulation/pca9555.cpp line 158 column 18 function i2c_write'
Slicing time: 0.002s (removed 115 assignments)
No solver specified; defaulting to bitwuzla
Solving claim '(signed int)i < (signed int)data_length::1 && (signed int)CommandRegister != 0 && (signed int)CommandRegister == 1 && (signed int)CommandRegister == 2 at file /Users/user/NVIDIA-OpenSMA/src/nv/emulation/pca9555.cpp line 158 column 18 function i2c_write' with solver Bitwuzla 0.8.2
Encoding remaining VCC(s) using bit-vector/floating-point arithmetic
Encoding to solver time: 0.010s
Solving with solver Bitwuzla 0.8.2
Runtime decision procedure: 0.001s
✓ PASSED: '(signed int)i < (signed int)data_length::1 && (signed int)CommandRegister != 0 && (signed int)CommandRegister == 1 && (signed int)CommandRegister == 2 at file /Users/user/NVIDIA-OpenSMA/src/nv/emulation/pca9555.cpp line 158 column 18 function i2c_write'
Slicing time: 0.002s (removed 115 assignments)
No solver specified; defaulting to bitwuzla
Solving claim '(signed int)i < (signed int)data_length::1 && (signed int)CommandRegister == 0 && (signed int)CommandRegister != 1 && (signed int)CommandRegister != 2 at file /Users/user/NVIDIA-OpenSMA/src/nv/emulation/pca9555.cpp line 158 column 18 function i2c_write' with solver Bitwuzla 0.8.2
Encoding remaining VCC(s) using bit-vector/floating-point arithmetic
Encoding to solver time: 0.009s
Solving with solver Bitwuzla 0.8.2
Runtime decision procedure: 0.002s
✓ PASSED: '(signed int)i < (signed int)data_length::1 && (signed int)CommandRegister == 0 && (signed int)CommandRegister != 1 && (signed int)CommandRegister != 2 at file /Users/user/NVIDIA-OpenSMA/src/nv/emulation/pca9555.cpp line 158 column 18 function i2c_write'
Slicing time: 0.002s (removed 115 assignments)
No solver specified; defaulting to bitwuzla
Solving claim '(signed int)i < (signed int)data_length::1 && (signed int)CommandRegister == 0 && (signed int)CommandRegister != 1 && (signed int)CommandRegister == 2 at file /Users/user/NVIDIA-OpenSMA/src/nv/emulation/pca9555.cpp line 158 column 18 function i2c_write' with solver Bitwuzla 0.8.2
Encoding remaining VCC(s) using bit-vector/floating-point arithmetic
Encoding to solver time: 0.009s
Solving with solver Bitwuzla 0.8.2
Runtime decision procedure: 0.002s
✓ PASSED: '(signed int)i < (signed int)data_length::1 && (signed int)CommandRegister == 0 && (signed int)CommandRegister != 1 && (signed int)CommandRegister == 2 at file /Users/user/NVIDIA-OpenSMA/src/nv/emulation/pca9555.cpp line 158 column 18 function i2c_write'
Slicing time: 0.002s (removed 115 assignments)
No solver specified; defaulting to bitwuzla
Solving claim '(signed int)i < (signed int)data_length::1 && (signed int)CommandRegister != 0 && (signed int)CommandRegister != 1 && (signed int)CommandRegister != 2 at file /Users/user/NVIDIA-OpenSMA/src/nv/emulation/pca9555.cpp line 158 column 18 function i2c_write' with solver Bitwuzla 0.8.2
Encoding remaining VCC(s) using bit-vector/floating-point arithmetic
Encoding to solver time: 0.009s
Solving with solver Bitwuzla 0.8.2
Runtime decision procedure: 0.003s
✗ FAILED: '(signed int)i < (signed int)data_length::1 && (signed int)CommandRegister != 0 && (signed int)CommandRegister != 1 && (signed int)CommandRegister != 2 at file /Users/user/NVIDIA-OpenSMA/src/nv/emulation/pca9555.cpp line 158 column 18 function i2c_write'

[Counterexample]


State 1 file /Users/user/NVIDIA-OpenSMA/verification/harnesses/pca9555_harness.cpp line 43 column 5 function f_totality thread 0
----------------------------------------------------
  init = 0 (00000000 00000000)

State 2 file /Users/user/NVIDIA-OpenSMA/verification/harnesses/pca9555_harness.cpp line 44 column 5 function f_totality thread 0
----------------------------------------------------
  out_m = 0 (00000000 00000000)

State 3 file /Users/user/NVIDIA-OpenSMA/verification/harnesses/pca9555_harness.cpp line 45 column 5 function f_totality thread 0
----------------------------------------------------
  in_m = 0 (00000000 00000000)

State 4 file /Users/user/NVIDIA-OpenSMA/verification/harnesses/pca9555_harness.cpp line 46 column 5 function f_totality thread 0
----------------------------------------------------
  dev = { ._active_register=0, ._active_bank=0, ._new_command=1, .interrupt_low_vector={ .elems={ 255, 255 } },
    .state_at_last_interrupt_check={ .elems = { 0 } },
    ._gpio_pin_state={ .elems = { 0 } },
    ._gpio_output={ .elems={ 255, 255 } },
    ._gpio_inversion_enable={ .elems = { 0 } },
    ._gpio_direction_config={ .elems={ 255, 255 } },
    ._required_outputs={ .elems = { 0 } },
    ._required_inputs={ .elems = { 0 } },
    .anon_pad$11=0 }

State 5 file /Users/user/NVIDIA-OpenSMA/src/nv/emulation/pca9555.cpp line 80 column 5 function i2c_read thread 0
----------------------------------------------------
  this->_new_command = { ._active_register=0, ._active_bank=0, ._new_command=0, .interrupt_low_vector={ .elems={ 255, 255 } },
    .state_at_last_interrupt_check={ .elems = { 0 } },
    ._gpio_pin_state={ .elems = { 0 } },
    ._gpio_output={ .elems={ 255, 255 } },
    ._gpio_inversion_enable={ .elems = { 0 } },
    ._gpio_direction_config={ .elems={ 255, 255 } },
    ._required_outputs={ .elems = { 0 } },
    ._required_inputs={ .elems = { 0 } },
    .anon_pad$11=0 }

State 6 file /Users/user/NVIDIA-OpenSMA/src/nv/emulation/pca9555.cpp line 87 column 13 function i2c_read thread 0
----------------------------------------------------
  *return_value$_at$3 = ( class nv::emulation::Pca9555 { unsigned int _active_register; unsigned int _active_bank; _Bool _new_command;  struct std::array<unsigned char, 2> { unsigned char [2] elems; }interrupt_low_vector;  struct std::array<unsigned char, 2> { unsigned char [2] elems; }state_at_last_interrupt_check;  struct std::array<unsigned char, 2> { unsigned char [2] elems; }_gpio_pin_state;  struct std::array<unsigned char, 2> { unsigned char [2] elems; }_gpio_output;  struct std::array<unsigned char, 2> { unsigned char [2] elems; }_gpio_inversion_enable;  struct std::array<unsigned char, 2> { unsigned char [2] elems; }_gpio_direction_config;  struct std::array<unsigned char, 2> { unsigned char [2] elems; }_required_outputs;  struct std::array<unsigned char, 2> { unsigned char [2] elems; }_required_inputs; unsigned _ExtInt(24) anon_pad$11; })(byte_update_little_endian((unsigned _ExtInt(224))({ ._active_register=0, ._active_bank=0, ._new_command=0, .interrupt_low_vector={ .elems={ 255, 255 } },
    .state_at_last_interrupt_check={ .elems = { 0 } },
    ._gpio_pin_state={ .elems = { 0 } },
    ._gpio_output={ .elems={ 255, 255 } },
    ._gpio_inversion_enable={ .elems = { 0 } },
    ._gpio_direction_config={ .elems={ 255, 255 } },
    ._required_outputs={ .elems = { 0 } },
    ._required_inputs={ .elems = { 0 } },
    .anon_pad$11=0 }), 9, 255))

State 7 file /Users/user/NVIDIA-OpenSMA/src/nv/emulation/pca9555.cpp line 338 column 5 function next_bank thread 0
----------------------------------------------------
  *bank::0 = { ._active_register=0, ._active_bank=1, ._new_command=0, .interrupt_low_vector={ .elems={ 255, 255 } },
    .state_at_last_interrupt_check={ .elems = { 0 } },
    ._gpio_pin_state={ .elems = { 0 } },
    ._gpio_output={ .elems={ 255, 255 } },
    ._gpio_inversion_enable={ .elems = { 0 } },
    ._gpio_direction_config={ .elems={ 255, 255 } },
    ._required_outputs={ .elems = { 0 } },
    ._required_inputs={ .elems = { 0 } },
    .anon_pad$11=0 }

State 8 file /Users/user/NVIDIA-OpenSMA/src/nv/emulation/pca9555.cpp line 80 column 5 function i2c_read thread 0
----------------------------------------------------
  this->_new_command = { ._active_register=0, ._active_bank=1, ._new_command=0, .interrupt_low_vector={ .elems={ 255, 255 } },
    .state_at_last_interrupt_check={ .elems = { 0 } },
    ._gpio_pin_state={ .elems = { 0 } },
    ._gpio_output={ .elems={ 255, 255 } },
    ._gpio_inversion_enable={ .elems = { 0 } },
    ._gpio_direction_config={ .elems={ 255, 255 } },
    ._required_outputs={ .elems = { 0 } },
    ._required_inputs={ .elems = { 0 } },
    .anon_pad$11=0 }

State 9 file /Users/user/NVIDIA-OpenSMA/src/nv/emulation/pca9555.cpp line 87 column 13 function i2c_read thread 0
----------------------------------------------------
  *return_value$_at$3 = ( class nv::emulation::Pca9555 { unsigned int _active_register; unsigned int _active_bank; _Bool _new_command;  struct std::array<unsigned char, 2> { unsigned char [2] elems; }interrupt_low_vector;  struct std::array<unsigned char, 2> { unsigned char [2] elems; }state_at_last_interrupt_check;  struct std::array<unsigned char, 2> { unsigned char [2] elems; }_gpio_pin_state;  struct std::array<unsigned char, 2> { unsigned char [2] elems; }_gpio_output;  struct std::array<unsigned char, 2> { unsigned char [2] elems; }_gpio_inversion_enable;  struct std::array<unsigned char, 2> { unsigned char [2] elems; }_gpio_direction_config;  struct std::array<unsigned char, 2> { unsigned char [2] elems; }_required_outputs;  struct std::array<unsigned char, 2> { unsigned char [2] elems; }_required_inputs; unsigned _ExtInt(24) anon_pad$11; })(byte_update_little_endian((unsigned _ExtInt(224))({ ._active_register=0, ._active_bank=1, ._new_command=0, .interrupt_low_vector={ .elems={ 255, 255 } },
    .state_at_last_interrupt_check={ .elems = { 0 } },
    ._gpio_pin_state={ .elems = { 0 } },
    ._gpio_output={ .elems={ 255, 255 } },
    ._gpio_inversion_enable={ .elems = { 0 } },
    ._gpio_direction_config={ .elems={ 255, 255 } },
    ._required_outputs={ .elems = { 0 } },
    ._required_inputs={ .elems = { 0 } },
    .anon_pad$11=0 }), 10, 255))

State 10 file /Users/user/NVIDIA-OpenSMA/src/nv/emulation/pca9555.cpp line 338 column 5 function next_bank thread 0
----------------------------------------------------
  *bank::0 = { ._active_register=0, ._active_bank=0, ._new_command=0, .interrupt_low_vector={ .elems={ 255, 255 } },
    .state_at_last_interrupt_check={ .elems = { 0 } },
    ._gpio_pin_state={ .elems = { 0 } },
    ._gpio_output={ .elems={ 255, 255 } },
    ._gpio_inversion_enable={ .elems = { 0 } },
    ._gpio_direction_config={ .elems={ 255, 255 } },
    ._required_outputs={ .elems = { 0 } },
    ._required_inputs={ .elems = { 0 } },
    .anon_pad$11=0 }

State 11 file /Users/user/NVIDIA-OpenSMA/verification/harnesses/pca9555_harness.cpp line 55 column 14 function f_totality thread 0
----------------------------------------------------
  *return_value$_operator[]$5 = { .elems={ nondet_symbol(symex::nondet27), 0, 0, 0, 0, 0, 0, 0, 0, 0, 0, 0, 0, 0, 0, 0, 0, 0, 0, 0, 0, 0, 0, 0, 0, 0, 0, 0, 0, 0, 0, 0, 0, 0, 0 } }

State 12 file /Users/user/NVIDIA-OpenSMA/verification/harnesses/pca9555_harness.cpp line 56 column 14 function f_totality thread 0
----------------------------------------------------
  *return_value$_operator[]$6 = { .elems = 0 }

State 15 file /Users/user/NVIDIA-OpenSMA/src/nv/emulation/pca9555.cpp line 128 column 9 function i2c_write thread 0
----------------------------------------------------
  this->_new_command = { ._active_register=0, ._active_bank=0, ._new_command=1, .interrupt_low_vector={ .elems={ 255, 255 } },
    .state_at_last_interrupt_check={ .elems = { 0 } },
    ._gpio_pin_state={ .elems = { 0 } },
    ._gpio_output={ .elems={ 255, 255 } },
    ._gpio_inversion_enable={ .elems = { 0 } },
    ._gpio_direction_config={ .elems={ 255, 255 } },
    ._required_outputs={ .elems = { 0 } },
    ._required_inputs={ .elems = { 0 } },
    .anon_pad$11=0 }

State 16 file /Users/user/NVIDIA-OpenSMA/src/nv/emulation/pca9555.cpp line 129 column 9 function i2c_write thread 0
----------------------------------------------------
  this->_active_register = { ._active_register=127, ._active_bank=0, ._new_command=1,
    .interrupt_low_vector={ .elems={ 255, 255 } }, .state_at_last_interrupt_check={ .elems = { 0 } },
    ._gpio_pin_state={ .elems = { 0 } },
    ._gpio_output={ .elems={ 255, 255 } },
    ._gpio_inversion_enable={ .elems = { 0 } },
    ._gpio_direction_config={ .elems={ 255, 255 } },
    ._required_outputs={ .elems = { 0 } },
    ._required_inputs={ .elems = { 0 } },
    .anon_pad$11=0 }

State 17 file /Users/user/NVIDIA-OpenSMA/src/nv/emulation/pca9555.cpp line 130 column 9 function i2c_write thread 0
----------------------------------------------------
  this->_active_bank = { ._active_register=127, ._active_bank=0, ._new_command=1,
    .interrupt_low_vector={ .elems={ 255, 255 } }, .state_at_last_interrupt_check={ .elems = { 0 } },
    ._gpio_pin_state={ .elems = { 0 } },
    ._gpio_output={ .elems={ 255, 255 } },
    ._gpio_inversion_enable={ .elems = { 0 } },
    ._gpio_direction_config={ .elems={ 255, 255 } },
    ._required_outputs={ .elems = { 0 } },
    ._required_inputs={ .elems = { 0 } },
    .anon_pad$11=0 }

State 20 file /Users/user/NVIDIA-OpenSMA/src/nv/emulation/pca9555.cpp line 158 column 18 function i2c_write thread 0
----------------------------------------------------
Violated property:
  file /Users/user/NVIDIA-OpenSMA/src/nv/emulation/pca9555.cpp line 158 column 18 function i2c_write
  (signed int)i < (signed int)data_length::1 && (signed int)CommandRegister != 0 && (signed int)CommandRegister != 1 && (signed int)CommandRegister != 2

Slicing time: 0.003s (removed 115 assignments)
No solver specified; defaulting to bitwuzla
Solving claim '(signed int)i < (signed int)data_length::1 && (signed int)CommandRegister != 0 && (signed int)CommandRegister != 1 && (signed int)CommandRegister == 2 at file /Users/user/NVIDIA-OpenSMA/src/nv/emulation/pca9555.cpp line 158 column 18 function i2c_write' with solver Bitwuzla 0.8.2
Encoding remaining VCC(s) using bit-vector/floating-point arithmetic
Encoding to solver time: 0.010s
Solving with solver Bitwuzla 0.8.2
Runtime decision procedure: 0.002s
✗ FAILED: '(signed int)i < (signed int)data_length::1 && (signed int)CommandRegister != 0 && (signed int)CommandRegister != 1 && (signed int)CommandRegister == 2 at file /Users/user/NVIDIA-OpenSMA/src/nv/emulation/pca9555.cpp line 158 column 18 function i2c_write'

[Counterexample]


State 1 file /Users/user/NVIDIA-OpenSMA/verification/harnesses/pca9555_harness.cpp line 43 column 5 function f_totality thread 0
----------------------------------------------------
  init = 0 (00000000 00000000)

State 2 file /Users/user/NVIDIA-OpenSMA/verification/harnesses/pca9555_harness.cpp line 44 column 5 function f_totality thread 0
----------------------------------------------------
  out_m = 0 (00000000 00000000)

State 3 file /Users/user/NVIDIA-OpenSMA/verification/harnesses/pca9555_harness.cpp line 45 column 5 function f_totality thread 0
----------------------------------------------------
  in_m = 0 (00000000 00000000)

State 4 file /Users/user/NVIDIA-OpenSMA/verification/harnesses/pca9555_harness.cpp line 46 column 5 function f_totality thread 0
----------------------------------------------------
  dev = { ._active_register=0, ._active_bank=0, ._new_command=1, .interrupt_low_vector={ .elems={ 255, 255 } },
    .state_at_last_interrupt_check={ .elems = { 0 } },
    ._gpio_pin_state={ .elems = { 0 } },
    ._gpio_output={ .elems={ 255, 255 } },
    ._gpio_inversion_enable={ .elems = { 0 } },
    ._gpio_direction_config={ .elems={ 255, 255 } },
    ._required_outputs={ .elems = { 0 } },
    ._required_inputs={ .elems = { 0 } },
    .anon_pad$11=0 }

State 5 file /Users/user/NVIDIA-OpenSMA/src/nv/emulation/pca9555.cpp line 80 column 5 function i2c_read thread 0
----------------------------------------------------
  this->_new_command = { ._active_register=0, ._active_bank=0, ._new_command=0, .interrupt_low_vector={ .elems={ 255, 255 } },
    .state_at_last_interrupt_check={ .elems = { 0 } },
    ._gpio_pin_state={ .elems = { 0 } },
    ._gpio_output={ .elems={ 255, 255 } },
    ._gpio_inversion_enable={ .elems = { 0 } },
    ._gpio_direction_config={ .elems={ 255, 255 } },
    ._required_outputs={ .elems = { 0 } },
    ._required_inputs={ .elems = { 0 } },
    .anon_pad$11=0 }

State 6 file /Users/user/NVIDIA-OpenSMA/src/nv/emulation/pca9555.cpp line 87 column 13 function i2c_read thread 0
----------------------------------------------------
  *return_value$_at$3 = ( class nv::emulation::Pca9555 { unsigned int _active_register; unsigned int _active_bank; _Bool _new_command;  struct std::array<unsigned char, 2> { unsigned char [2] elems; }interrupt_low_vector;  struct std::array<unsigned char, 2> { unsigned char [2] elems; }state_at_last_interrupt_check;  struct std::array<unsigned char, 2> { unsigned char [2] elems; }_gpio_pin_state;  struct std::array<unsigned char, 2> { unsigned char [2] elems; }_gpio_output;  struct std::array<unsigned char, 2> { unsigned char [2] elems; }_gpio_inversion_enable;  struct std::array<unsigned char, 2> { unsigned char [2] elems; }_gpio_direction_config;  struct std::array<unsigned char, 2> { unsigned char [2] elems; }_required_outputs;  struct std::array<unsigned char, 2> { unsigned char [2] elems; }_required_inputs; unsigned _ExtInt(24) anon_pad$11; })(byte_update_little_endian((unsigned _ExtInt(224))({ ._active_register=0, ._active_bank=0, ._new_command=0, .interrupt_low_vector={ .elems={ 255, 255 } },
    .state_at_last_interrupt_check={ .elems = { 0 } },
    ._gpio_pin_state={ .elems = { 0 } },
    ._gpio_output={ .elems={ 255, 255 } },
    ._gpio_inversion_enable={ .elems = { 0 } },
    ._gpio_direction_config={ .elems={ 255, 255 } },
    ._required_outputs={ .elems = { 0 } },
    ._required_inputs={ .elems = { 0 } },
    .anon_pad$11=0 }), 9, 255))

State 7 file /Users/user/NVIDIA-OpenSMA/src/nv/emulation/pca9555.cpp line 338 column 5 function next_bank thread 0
----------------------------------------------------
  *bank::0 = { ._active_register=0, ._active_bank=1, ._new_command=0, .interrupt_low_vector={ .elems={ 255, 255 } },
    .state_at_last_interrupt_check={ .elems = { 0 } },
    ._gpio_pin_state={ .elems = { 0 } },
    ._gpio_output={ .elems={ 255, 255 } },
    ._gpio_inversion_enable={ .elems = { 0 } },
    ._gpio_direction_config={ .elems={ 255, 255 } },
    ._required_outputs={ .elems = { 0 } },
    ._required_inputs={ .elems = { 0 } },
    .anon_pad$11=0 }

State 8 file /Users/user/NVIDIA-OpenSMA/src/nv/emulation/pca9555.cpp line 80 column 5 function i2c_read thread 0
----------------------------------------------------
  this->_new_command = { ._active_register=0, ._active_bank=1, ._new_command=0, .interrupt_low_vector={ .elems={ 255, 255 } },
    .state_at_last_interrupt_check={ .elems = { 0 } },
    ._gpio_pin_state={ .elems = { 0 } },
    ._gpio_output={ .elems={ 255, 255 } },
    ._gpio_inversion_enable={ .elems = { 0 } },
    ._gpio_direction_config={ .elems={ 255, 255 } },
    ._required_outputs={ .elems = { 0 } },
    ._required_inputs={ .elems = { 0 } },
    .anon_pad$11=0 }

State 9 file /Users/user/NVIDIA-OpenSMA/src/nv/emulation/pca9555.cpp line 87 column 13 function i2c_read thread 0
----------------------------------------------------
  *return_value$_at$3 = ( class nv::emulation::Pca9555 { unsigned int _active_register; unsigned int _active_bank; _Bool _new_command;  struct std::array<unsigned char, 2> { unsigned char [2] elems; }interrupt_low_vector;  struct std::array<unsigned char, 2> { unsigned char [2] elems; }state_at_last_interrupt_check;  struct std::array<unsigned char, 2> { unsigned char [2] elems; }_gpio_pin_state;  struct std::array<unsigned char, 2> { unsigned char [2] elems; }_gpio_output;  struct std::array<unsigned char, 2> { unsigned char [2] elems; }_gpio_inversion_enable;  struct std::array<unsigned char, 2> { unsigned char [2] elems; }_gpio_direction_config;  struct std::array<unsigned char, 2> { unsigned char [2] elems; }_required_outputs;  struct std::array<unsigned char, 2> { unsigned char [2] elems; }_required_inputs; unsigned _ExtInt(24) anon_pad$11; })(byte_update_little_endian((unsigned _ExtInt(224))({ ._active_register=0, ._active_bank=1, ._new_command=0, .interrupt_low_vector={ .elems={ 255, 255 } },
    .state_at_last_interrupt_check={ .elems = { 0 } },
    ._gpio_pin_state={ .elems = { 0 } },
    ._gpio_output={ .elems={ 255, 255 } },
    ._gpio_inversion_enable={ .elems = { 0 } },
    ._gpio_direction_config={ .elems={ 255, 255 } },
    ._required_outputs={ .elems = { 0 } },
    ._required_inputs={ .elems = { 0 } },
    .anon_pad$11=0 }), 10, 255))

State 10 file /Users/user/NVIDIA-OpenSMA/src/nv/emulation/pca9555.cpp line 338 column 5 function next_bank thread 0
----------------------------------------------------
  *bank::0 = { ._active_register=0, ._active_bank=0, ._new_command=0, .interrupt_low_vector={ .elems={ 255, 255 } },
    .state_at_last_interrupt_check={ .elems = { 0 } },
    ._gpio_pin_state={ .elems = { 0 } },
    ._gpio_output={ .elems={ 255, 255 } },
    ._gpio_inversion_enable={ .elems = { 0 } },
    ._gpio_direction_config={ .elems={ 255, 255 } },
    ._required_outputs={ .elems = { 0 } },
    ._required_inputs={ .elems = { 0 } },
    .anon_pad$11=0 }

State 11 file /Users/user/NVIDIA-OpenSMA/verification/harnesses/pca9555_harness.cpp line 55 column 14 function f_totality thread 0
----------------------------------------------------
  *return_value$_operator[]$5 = { .elems={ nondet_symbol(symex::nondet27), 0, 0, 0, 0, 0, 0, 0, 0, 0, 0, 0, 0, 0, 0, 0, 0, 0, 0, 0, 0, 0, 0, 0, 0, 0, 0, 0, 0, 0, 0, 0, 0, 0, 0 } }

State 12 file /Users/user/NVIDIA-OpenSMA/verification/harnesses/pca9555_harness.cpp line 56 column 14 function f_totality thread 0
----------------------------------------------------
  *return_value$_operator[]$6 = { .elems = 0 }

State 15 file /Users/user/NVIDIA-OpenSMA/src/nv/emulation/pca9555.cpp line 128 column 9 function i2c_write thread 0
----------------------------------------------------
  this->_new_command = { ._active_register=0, ._active_bank=0, ._new_command=1, .interrupt_low_vector={ .elems={ 255, 255 } },
    .state_at_last_interrupt_check={ .elems = { 0 } },
    ._gpio_pin_state={ .elems = { 0 } },
    ._gpio_output={ .elems={ 255, 255 } },
    ._gpio_inversion_enable={ .elems = { 0 } },
    ._gpio_direction_config={ .elems={ 255, 255 } },
    ._required_outputs={ .elems = { 0 } },
    ._required_inputs={ .elems = { 0 } },
    .anon_pad$11=0 }

State 16 file /Users/user/NVIDIA-OpenSMA/src/nv/emulation/pca9555.cpp line 129 column 9 function i2c_write thread 0
----------------------------------------------------
  this->_active_register = { ._active_register=2, ._active_bank=0, ._new_command=1, .interrupt_low_vector={ .elems={ 255, 255 } },
    .state_at_last_interrupt_check={ .elems = { 0 } },
    ._gpio_pin_state={ .elems = { 0 } },
    ._gpio_output={ .elems={ 255, 255 } },
    ._gpio_inversion_enable={ .elems = { 0 } },
    ._gpio_direction_config={ .elems={ 255, 255 } },
    ._required_outputs={ .elems = { 0 } },
    ._required_inputs={ .elems = { 0 } },
    .anon_pad$11=0 }

State 17 file /Users/user/NVIDIA-OpenSMA/src/nv/emulation/pca9555.cpp line 130 column 9 function i2c_write thread 0
----------------------------------------------------
  this->_active_bank = { ._active_register=2, ._active_bank=0, ._new_command=1, .interrupt_low_vector={ .elems={ 255, 255 } },
    .state_at_last_interrupt_check={ .elems = { 0 } },
    ._gpio_pin_state={ .elems = { 0 } },
    ._gpio_output={ .elems={ 255, 255 } },
    ._gpio_inversion_enable={ .elems = { 0 } },
    ._gpio_direction_config={ .elems={ 255, 255 } },
    ._required_outputs={ .elems = { 0 } },
    ._required_inputs={ .elems = { 0 } },
    .anon_pad$11=0 }

State 20 file /Users/user/NVIDIA-OpenSMA/src/nv/emulation/pca9555.cpp line 158 column 18 function i2c_write thread 0
----------------------------------------------------
Violated property:
  file /Users/user/NVIDIA-OpenSMA/src/nv/emulation/pca9555.cpp line 158 column 18 function i2c_write
  (signed int)i < (signed int)data_length::1 && (signed int)CommandRegister != 0 && (signed int)CommandRegister != 1 && (signed int)CommandRegister == 2
  (signed int)i >= (signed int)data_length::1 || (signed int)CommandRegister == 0 || (signed int)CommandRegister == 1 || (signed int)CommandRegister != 2

Slicing time: 0.002s (removed 115 assignments)
No solver specified; defaulting to bitwuzla
Solving claim '(signed int)data_length::1 <= 3 && (signed int)i < (signed int)data_length::1 && (signed int)CommandRegister == 0 && (signed int)CommandRegister != 1 at file /Users/user/NVIDIA-OpenSMA/src/nv/emulation/pca9555.cpp line 151 column 18 function i2c_write' with solver Bitwuzla 0.8.2
Encoding remaining VCC(s) using bit-vector/floating-point arithmetic
Encoding to solver time: 0.009s
Solving with solver Bitwuzla 0.8.2
Runtime decision procedure: 0.003s
✓ PASSED: '(signed int)data_length::1 <= 3 && (signed int)i < (signed int)data_length::1 && (signed int)CommandRegister == 0 && (signed int)CommandRegister != 1 at file /Users/user/NVIDIA-OpenSMA/src/nv/emulation/pca9555.cpp line 151 column 18 function i2c_write'
Slicing time: 0.003s (removed 115 assignments)
No solver specified; defaulting to bitwuzla
Solving claim '(signed int)data_length::1 <= 3 && (signed int)i < (signed int)data_length::1 && (signed int)CommandRegister == 0 && (signed int)CommandRegister == 1 at file /Users/user/NVIDIA-OpenSMA/src/nv/emulation/pca9555.cpp line 151 column 18 function i2c_write' with solver Bitwuzla 0.8.2
Encoding remaining VCC(s) using bit-vector/floating-point arithmetic
Encoding to solver time: 0.010s
Solving with solver Bitwuzla 0.8.2
Runtime decision procedure: 0.002s
✓ PASSED: '(signed int)data_length::1 <= 3 && (signed int)i < (signed int)data_length::1 && (signed int)CommandRegister == 0 && (signed int)CommandRegister == 1 at file /Users/user/NVIDIA-OpenSMA/src/nv/emulation/pca9555.cpp line 151 column 18 function i2c_write'
Slicing time: 0.003s (removed 115 assignments)
No solver specified; defaulting to bitwuzla
Solving claim '(signed int)data_length::1 <= 3 && (signed int)i < (signed int)data_length::1 && (signed int)CommandRegister != 0 && (signed int)CommandRegister != 1 at file /Users/user/NVIDIA-OpenSMA/src/nv/emulation/pca9555.cpp line 151 column 18 function i2c_write' with solver Bitwuzla 0.8.2
Encoding remaining VCC(s) using bit-vector/floating-point arithmetic
Encoding to solver time: 0.009s
Solving with solver Bitwuzla 0.8.2
Runtime decision procedure: 0.002s
✗ FAILED: '(signed int)data_length::1 <= 3 && (signed int)i < (signed int)data_length::1 && (signed int)CommandRegister != 0 && (signed int)CommandRegister != 1 at file /Users/user/NVIDIA-OpenSMA/src/nv/emulation/pca9555.cpp line 151 column 18 function i2c_write'

[Counterexample]


State 1 file /Users/user/NVIDIA-OpenSMA/verification/harnesses/pca9555_harness.cpp line 43 column 5 function f_totality thread 0
----------------------------------------------------
  init = 0 (00000000 00000000)

State 2 file /Users/user/NVIDIA-OpenSMA/verification/harnesses/pca9555_harness.cpp line 44 column 5 function f_totality thread 0
----------------------------------------------------
  out_m = 0 (00000000 00000000)

State 3 file /Users/user/NVIDIA-OpenSMA/verification/harnesses/pca9555_harness.cpp line 45 column 5 function f_totality thread 0
----------------------------------------------------
  in_m = 0 (00000000 00000000)

State 4 file /Users/user/NVIDIA-OpenSMA/verification/harnesses/pca9555_harness.cpp line 46 column 5 function f_totality thread 0
----------------------------------------------------
  dev = { ._active_register=0, ._active_bank=0, ._new_command=1, .interrupt_low_vector={ .elems={ 255, 255 } },
    .state_at_last_interrupt_check={ .elems = { 0 } },
    ._gpio_pin_state={ .elems = { 0 } },
    ._gpio_output={ .elems={ 255, 255 } },
    ._gpio_inversion_enable={ .elems = { 0 } },
    ._gpio_direction_config={ .elems={ 255, 255 } },
    ._required_outputs={ .elems = { 0 } },
    ._required_inputs={ .elems = { 0 } },
    .anon_pad$11=0 }

State 5 file /Users/user/NVIDIA-OpenSMA/src/nv/emulation/pca9555.cpp line 80 column 5 function i2c_read thread 0
----------------------------------------------------
  this->_new_command = { ._active_register=0, ._active_bank=0, ._new_command=0, .interrupt_low_vector={ .elems={ 255, 255 } },
    .state_at_last_interrupt_check={ .elems = { 0 } },
    ._gpio_pin_state={ .elems = { 0 } },
    ._gpio_output={ .elems={ 255, 255 } },
    ._gpio_inversion_enable={ .elems = { 0 } },
    ._gpio_direction_config={ .elems={ 255, 255 } },
    ._required_outputs={ .elems = { 0 } },
    ._required_inputs={ .elems = { 0 } },
    .anon_pad$11=0 }

State 6 file /Users/user/NVIDIA-OpenSMA/src/nv/emulation/pca9555.cpp line 87 column 13 function i2c_read thread 0
----------------------------------------------------
  *return_value$_at$3 = ( class nv::emulation::Pca9555 { unsigned int _active_register; unsigned int _active_bank; _Bool _new_command;  struct std::array<unsigned char, 2> { unsigned char [2] elems; }interrupt_low_vector;  struct std::array<unsigned char, 2> { unsigned char [2] elems; }state_at_last_interrupt_check;  struct std::array<unsigned char, 2> { unsigned char [2] elems; }_gpio_pin_state;  struct std::array<unsigned char, 2> { unsigned char [2] elems; }_gpio_output;  struct std::array<unsigned char, 2> { unsigned char [2] elems; }_gpio_inversion_enable;  struct std::array<unsigned char, 2> { unsigned char [2] elems; }_gpio_direction_config;  struct std::array<unsigned char, 2> { unsigned char [2] elems; }_required_outputs;  struct std::array<unsigned char, 2> { unsigned char [2] elems; }_required_inputs; unsigned _ExtInt(24) anon_pad$11; })(byte_update_little_endian((unsigned _ExtInt(224))({ ._active_register=0, ._active_bank=0, ._new_command=0, .interrupt_low_vector={ .elems={ 255, 255 } },
    .state_at_last_interrupt_check={ .elems = { 0 } },
    ._gpio_pin_state={ .elems = { 0 } },
    ._gpio_output={ .elems={ 255, 255 } },
    ._gpio_inversion_enable={ .elems = { 0 } },
    ._gpio_direction_config={ .elems={ 255, 255 } },
    ._required_outputs={ .elems = { 0 } },
    ._required_inputs={ .elems = { 0 } },
    .anon_pad$11=0 }), 9, 255))

State 7 file /Users/user/NVIDIA-OpenSMA/src/nv/emulation/pca9555.cpp line 338 column 5 function next_bank thread 0
----------------------------------------------------
  *bank::0 = { ._active_register=0, ._active_bank=1, ._new_command=0, .interrupt_low_vector={ .elems={ 255, 255 } },
    .state_at_last_interrupt_check={ .elems = { 0 } },
    ._gpio_pin_state={ .elems = { 0 } },
    ._gpio_output={ .elems={ 255, 255 } },
    ._gpio_inversion_enable={ .elems = { 0 } },
    ._gpio_direction_config={ .elems={ 255, 255 } },
    ._required_outputs={ .elems = { 0 } },
    ._required_inputs={ .elems = { 0 } },
    .anon_pad$11=0 }

State 8 file /Users/user/NVIDIA-OpenSMA/src/nv/emulation/pca9555.cpp line 80 column 5 function i2c_read thread 0
----------------------------------------------------
  this->_new_command = { ._active_register=0, ._active_bank=1, ._new_command=0, .interrupt_low_vector={ .elems={ 255, 255 } },
    .state_at_last_interrupt_check={ .elems = { 0 } },
    ._gpio_pin_state={ .elems = { 0 } },
    ._gpio_output={ .elems={ 255, 255 } },
    ._gpio_inversion_enable={ .elems = { 0 } },
    ._gpio_direction_config={ .elems={ 255, 255 } },
    ._required_outputs={ .elems = { 0 } },
    ._required_inputs={ .elems = { 0 } },
    .anon_pad$11=0 }

State 9 file /Users/user/NVIDIA-OpenSMA/src/nv/emulation/pca9555.cpp line 87 column 13 function i2c_read thread 0
----------------------------------------------------
  *return_value$_at$3 = ( class nv::emulation::Pca9555 { unsigned int _active_register; unsigned int _active_bank; _Bool _new_command;  struct std::array<unsigned char, 2> { unsigned char [2] elems; }interrupt_low_vector;  struct std::array<unsigned char, 2> { unsigned char [2] elems; }state_at_last_interrupt_check;  struct std::array<unsigned char, 2> { unsigned char [2] elems; }_gpio_pin_state;  struct std::array<unsigned char, 2> { unsigned char [2] elems; }_gpio_output;  struct std::array<unsigned char, 2> { unsigned char [2] elems; }_gpio_inversion_enable;  struct std::array<unsigned char, 2> { unsigned char [2] elems; }_gpio_direction_config;  struct std::array<unsigned char, 2> { unsigned char [2] elems; }_required_outputs;  struct std::array<unsigned char, 2> { unsigned char [2] elems; }_required_inputs; unsigned _ExtInt(24) anon_pad$11; })(byte_update_little_endian((unsigned _ExtInt(224))({ ._active_register=0, ._active_bank=1, ._new_command=0, .interrupt_low_vector={ .elems={ 255, 255 } },
    .state_at_last_interrupt_check={ .elems = { 0 } },
    ._gpio_pin_state={ .elems = { 0 } },
    ._gpio_output={ .elems={ 255, 255 } },
    ._gpio_inversion_enable={ .elems = { 0 } },
    ._gpio_direction_config={ .elems={ 255, 255 } },
    ._required_outputs={ .elems = { 0 } },
    ._required_inputs={ .elems = { 0 } },
    .anon_pad$11=0 }), 10, 255))

State 10 file /Users/user/NVIDIA-OpenSMA/src/nv/emulation/pca9555.cpp line 338 column 5 function next_bank thread 0
----------------------------------------------------
  *bank::0 = { ._active_register=0, ._active_bank=0, ._new_command=0, .interrupt_low_vector={ .elems={ 255, 255 } },
    .state_at_last_interrupt_check={ .elems = { 0 } },
    ._gpio_pin_state={ .elems = { 0 } },
    ._gpio_output={ .elems={ 255, 255 } },
    ._gpio_inversion_enable={ .elems = { 0 } },
    ._gpio_direction_config={ .elems={ 255, 255 } },
    ._required_outputs={ .elems = { 0 } },
    ._required_inputs={ .elems = { 0 } },
    .anon_pad$11=0 }

State 11 file /Users/user/NVIDIA-OpenSMA/verification/harnesses/pca9555_harness.cpp line 55 column 14 function f_totality thread 0
----------------------------------------------------
  *return_value$_operator[]$5 = { .elems={ nondet_symbol(symex::nondet27), 0, 0, 0, 0, 0, 0, 0, 0, 0, 0, 0, 0, 0, 0, 0, 0, 0, 0, 0, 0, 0, 0, 0, 0, 0, 0, 0, 0, 0, 0, 0, 0, 0, 0 } }

State 12 file /Users/user/NVIDIA-OpenSMA/verification/harnesses/pca9555_harness.cpp line 56 column 14 function f_totality thread 0
----------------------------------------------------
  *return_value$_operator[]$6 = { .elems = 0 }

State 15 file /Users/user/NVIDIA-OpenSMA/src/nv/emulation/pca9555.cpp line 128 column 9 function i2c_write thread 0
----------------------------------------------------
  this->_new_command = { ._active_register=0, ._active_bank=0, ._new_command=1, .interrupt_low_vector={ .elems={ 255, 255 } },
    .state_at_last_interrupt_check={ .elems = { 0 } },
    ._gpio_pin_state={ .elems = { 0 } },
    ._gpio_output={ .elems={ 255, 255 } },
    ._gpio_inversion_enable={ .elems = { 0 } },
    ._gpio_direction_config={ .elems={ 255, 255 } },
    ._required_outputs={ .elems = { 0 } },
    ._required_inputs={ .elems = { 0 } },
    .anon_pad$11=0 }

State 16 file /Users/user/NVIDIA-OpenSMA/src/nv/emulation/pca9555.cpp line 129 column 9 function i2c_write thread 0
----------------------------------------------------
  this->_active_register = { ._active_register=127, ._active_bank=0, ._new_command=1,
    .interrupt_low_vector={ .elems={ 255, 255 } }, .state_at_last_interrupt_check={ .elems = { 0 } },
    ._gpio_pin_state={ .elems = { 0 } },
    ._gpio_output={ .elems={ 255, 255 } },
    ._gpio_inversion_enable={ .elems = { 0 } },
    ._gpio_direction_config={ .elems={ 255, 255 } },
    ._required_outputs={ .elems = { 0 } },
    ._required_inputs={ .elems = { 0 } },
    .anon_pad$11=0 }

State 17 file /Users/user/NVIDIA-OpenSMA/src/nv/emulation/pca9555.cpp line 130 column 9 function i2c_write thread 0
----------------------------------------------------
  this->_active_bank = { ._active_register=127, ._active_bank=0, ._new_command=1,
    .interrupt_low_vector={ .elems={ 255, 255 } }, .state_at_last_interrupt_check={ .elems = { 0 } },
    ._gpio_pin_state={ .elems = { 0 } },
    ._gpio_output={ .elems={ 255, 255 } },
    ._gpio_inversion_enable={ .elems = { 0 } },
    ._gpio_direction_config={ .elems={ 255, 255 } },
    ._required_outputs={ .elems = { 0 } },
    ._required_inputs={ .elems = { 0 } },
    .anon_pad$11=0 }

State 20 file /Users/user/NVIDIA-OpenSMA/src/nv/emulation/pca9555.cpp line 151 column 18 function i2c_write thread 0
----------------------------------------------------
Violated property:
  file /Users/user/NVIDIA-OpenSMA/src/nv/emulation/pca9555.cpp line 151 column 18 function i2c_write
  (signed int)data_length::1 <= 3 && (signed int)i < (signed int)data_length::1 && (signed int)CommandRegister != 0 && (signed int)CommandRegister != 1

Slicing time: 0.002s (removed 115 assignments)
No solver specified; defaulting to bitwuzla
Solving claim '(signed int)data_length::1 <= 3 && (signed int)i < (signed int)data_length::1 && (signed int)CommandRegister != 0 && (signed int)CommandRegister == 1 at file /Users/user/NVIDIA-OpenSMA/src/nv/emulation/pca9555.cpp line 151 column 18 function i2c_write' with solver Bitwuzla 0.8.2
Encoding remaining VCC(s) using bit-vector/floating-point arithmetic
Encoding to solver time: 0.009s
Solving with solver Bitwuzla 0.8.2
Runtime decision procedure: 0.003s
✗ FAILED: '(signed int)data_length::1 <= 3 && (signed int)i < (signed int)data_length::1 && (signed int)CommandRegister != 0 && (signed int)CommandRegister == 1 at file /Users/user/NVIDIA-OpenSMA/src/nv/emulation/pca9555.cpp line 151 column 18 function i2c_write'

[Counterexample]


State 1 file /Users/user/NVIDIA-OpenSMA/verification/harnesses/pca9555_harness.cpp line 43 column 5 function f_totality thread 0
----------------------------------------------------
  init = 0 (00000000 00000000)

State 2 file /Users/user/NVIDIA-OpenSMA/verification/harnesses/pca9555_harness.cpp line 44 column 5 function f_totality thread 0
----------------------------------------------------
  out_m = 0 (00000000 00000000)

State 3 file /Users/user/NVIDIA-OpenSMA/verification/harnesses/pca9555_harness.cpp line 45 column 5 function f_totality thread 0
----------------------------------------------------
  in_m = 0 (00000000 00000000)

State 4 file /Users/user/NVIDIA-OpenSMA/verification/harnesses/pca9555_harness.cpp line 46 column 5 function f_totality thread 0
----------------------------------------------------
  dev = { ._active_register=0, ._active_bank=0, ._new_command=1, .interrupt_low_vector={ .elems={ 255, 255 } },
    .state_at_last_interrupt_check={ .elems = { 0 } },
    ._gpio_pin_state={ .elems = { 0 } },
    ._gpio_output={ .elems={ 255, 255 } },
    ._gpio_inversion_enable={ .elems = { 0 } },
    ._gpio_direction_config={ .elems={ 255, 255 } },
    ._required_outputs={ .elems = { 0 } },
    ._required_inputs={ .elems = { 0 } },
    .anon_pad$11=0 }

State 5 file /Users/user/NVIDIA-OpenSMA/src/nv/emulation/pca9555.cpp line 80 column 5 function i2c_read thread 0
----------------------------------------------------
  this->_new_command = { ._active_register=0, ._active_bank=0, ._new_command=0, .interrupt_low_vector={ .elems={ 255, 255 } },
    .state_at_last_interrupt_check={ .elems = { 0 } },
    ._gpio_pin_state={ .elems = { 0 } },
    ._gpio_output={ .elems={ 255, 255 } },
    ._gpio_inversion_enable={ .elems = { 0 } },
    ._gpio_direction_config={ .elems={ 255, 255 } },
    ._required_outputs={ .elems = { 0 } },
    ._required_inputs={ .elems = { 0 } },
    .anon_pad$11=0 }

State 6 file /Users/user/NVIDIA-OpenSMA/src/nv/emulation/pca9555.cpp line 87 column 13 function i2c_read thread 0
----------------------------------------------------
  *return_value$_at$3 = ( class nv::emulation::Pca9555 { unsigned int _active_register; unsigned int _active_bank; _Bool _new_command;  struct std::array<unsigned char, 2> { unsigned char [2] elems; }interrupt_low_vector;  struct std::array<unsigned char, 2> { unsigned char [2] elems; }state_at_last_interrupt_check;  struct std::array<unsigned char, 2> { unsigned char [2] elems; }_gpio_pin_state;  struct std::array<unsigned char, 2> { unsigned char [2] elems; }_gpio_output;  struct std::array<unsigned char, 2> { unsigned char [2] elems; }_gpio_inversion_enable;  struct std::array<unsigned char, 2> { unsigned char [2] elems; }_gpio_direction_config;  struct std::array<unsigned char, 2> { unsigned char [2] elems; }_required_outputs;  struct std::array<unsigned char, 2> { unsigned char [2] elems; }_required_inputs; unsigned _ExtInt(24) anon_pad$11; })(byte_update_little_endian((unsigned _ExtInt(224))({ ._active_register=0, ._active_bank=0, ._new_command=0, .interrupt_low_vector={ .elems={ 255, 255 } },
    .state_at_last_interrupt_check={ .elems = { 0 } },
    ._gpio_pin_state={ .elems = { 0 } },
    ._gpio_output={ .elems={ 255, 255 } },
    ._gpio_inversion_enable={ .elems = { 0 } },
    ._gpio_direction_config={ .elems={ 255, 255 } },
    ._required_outputs={ .elems = { 0 } },
    ._required_inputs={ .elems = { 0 } },
    .anon_pad$11=0 }), 9, 255))

State 7 file /Users/user/NVIDIA-OpenSMA/src/nv/emulation/pca9555.cpp line 338 column 5 function next_bank thread 0
----------------------------------------------------
  *bank::0 = { ._active_register=0, ._active_bank=1, ._new_command=0, .interrupt_low_vector={ .elems={ 255, 255 } },
    .state_at_last_interrupt_check={ .elems = { 0 } },
    ._gpio_pin_state={ .elems = { 0 } },
    ._gpio_output={ .elems={ 255, 255 } },
    ._gpio_inversion_enable={ .elems = { 0 } },
    ._gpio_direction_config={ .elems={ 255, 255 } },
    ._required_outputs={ .elems = { 0 } },
    ._required_inputs={ .elems = { 0 } },
    .anon_pad$11=0 }

State 8 file /Users/user/NVIDIA-OpenSMA/src/nv/emulation/pca9555.cpp line 80 column 5 function i2c_read thread 0
----------------------------------------------------
  this->_new_command = { ._active_register=0, ._active_bank=1, ._new_command=0, .interrupt_low_vector={ .elems={ 255, 255 } },
    .state_at_last_interrupt_check={ .elems = { 0 } },
    ._gpio_pin_state={ .elems = { 0 } },
    ._gpio_output={ .elems={ 255, 255 } },
    ._gpio_inversion_enable={ .elems = { 0 } },
    ._gpio_direction_config={ .elems={ 255, 255 } },
    ._required_outputs={ .elems = { 0 } },
    ._required_inputs={ .elems = { 0 } },
    .anon_pad$11=0 }

State 9 file /Users/user/NVIDIA-OpenSMA/src/nv/emulation/pca9555.cpp line 87 column 13 function i2c_read thread 0
----------------------------------------------------
  *return_value$_at$3 = ( class nv::emulation::Pca9555 { unsigned int _active_register; unsigned int _active_bank; _Bool _new_command;  struct std::array<unsigned char, 2> { unsigned char [2] elems; }interrupt_low_vector;  struct std::array<unsigned char, 2> { unsigned char [2] elems; }state_at_last_interrupt_check;  struct std::array<unsigned char, 2> { unsigned char [2] elems; }_gpio_pin_state;  struct std::array<unsigned char, 2> { unsigned char [2] elems; }_gpio_output;  struct std::array<unsigned char, 2> { unsigned char [2] elems; }_gpio_inversion_enable;  struct std::array<unsigned char, 2> { unsigned char [2] elems; }_gpio_direction_config;  struct std::array<unsigned char, 2> { unsigned char [2] elems; }_required_outputs;  struct std::array<unsigned char, 2> { unsigned char [2] elems; }_required_inputs; unsigned _ExtInt(24) anon_pad$11; })(byte_update_little_endian((unsigned _ExtInt(224))({ ._active_register=0, ._active_bank=1, ._new_command=0, .interrupt_low_vector={ .elems={ 255, 255 } },
    .state_at_last_interrupt_check={ .elems = { 0 } },
    ._gpio_pin_state={ .elems = { 0 } },
    ._gpio_output={ .elems={ 255, 255 } },
    ._gpio_inversion_enable={ .elems = { 0 } },
    ._gpio_direction_config={ .elems={ 255, 255 } },
    ._required_outputs={ .elems = { 0 } },
    ._required_inputs={ .elems = { 0 } },
    .anon_pad$11=0 }), 10, 255))

State 10 file /Users/user/NVIDIA-OpenSMA/src/nv/emulation/pca9555.cpp line 338 column 5 function next_bank thread 0
----------------------------------------------------
  *bank::0 = { ._active_register=0, ._active_bank=0, ._new_command=0, .interrupt_low_vector={ .elems={ 255, 255 } },
    .state_at_last_interrupt_check={ .elems = { 0 } },
    ._gpio_pin_state={ .elems = { 0 } },
    ._gpio_output={ .elems={ 255, 255 } },
    ._gpio_inversion_enable={ .elems = { 0 } },
    ._gpio_direction_config={ .elems={ 255, 255 } },
    ._required_outputs={ .elems = { 0 } },
    ._required_inputs={ .elems = { 0 } },
    .anon_pad$11=0 }

State 11 file /Users/user/NVIDIA-OpenSMA/verification/harnesses/pca9555_harness.cpp line 55 column 14 function f_totality thread 0
----------------------------------------------------
  *return_value$_operator[]$5 = { .elems={ nondet_symbol(symex::nondet27), 0, 0, 0, 0, 0, 0, 0, 0, 0, 0, 0, 0, 0, 0, 0, 0, 0, 0, 0, 0, 0, 0, 0, 0, 0, 0, 0, 0, 0, 0, 0, 0, 0, 0 } }

State 12 file /Users/user/NVIDIA-OpenSMA/verification/harnesses/pca9555_harness.cpp line 56 column 14 function f_totality thread 0
----------------------------------------------------
  *return_value$_operator[]$6 = { .elems = 0 }

State 15 file /Users/user/NVIDIA-OpenSMA/src/nv/emulation/pca9555.cpp line 128 column 9 function i2c_write thread 0
----------------------------------------------------
  this->_new_command = { ._active_register=0, ._active_bank=0, ._new_command=1, .interrupt_low_vector={ .elems={ 255, 255 } },
    .state_at_last_interrupt_check={ .elems = { 0 } },
    ._gpio_pin_state={ .elems = { 0 } },
    ._gpio_output={ .elems={ 255, 255 } },
    ._gpio_inversion_enable={ .elems = { 0 } },
    ._gpio_direction_config={ .elems={ 255, 255 } },
    ._required_outputs={ .elems = { 0 } },
    ._required_inputs={ .elems = { 0 } },
    .anon_pad$11=0 }

State 16 file /Users/user/NVIDIA-OpenSMA/src/nv/emulation/pca9555.cpp line 129 column 9 function i2c_write thread 0
----------------------------------------------------
  this->_active_register = { ._active_register=1, ._active_bank=0, ._new_command=1, .interrupt_low_vector={ .elems={ 255, 255 } },
    .state_at_last_interrupt_check={ .elems = { 0 } },
    ._gpio_pin_state={ .elems = { 0 } },
    ._gpio_output={ .elems={ 255, 255 } },
    ._gpio_inversion_enable={ .elems = { 0 } },
    ._gpio_direction_config={ .elems={ 255, 255 } },
    ._required_outputs={ .elems = { 0 } },
    ._required_inputs={ .elems = { 0 } },
    .anon_pad$11=0 }

State 17 file /Users/user/NVIDIA-OpenSMA/src/nv/emulation/pca9555.cpp line 130 column 9 function i2c_write thread 0
----------------------------------------------------
  this->_active_bank = { ._active_register=1, ._active_bank=0, ._new_command=1, .interrupt_low_vector={ .elems={ 255, 255 } },
    .state_at_last_interrupt_check={ .elems = { 0 } },
    ._gpio_pin_state={ .elems = { 0 } },
    ._gpio_output={ .elems={ 255, 255 } },
    ._gpio_inversion_enable={ .elems = { 0 } },
    ._gpio_direction_config={ .elems={ 255, 255 } },
    ._required_outputs={ .elems = { 0 } },
    ._required_inputs={ .elems = { 0 } },
    .anon_pad$11=0 }

State 20 file /Users/user/NVIDIA-OpenSMA/src/nv/emulation/pca9555.cpp line 151 column 18 function i2c_write thread 0
----------------------------------------------------
Violated property:
  file /Users/user/NVIDIA-OpenSMA/src/nv/emulation/pca9555.cpp line 151 column 18 function i2c_write
  (signed int)data_length::1 <= 3 && (signed int)i < (signed int)data_length::1 && (signed int)CommandRegister != 0 && (signed int)CommandRegister == 1

Slicing time: 0.003s (removed 115 assignments)
No solver specified; defaulting to bitwuzla
Solving claim '(signed int)data_length::1 != 1 && (signed int)data_length::1 <= 3 && (signed int)i < (signed int)data_length::1 && (signed int)CommandRegister != 0 at file /Users/user/NVIDIA-OpenSMA/src/nv/emulation/pca9555.cpp line 147 column 18 function i2c_write' with solver Bitwuzla 0.8.2
Encoding remaining VCC(s) using bit-vector/floating-point arithmetic
Encoding to solver time: 0.010s
Solving with solver Bitwuzla 0.8.2
Runtime decision procedure: 0.002s
✗ FAILED: '(signed int)data_length::1 != 1 && (signed int)data_length::1 <= 3 && (signed int)i < (signed int)data_length::1 && (signed int)CommandRegister != 0 at file /Users/user/NVIDIA-OpenSMA/src/nv/emulation/pca9555.cpp line 147 column 18 function i2c_write'

[Counterexample]


State 1 file /Users/user/NVIDIA-OpenSMA/verification/harnesses/pca9555_harness.cpp line 43 column 5 function f_totality thread 0
----------------------------------------------------
  init = 0 (00000000 00000000)

State 2 file /Users/user/NVIDIA-OpenSMA/verification/harnesses/pca9555_harness.cpp line 44 column 5 function f_totality thread 0
----------------------------------------------------
  out_m = 0 (00000000 00000000)

State 3 file /Users/user/NVIDIA-OpenSMA/verification/harnesses/pca9555_harness.cpp line 45 column 5 function f_totality thread 0
----------------------------------------------------
  in_m = 0 (00000000 00000000)

State 4 file /Users/user/NVIDIA-OpenSMA/verification/harnesses/pca9555_harness.cpp line 46 column 5 function f_totality thread 0
----------------------------------------------------
  dev = { ._active_register=0, ._active_bank=0, ._new_command=1, .interrupt_low_vector={ .elems={ 255, 255 } },
    .state_at_last_interrupt_check={ .elems = { 0 } },
    ._gpio_pin_state={ .elems = { 0 } },
    ._gpio_output={ .elems={ 255, 255 } },
    ._gpio_inversion_enable={ .elems = { 0 } },
    ._gpio_direction_config={ .elems={ 255, 255 } },
    ._required_outputs={ .elems = { 0 } },
    ._required_inputs={ .elems = { 0 } },
    .anon_pad$11=0 }

State 5 file /Users/user/NVIDIA-OpenSMA/src/nv/emulation/pca9555.cpp line 80 column 5 function i2c_read thread 0
----------------------------------------------------
  this->_new_command = { ._active_register=0, ._active_bank=0, ._new_command=0, .interrupt_low_vector={ .elems={ 255, 255 } },
    .state_at_last_interrupt_check={ .elems = { 0 } },
    ._gpio_pin_state={ .elems = { 0 } },
    ._gpio_output={ .elems={ 255, 255 } },
    ._gpio_inversion_enable={ .elems = { 0 } },
    ._gpio_direction_config={ .elems={ 255, 255 } },
    ._required_outputs={ .elems = { 0 } },
    ._required_inputs={ .elems = { 0 } },
    .anon_pad$11=0 }

State 6 file /Users/user/NVIDIA-OpenSMA/src/nv/emulation/pca9555.cpp line 87 column 13 function i2c_read thread 0
----------------------------------------------------
  *return_value$_at$3 = ( class nv::emulation::Pca9555 { unsigned int _active_register; unsigned int _active_bank; _Bool _new_command;  struct std::array<unsigned char, 2> { unsigned char [2] elems; }interrupt_low_vector;  struct std::array<unsigned char, 2> { unsigned char [2] elems; }state_at_last_interrupt_check;  struct std::array<unsigned char, 2> { unsigned char [2] elems; }_gpio_pin_state;  struct std::array<unsigned char, 2> { unsigned char [2] elems; }_gpio_output;  struct std::array<unsigned char, 2> { unsigned char [2] elems; }_gpio_inversion_enable;  struct std::array<unsigned char, 2> { unsigned char [2] elems; }_gpio_direction_config;  struct std::array<unsigned char, 2> { unsigned char [2] elems; }_required_outputs;  struct std::array<unsigned char, 2> { unsigned char [2] elems; }_required_inputs; unsigned _ExtInt(24) anon_pad$11; })(byte_update_little_endian((unsigned _ExtInt(224))({ ._active_register=0, ._active_bank=0, ._new_command=0, .interrupt_low_vector={ .elems={ 255, 255 } },
    .state_at_last_interrupt_check={ .elems = { 0 } },
    ._gpio_pin_state={ .elems = { 0 } },
    ._gpio_output={ .elems={ 255, 255 } },
    ._gpio_inversion_enable={ .elems = { 0 } },
    ._gpio_direction_config={ .elems={ 255, 255 } },
    ._required_outputs={ .elems = { 0 } },
    ._required_inputs={ .elems = { 0 } },
    .anon_pad$11=0 }), 9, 255))

State 7 file /Users/user/NVIDIA-OpenSMA/src/nv/emulation/pca9555.cpp line 338 column 5 function next_bank thread 0
----------------------------------------------------
  *bank::0 = { ._active_register=0, ._active_bank=1, ._new_command=0, .interrupt_low_vector={ .elems={ 255, 255 } },
    .state_at_last_interrupt_check={ .elems = { 0 } },
    ._gpio_pin_state={ .elems = { 0 } },
    ._gpio_output={ .elems={ 255, 255 } },
    ._gpio_inversion_enable={ .elems = { 0 } },
    ._gpio_direction_config={ .elems={ 255, 255 } },
    ._required_outputs={ .elems = { 0 } },
    ._required_inputs={ .elems = { 0 } },
    .anon_pad$11=0 }

State 8 file /Users/user/NVIDIA-OpenSMA/src/nv/emulation/pca9555.cpp line 80 column 5 function i2c_read thread 0
----------------------------------------------------
  this->_new_command = { ._active_register=0, ._active_bank=1, ._new_command=0, .interrupt_low_vector={ .elems={ 255, 255 } },
    .state_at_last_interrupt_check={ .elems = { 0 } },
    ._gpio_pin_state={ .elems = { 0 } },
    ._gpio_output={ .elems={ 255, 255 } },
    ._gpio_inversion_enable={ .elems = { 0 } },
    ._gpio_direction_config={ .elems={ 255, 255 } },
    ._required_outputs={ .elems = { 0 } },
    ._required_inputs={ .elems = { 0 } },
    .anon_pad$11=0 }

State 9 file /Users/user/NVIDIA-OpenSMA/src/nv/emulation/pca9555.cpp line 87 column 13 function i2c_read thread 0
----------------------------------------------------
  *return_value$_at$3 = ( class nv::emulation::Pca9555 { unsigned int _active_register; unsigned int _active_bank; _Bool _new_command;  struct std::array<unsigned char, 2> { unsigned char [2] elems; }interrupt_low_vector;  struct std::array<unsigned char, 2> { unsigned char [2] elems; }state_at_last_interrupt_check;  struct std::array<unsigned char, 2> { unsigned char [2] elems; }_gpio_pin_state;  struct std::array<unsigned char, 2> { unsigned char [2] elems; }_gpio_output;  struct std::array<unsigned char, 2> { unsigned char [2] elems; }_gpio_inversion_enable;  struct std::array<unsigned char, 2> { unsigned char [2] elems; }_gpio_direction_config;  struct std::array<unsigned char, 2> { unsigned char [2] elems; }_required_outputs;  struct std::array<unsigned char, 2> { unsigned char [2] elems; }_required_inputs; unsigned _ExtInt(24) anon_pad$11; })(byte_update_little_endian((unsigned _ExtInt(224))({ ._active_register=0, ._active_bank=1, ._new_command=0, .interrupt_low_vector={ .elems={ 255, 255 } },
    .state_at_last_interrupt_check={ .elems = { 0 } },
    ._gpio_pin_state={ .elems = { 0 } },
    ._gpio_output={ .elems={ 255, 255 } },
    ._gpio_inversion_enable={ .elems = { 0 } },
    ._gpio_direction_config={ .elems={ 255, 255 } },
    ._required_outputs={ .elems = { 0 } },
    ._required_inputs={ .elems = { 0 } },
    .anon_pad$11=0 }), 10, 255))

State 10 file /Users/user/NVIDIA-OpenSMA/src/nv/emulation/pca9555.cpp line 338 column 5 function next_bank thread 0
----------------------------------------------------
  *bank::0 = { ._active_register=0, ._active_bank=0, ._new_command=0, .interrupt_low_vector={ .elems={ 255, 255 } },
    .state_at_last_interrupt_check={ .elems = { 0 } },
    ._gpio_pin_state={ .elems = { 0 } },
    ._gpio_output={ .elems={ 255, 255 } },
    ._gpio_inversion_enable={ .elems = { 0 } },
    ._gpio_direction_config={ .elems={ 255, 255 } },
    ._required_outputs={ .elems = { 0 } },
    ._required_inputs={ .elems = { 0 } },
    .anon_pad$11=0 }

State 11 file /Users/user/NVIDIA-OpenSMA/verification/harnesses/pca9555_harness.cpp line 55 column 14 function f_totality thread 0
----------------------------------------------------
  *return_value$_operator[]$5 = { .elems={ nondet_symbol(symex::nondet27), 0, 0, 0, 0, 0, 0, 0, 0, 0, 0, 0, 0, 0, 0, 0, 0, 0, 0, 0, 0, 0, 0, 0, 0, 0, 0, 0, 0, 0, 0, 0, 0, 0, 0 } }

State 12 file /Users/user/NVIDIA-OpenSMA/verification/harnesses/pca9555_harness.cpp line 56 column 14 function f_totality thread 0
----------------------------------------------------
  *return_value$_operator[]$6 = { .elems = 0 }

State 15 file /Users/user/NVIDIA-OpenSMA/src/nv/emulation/pca9555.cpp line 128 column 9 function i2c_write thread 0
----------------------------------------------------
  this->_new_command = { ._active_register=0, ._active_bank=0, ._new_command=1, .interrupt_low_vector={ .elems={ 255, 255 } },
    .state_at_last_interrupt_check={ .elems = { 0 } },
    ._gpio_pin_state={ .elems = { 0 } },
    ._gpio_output={ .elems={ 255, 255 } },
    ._gpio_inversion_enable={ .elems = { 0 } },
    ._gpio_direction_config={ .elems={ 255, 255 } },
    ._required_outputs={ .elems = { 0 } },
    ._required_inputs={ .elems = { 0 } },
    .anon_pad$11=0 }

State 16 file /Users/user/NVIDIA-OpenSMA/src/nv/emulation/pca9555.cpp line 129 column 9 function i2c_write thread 0
----------------------------------------------------
  this->_active_register = { ._active_register=127, ._active_bank=0, ._new_command=1,
    .interrupt_low_vector={ .elems={ 255, 255 } }, .state_at_last_interrupt_check={ .elems = { 0 } },
    ._gpio_pin_state={ .elems = { 0 } },
    ._gpio_output={ .elems={ 255, 255 } },
    ._gpio_inversion_enable={ .elems = { 0 } },
    ._gpio_direction_config={ .elems={ 255, 255 } },
    ._required_outputs={ .elems = { 0 } },
    ._required_inputs={ .elems = { 0 } },
    .anon_pad$11=0 }

State 17 file /Users/user/NVIDIA-OpenSMA/src/nv/emulation/pca9555.cpp line 130 column 9 function i2c_write thread 0
----------------------------------------------------
  this->_active_bank = { ._active_register=127, ._active_bank=0, ._new_command=1,
    .interrupt_low_vector={ .elems={ 255, 255 } }, .state_at_last_interrupt_check={ .elems = { 0 } },
    ._gpio_pin_state={ .elems = { 0 } },
    ._gpio_output={ .elems={ 255, 255 } },
    ._gpio_inversion_enable={ .elems = { 0 } },
    ._gpio_direction_config={ .elems={ 255, 255 } },
    ._required_outputs={ .elems = { 0 } },
    ._required_inputs={ .elems = { 0 } },
    .anon_pad$11=0 }

State 20 file /Users/user/NVIDIA-OpenSMA/src/nv/emulation/pca9555.cpp line 147 column 18 function i2c_write thread 0
----------------------------------------------------
Violated property:
  file /Users/user/NVIDIA-OpenSMA/src/nv/emulation/pca9555.cpp line 147 column 18 function i2c_write
  (signed int)data_length::1 != 1 && (signed int)data_length::1 <= 3 && (signed int)i < (signed int)data_length::1 && (signed int)CommandRegister != 0

Slicing time: 0.002s (removed 115 assignments)
No solver specified; defaulting to bitwuzla
Solving claim '(signed int)data_length::1 != 1 && (signed int)data_length::1 <= 3 && (signed int)i < (signed int)data_length::1 && (signed int)CommandRegister == 0 at file /Users/user/NVIDIA-OpenSMA/src/nv/emulation/pca9555.cpp line 147 column 18 function i2c_write' with solver Bitwuzla 0.8.2
Encoding remaining VCC(s) using bit-vector/floating-point arithmetic
Encoding to solver time: 0.009s
Solving with solver Bitwuzla 0.8.2
Runtime decision procedure: 0.003s
✗ FAILED: '(signed int)data_length::1 != 1 && (signed int)data_length::1 <= 3 && (signed int)i < (signed int)data_length::1 && (signed int)CommandRegister == 0 at file /Users/user/NVIDIA-OpenSMA/src/nv/emulation/pca9555.cpp line 147 column 18 function i2c_write'

[Counterexample]


State 1 file /Users/user/NVIDIA-OpenSMA/verification/harnesses/pca9555_harness.cpp line 43 column 5 function f_totality thread 0
----------------------------------------------------
  init = 0 (00000000 00000000)

State 2 file /Users/user/NVIDIA-OpenSMA/verification/harnesses/pca9555_harness.cpp line 44 column 5 function f_totality thread 0
----------------------------------------------------
  out_m = 0 (00000000 00000000)

State 3 file /Users/user/NVIDIA-OpenSMA/verification/harnesses/pca9555_harness.cpp line 45 column 5 function f_totality thread 0
----------------------------------------------------
  in_m = 0 (00000000 00000000)

State 4 file /Users/user/NVIDIA-OpenSMA/verification/harnesses/pca9555_harness.cpp line 46 column 5 function f_totality thread 0
----------------------------------------------------
  dev = { ._active_register=0, ._active_bank=0, ._new_command=1, .interrupt_low_vector={ .elems={ 255, 255 } },
    .state_at_last_interrupt_check={ .elems = { 0 } },
    ._gpio_pin_state={ .elems = { 0 } },
    ._gpio_output={ .elems={ 255, 255 } },
    ._gpio_inversion_enable={ .elems = { 0 } },
    ._gpio_direction_config={ .elems={ 255, 255 } },
    ._required_outputs={ .elems = { 0 } },
    ._required_inputs={ .elems = { 0 } },
    .anon_pad$11=0 }

State 5 file /Users/user/NVIDIA-OpenSMA/src/nv/emulation/pca9555.cpp line 80 column 5 function i2c_read thread 0
----------------------------------------------------
  this->_new_command = { ._active_register=0, ._active_bank=0, ._new_command=0, .interrupt_low_vector={ .elems={ 255, 255 } },
    .state_at_last_interrupt_check={ .elems = { 0 } },
    ._gpio_pin_state={ .elems = { 0 } },
    ._gpio_output={ .elems={ 255, 255 } },
    ._gpio_inversion_enable={ .elems = { 0 } },
    ._gpio_direction_config={ .elems={ 255, 255 } },
    ._required_outputs={ .elems = { 0 } },
    ._required_inputs={ .elems = { 0 } },
    .anon_pad$11=0 }

State 6 file /Users/user/NVIDIA-OpenSMA/src/nv/emulation/pca9555.cpp line 87 column 13 function i2c_read thread 0
----------------------------------------------------
  *return_value$_at$3 = ( class nv::emulation::Pca9555 { unsigned int _active_register; unsigned int _active_bank; _Bool _new_command;  struct std::array<unsigned char, 2> { unsigned char [2] elems; }interrupt_low_vector;  struct std::array<unsigned char, 2> { unsigned char [2] elems; }state_at_last_interrupt_check;  struct std::array<unsigned char, 2> { unsigned char [2] elems; }_gpio_pin_state;  struct std::array<unsigned char, 2> { unsigned char [2] elems; }_gpio_output;  struct std::array<unsigned char, 2> { unsigned char [2] elems; }_gpio_inversion_enable;  struct std::array<unsigned char, 2> { unsigned char [2] elems; }_gpio_direction_config;  struct std::array<unsigned char, 2> { unsigned char [2] elems; }_required_outputs;  struct std::array<unsigned char, 2> { unsigned char [2] elems; }_required_inputs; unsigned _ExtInt(24) anon_pad$11; })(byte_update_little_endian((unsigned _ExtInt(224))({ ._active_register=0, ._active_bank=0, ._new_command=0, .interrupt_low_vector={ .elems={ 255, 255 } },
    .state_at_last_interrupt_check={ .elems = { 0 } },
    ._gpio_pin_state={ .elems = { 0 } },
    ._gpio_output={ .elems={ 255, 255 } },
    ._gpio_inversion_enable={ .elems = { 0 } },
    ._gpio_direction_config={ .elems={ 255, 255 } },
    ._required_outputs={ .elems = { 0 } },
    ._required_inputs={ .elems = { 0 } },
    .anon_pad$11=0 }), 9, 255))

State 7 file /Users/user/NVIDIA-OpenSMA/src/nv/emulation/pca9555.cpp line 338 column 5 function next_bank thread 0
----------------------------------------------------
  *bank::0 = { ._active_register=0, ._active_bank=1, ._new_command=0, .interrupt_low_vector={ .elems={ 255, 255 } },
    .state_at_last_interrupt_check={ .elems = { 0 } },
    ._gpio_pin_state={ .elems = { 0 } },
    ._gpio_output={ .elems={ 255, 255 } },
    ._gpio_inversion_enable={ .elems = { 0 } },
    ._gpio_direction_config={ .elems={ 255, 255 } },
    ._required_outputs={ .elems = { 0 } },
    ._required_inputs={ .elems = { 0 } },
    .anon_pad$11=0 }

State 8 file /Users/user/NVIDIA-OpenSMA/src/nv/emulation/pca9555.cpp line 80 column 5 function i2c_read thread 0
----------------------------------------------------
  this->_new_command = { ._active_register=0, ._active_bank=1, ._new_command=0, .interrupt_low_vector={ .elems={ 255, 255 } },
    .state_at_last_interrupt_check={ .elems = { 0 } },
    ._gpio_pin_state={ .elems = { 0 } },
    ._gpio_output={ .elems={ 255, 255 } },
    ._gpio_inversion_enable={ .elems = { 0 } },
    ._gpio_direction_config={ .elems={ 255, 255 } },
    ._required_outputs={ .elems = { 0 } },
    ._required_inputs={ .elems = { 0 } },
    .anon_pad$11=0 }

State 9 file /Users/user/NVIDIA-OpenSMA/src/nv/emulation/pca9555.cpp line 87 column 13 function i2c_read thread 0
----------------------------------------------------
  *return_value$_at$3 = ( class nv::emulation::Pca9555 { unsigned int _active_register; unsigned int _active_bank; _Bool _new_command;  struct std::array<unsigned char, 2> { unsigned char [2] elems; }interrupt_low_vector;  struct std::array<unsigned char, 2> { unsigned char [2] elems; }state_at_last_interrupt_check;  struct std::array<unsigned char, 2> { unsigned char [2] elems; }_gpio_pin_state;  struct std::array<unsigned char, 2> { unsigned char [2] elems; }_gpio_output;  struct std::array<unsigned char, 2> { unsigned char [2] elems; }_gpio_inversion_enable;  struct std::array<unsigned char, 2> { unsigned char [2] elems; }_gpio_direction_config;  struct std::array<unsigned char, 2> { unsigned char [2] elems; }_required_outputs;  struct std::array<unsigned char, 2> { unsigned char [2] elems; }_required_inputs; unsigned _ExtInt(24) anon_pad$11; })(byte_update_little_endian((unsigned _ExtInt(224))({ ._active_register=0, ._active_bank=1, ._new_command=0, .interrupt_low_vector={ .elems={ 255, 255 } },
    .state_at_last_interrupt_check={ .elems = { 0 } },
    ._gpio_pin_state={ .elems = { 0 } },
    ._gpio_output={ .elems={ 255, 255 } },
    ._gpio_inversion_enable={ .elems = { 0 } },
    ._gpio_direction_config={ .elems={ 255, 255 } },
    ._required_outputs={ .elems = { 0 } },
    ._required_inputs={ .elems = { 0 } },
    .anon_pad$11=0 }), 10, 255))

State 10 file /Users/user/NVIDIA-OpenSMA/src/nv/emulation/pca9555.cpp line 338 column 5 function next_bank thread 0
----------------------------------------------------
  *bank::0 = { ._active_register=0, ._active_bank=0, ._new_command=0, .interrupt_low_vector={ .elems={ 255, 255 } },
    .state_at_last_interrupt_check={ .elems = { 0 } },
    ._gpio_pin_state={ .elems = { 0 } },
    ._gpio_output={ .elems={ 255, 255 } },
    ._gpio_inversion_enable={ .elems = { 0 } },
    ._gpio_direction_config={ .elems={ 255, 255 } },
    ._required_outputs={ .elems = { 0 } },
    ._required_inputs={ .elems = { 0 } },
    .anon_pad$11=0 }

State 11 file /Users/user/NVIDIA-OpenSMA/verification/harnesses/pca9555_harness.cpp line 55 column 14 function f_totality thread 0
----------------------------------------------------
  *return_value$_operator[]$5 = { .elems={ nondet_symbol(symex::nondet27), 0, 0, 0, 0, 0, 0, 0, 0, 0, 0, 0, 0, 0, 0, 0, 0, 0, 0, 0, 0, 0, 0, 0, 0, 0, 0, 0, 0, 0, 0, 0, 0, 0, 0 } }

State 12 file /Users/user/NVIDIA-OpenSMA/verification/harnesses/pca9555_harness.cpp line 56 column 14 function f_totality thread 0
----------------------------------------------------
  *return_value$_operator[]$6 = { .elems = 0 }

State 15 file /Users/user/NVIDIA-OpenSMA/src/nv/emulation/pca9555.cpp line 128 column 9 function i2c_write thread 0
----------------------------------------------------
  this->_new_command = { ._active_register=0, ._active_bank=0, ._new_command=1, .interrupt_low_vector={ .elems={ 255, 255 } },
    .state_at_last_interrupt_check={ .elems = { 0 } },
    ._gpio_pin_state={ .elems = { 0 } },
    ._gpio_output={ .elems={ 255, 255 } },
    ._gpio_inversion_enable={ .elems = { 0 } },
    ._gpio_direction_config={ .elems={ 255, 255 } },
    ._required_outputs={ .elems = { 0 } },
    ._required_inputs={ .elems = { 0 } },
    .anon_pad$11=0 }

State 16 file /Users/user/NVIDIA-OpenSMA/src/nv/emulation/pca9555.cpp line 129 column 9 function i2c_write thread 0
----------------------------------------------------
  this->_active_register = { ._active_register=0, ._active_bank=0, ._new_command=1, .interrupt_low_vector={ .elems={ 255, 255 } },
    .state_at_last_interrupt_check={ .elems = { 0 } },
    ._gpio_pin_state={ .elems = { 0 } },
    ._gpio_output={ .elems={ 255, 255 } },
    ._gpio_inversion_enable={ .elems = { 0 } },
    ._gpio_direction_config={ .elems={ 255, 255 } },
    ._required_outputs={ .elems = { 0 } },
    ._required_inputs={ .elems = { 0 } },
    .anon_pad$11=0 }

State 17 file /Users/user/NVIDIA-OpenSMA/src/nv/emulation/pca9555.cpp line 130 column 9 function i2c_write thread 0
----------------------------------------------------
  this->_active_bank = { ._active_register=0, ._active_bank=0, ._new_command=1, .interrupt_low_vector={ .elems={ 255, 255 } },
    .state_at_last_interrupt_check={ .elems = { 0 } },
    ._gpio_pin_state={ .elems = { 0 } },
    ._gpio_output={ .elems={ 255, 255 } },
    ._gpio_inversion_enable={ .elems = { 0 } },
    ._gpio_direction_config={ .elems={ 255, 255 } },
    ._required_outputs={ .elems = { 0 } },
    ._required_inputs={ .elems = { 0 } },
    .anon_pad$11=0 }

State 20 file /Users/user/NVIDIA-OpenSMA/src/nv/emulation/pca9555.cpp line 147 column 18 function i2c_write thread 0
----------------------------------------------------
Violated property:
  file /Users/user/NVIDIA-OpenSMA/src/nv/emulation/pca9555.cpp line 147 column 18 function i2c_write
  (signed int)data_length::1 != 1 && (signed int)data_length::1 <= 3 && (signed int)i < (signed int)data_length::1 && (signed int)CommandRegister == 0
  (signed int)data_length::1 == 1 || (signed int)data_length::1 > 3 || (signed int)i >= (signed int)data_length::1 || (signed int)CommandRegister != 0

Slicing time: 0.003s (removed 115 assignments)
No solver specified; defaulting to bitwuzla
Solving claim '(signed int)data_length::1 != 1 && (signed int)data_length::1 <= 3 && (signed int)i < (signed int)data_length::1 at file /Users/user/NVIDIA-OpenSMA/src/nv/emulation/pca9555.cpp line 142 column 5 function i2c_write' with solver Bitwuzla 0.8.2
Encoding remaining VCC(s) using bit-vector/floating-point arithmetic
Encoding to solver time: 0.010s
Solving with solver Bitwuzla 0.8.2
Runtime decision procedure: 0.002s
✗ FAILED: '(signed int)data_length::1 != 1 && (signed int)data_length::1 <= 3 && (signed int)i < (signed int)data_length::1 at file /Users/user/NVIDIA-OpenSMA/src/nv/emulation/pca9555.cpp line 142 column 5 function i2c_write'

[Counterexample]


State 1 file /Users/user/NVIDIA-OpenSMA/verification/harnesses/pca9555_harness.cpp line 43 column 5 function f_totality thread 0
----------------------------------------------------
  init = 0 (00000000 00000000)

State 2 file /Users/user/NVIDIA-OpenSMA/verification/harnesses/pca9555_harness.cpp line 44 column 5 function f_totality thread 0
----------------------------------------------------
  out_m = 0 (00000000 00000000)

State 3 file /Users/user/NVIDIA-OpenSMA/verification/harnesses/pca9555_harness.cpp line 45 column 5 function f_totality thread 0
----------------------------------------------------
  in_m = 0 (00000000 00000000)

State 4 file /Users/user/NVIDIA-OpenSMA/verification/harnesses/pca9555_harness.cpp line 46 column 5 function f_totality thread 0
----------------------------------------------------
  dev = { ._active_register=0, ._active_bank=0, ._new_command=1, .interrupt_low_vector={ .elems={ 255, 255 } },
    .state_at_last_interrupt_check={ .elems = { 0 } },
    ._gpio_pin_state={ .elems = { 0 } },
    ._gpio_output={ .elems={ 255, 255 } },
    ._gpio_inversion_enable={ .elems = { 0 } },
    ._gpio_direction_config={ .elems={ 255, 255 } },
    ._required_outputs={ .elems = { 0 } },
    ._required_inputs={ .elems = { 0 } },
    .anon_pad$11=0 }

State 5 file /Users/user/NVIDIA-OpenSMA/src/nv/emulation/pca9555.cpp line 80 column 5 function i2c_read thread 0
----------------------------------------------------
  this->_new_command = { ._active_register=0, ._active_bank=0, ._new_command=0, .interrupt_low_vector={ .elems={ 255, 255 } },
    .state_at_last_interrupt_check={ .elems = { 0 } },
    ._gpio_pin_state={ .elems = { 0 } },
    ._gpio_output={ .elems={ 255, 255 } },
    ._gpio_inversion_enable={ .elems = { 0 } },
    ._gpio_direction_config={ .elems={ 255, 255 } },
    ._required_outputs={ .elems = { 0 } },
    ._required_inputs={ .elems = { 0 } },
    .anon_pad$11=0 }

State 6 file /Users/user/NVIDIA-OpenSMA/src/nv/emulation/pca9555.cpp line 87 column 13 function i2c_read thread 0
----------------------------------------------------
  *return_value$_at$3 = ( class nv::emulation::Pca9555 { unsigned int _active_register; unsigned int _active_bank; _Bool _new_command;  struct std::array<unsigned char, 2> { unsigned char [2] elems; }interrupt_low_vector;  struct std::array<unsigned char, 2> { unsigned char [2] elems; }state_at_last_interrupt_check;  struct std::array<unsigned char, 2> { unsigned char [2] elems; }_gpio_pin_state;  struct std::array<unsigned char, 2> { unsigned char [2] elems; }_gpio_output;  struct std::array<unsigned char, 2> { unsigned char [2] elems; }_gpio_inversion_enable;  struct std::array<unsigned char, 2> { unsigned char [2] elems; }_gpio_direction_config;  struct std::array<unsigned char, 2> { unsigned char [2] elems; }_required_outputs;  struct std::array<unsigned char, 2> { unsigned char [2] elems; }_required_inputs; unsigned _ExtInt(24) anon_pad$11; })(byte_update_little_endian((unsigned _ExtInt(224))({ ._active_register=0, ._active_bank=0, ._new_command=0, .interrupt_low_vector={ .elems={ 255, 255 } },
    .state_at_last_interrupt_check={ .elems = { 0 } },
    ._gpio_pin_state={ .elems = { 0 } },
    ._gpio_output={ .elems={ 255, 255 } },
    ._gpio_inversion_enable={ .elems = { 0 } },
    ._gpio_direction_config={ .elems={ 255, 255 } },
    ._required_outputs={ .elems = { 0 } },
    ._required_inputs={ .elems = { 0 } },
    .anon_pad$11=0 }), 9, 255))

State 7 file /Users/user/NVIDIA-OpenSMA/src/nv/emulation/pca9555.cpp line 338 column 5 function next_bank thread 0
----------------------------------------------------
  *bank::0 = { ._active_register=0, ._active_bank=1, ._new_command=0, .interrupt_low_vector={ .elems={ 255, 255 } },
    .state_at_last_interrupt_check={ .elems = { 0 } },
    ._gpio_pin_state={ .elems = { 0 } },
    ._gpio_output={ .elems={ 255, 255 } },
    ._gpio_inversion_enable={ .elems = { 0 } },
    ._gpio_direction_config={ .elems={ 255, 255 } },
    ._required_outputs={ .elems = { 0 } },
    ._required_inputs={ .elems = { 0 } },
    .anon_pad$11=0 }

State 8 file /Users/user/NVIDIA-OpenSMA/src/nv/emulation/pca9555.cpp line 80 column 5 function i2c_read thread 0
----------------------------------------------------
  this->_new_command = { ._active_register=0, ._active_bank=1, ._new_command=0, .interrupt_low_vector={ .elems={ 255, 255 } },
    .state_at_last_interrupt_check={ .elems = { 0 } },
    ._gpio_pin_state={ .elems = { 0 } },
    ._gpio_output={ .elems={ 255, 255 } },
    ._gpio_inversion_enable={ .elems = { 0 } },
    ._gpio_direction_config={ .elems={ 255, 255 } },
    ._required_outputs={ .elems = { 0 } },
    ._required_inputs={ .elems = { 0 } },
    .anon_pad$11=0 }

State 9 file /Users/user/NVIDIA-OpenSMA/src/nv/emulation/pca9555.cpp line 87 column 13 function i2c_read thread 0
----------------------------------------------------
  *return_value$_at$3 = ( class nv::emulation::Pca9555 { unsigned int _active_register; unsigned int _active_bank; _Bool _new_command;  struct std::array<unsigned char, 2> { unsigned char [2] elems; }interrupt_low_vector;  struct std::array<unsigned char, 2> { unsigned char [2] elems; }state_at_last_interrupt_check;  struct std::array<unsigned char, 2> { unsigned char [2] elems; }_gpio_pin_state;  struct std::array<unsigned char, 2> { unsigned char [2] elems; }_gpio_output;  struct std::array<unsigned char, 2> { unsigned char [2] elems; }_gpio_inversion_enable;  struct std::array<unsigned char, 2> { unsigned char [2] elems; }_gpio_direction_config;  struct std::array<unsigned char, 2> { unsigned char [2] elems; }_required_outputs;  struct std::array<unsigned char, 2> { unsigned char [2] elems; }_required_inputs; unsigned _ExtInt(24) anon_pad$11; })(byte_update_little_endian((unsigned _ExtInt(224))({ ._active_register=0, ._active_bank=1, ._new_command=0, .interrupt_low_vector={ .elems={ 255, 255 } },
    .state_at_last_interrupt_check={ .elems = { 0 } },
    ._gpio_pin_state={ .elems = { 0 } },
    ._gpio_output={ .elems={ 255, 255 } },
    ._gpio_inversion_enable={ .elems = { 0 } },
    ._gpio_direction_config={ .elems={ 255, 255 } },
    ._required_outputs={ .elems = { 0 } },
    ._required_inputs={ .elems = { 0 } },
    .anon_pad$11=0 }), 10, 255))

State 10 file /Users/user/NVIDIA-OpenSMA/src/nv/emulation/pca9555.cpp line 338 column 5 function next_bank thread 0
----------------------------------------------------
  *bank::0 = { ._active_register=0, ._active_bank=0, ._new_command=0, .interrupt_low_vector={ .elems={ 255, 255 } },
    .state_at_last_interrupt_check={ .elems = { 0 } },
    ._gpio_pin_state={ .elems = { 0 } },
    ._gpio_output={ .elems={ 255, 255 } },
    ._gpio_inversion_enable={ .elems = { 0 } },
    ._gpio_direction_config={ .elems={ 255, 255 } },
    ._required_outputs={ .elems = { 0 } },
    ._required_inputs={ .elems = { 0 } },
    .anon_pad$11=0 }

State 11 file /Users/user/NVIDIA-OpenSMA/verification/harnesses/pca9555_harness.cpp line 55 column 14 function f_totality thread 0
----------------------------------------------------
  *return_value$_operator[]$5 = { .elems={ nondet_symbol(symex::nondet27), 0, 0, 0, 0, 0, 0, 0, 0, 0, 0, 0, 0, 0, 0, 0, 0, 0, 0, 0, 0, 0, 0, 0, 0, 0, 0, 0, 0, 0, 0, 0, 0, 0, 0 } }

State 12 file /Users/user/NVIDIA-OpenSMA/verification/harnesses/pca9555_harness.cpp line 56 column 14 function f_totality thread 0
----------------------------------------------------
  *return_value$_operator[]$6 = { .elems = 0 }

State 15 file /Users/user/NVIDIA-OpenSMA/src/nv/emulation/pca9555.cpp line 128 column 9 function i2c_write thread 0
----------------------------------------------------
  this->_new_command = { ._active_register=0, ._active_bank=0, ._new_command=1, .interrupt_low_vector={ .elems={ 255, 255 } },
    .state_at_last_interrupt_check={ .elems = { 0 } },
    ._gpio_pin_state={ .elems = { 0 } },
    ._gpio_output={ .elems={ 255, 255 } },
    ._gpio_inversion_enable={ .elems = { 0 } },
    ._gpio_direction_config={ .elems={ 255, 255 } },
    ._required_outputs={ .elems = { 0 } },
    ._required_inputs={ .elems = { 0 } },
    .anon_pad$11=0 }

State 16 file /Users/user/NVIDIA-OpenSMA/src/nv/emulation/pca9555.cpp line 129 column 9 function i2c_write thread 0
----------------------------------------------------
  this->_active_register = { ._active_register=0, ._active_bank=0, ._new_command=1, .interrupt_low_vector={ .elems={ 255, 255 } },
    .state_at_last_interrupt_check={ .elems = { 0 } },
    ._gpio_pin_state={ .elems = { 0 } },
    ._gpio_output={ .elems={ 255, 255 } },
    ._gpio_inversion_enable={ .elems = { 0 } },
    ._gpio_direction_config={ .elems={ 255, 255 } },
    ._required_outputs={ .elems = { 0 } },
    ._required_inputs={ .elems = { 0 } },
    .anon_pad$11=0 }

State 17 file /Users/user/NVIDIA-OpenSMA/src/nv/emulation/pca9555.cpp line 130 column 9 function i2c_write thread 0
----------------------------------------------------
  this->_active_bank = { ._active_register=0, ._active_bank=0, ._new_command=1, .interrupt_low_vector={ .elems={ 255, 255 } },
    .state_at_last_interrupt_check={ .elems = { 0 } },
    ._gpio_pin_state={ .elems = { 0 } },
    ._gpio_output={ .elems={ 255, 255 } },
    ._gpio_inversion_enable={ .elems = { 0 } },
    ._gpio_direction_config={ .elems={ 255, 255 } },
    ._required_outputs={ .elems = { 0 } },
    ._required_inputs={ .elems = { 0 } },
    .anon_pad$11=0 }

State 20 file /Users/user/NVIDIA-OpenSMA/src/nv/emulation/pca9555.cpp line 142 column 5 function i2c_write thread 0
----------------------------------------------------
Violated property:
  file /Users/user/NVIDIA-OpenSMA/src/nv/emulation/pca9555.cpp line 142 column 5 function i2c_write
  (signed int)data_length::1 != 1 && (signed int)data_length::1 <= 3 && (signed int)i < (signed int)data_length::1

Slicing time: 0.002s (removed 115 assignments)
No solver specified; defaulting to bitwuzla
Solving claim '(signed int)data_length::1 != 1 && (signed int)data_length::1 <= 3 at file /Users/user/NVIDIA-OpenSMA/src/nv/emulation/pca9555.cpp line 138 column 5 function i2c_write' with solver Bitwuzla 0.8.2
Encoding remaining VCC(s) using bit-vector/floating-point arithmetic
Encoding to solver time: 0.009s
Solving with solver Bitwuzla 0.8.2
Runtime decision procedure: 0.003s
✗ FAILED: '(signed int)data_length::1 != 1 && (signed int)data_length::1 <= 3 at file /Users/user/NVIDIA-OpenSMA/src/nv/emulation/pca9555.cpp line 138 column 5 function i2c_write'

[Counterexample]


State 1 file /Users/user/NVIDIA-OpenSMA/verification/harnesses/pca9555_harness.cpp line 43 column 5 function f_totality thread 0
----------------------------------------------------
  init = 0 (00000000 00000000)

State 2 file /Users/user/NVIDIA-OpenSMA/verification/harnesses/pca9555_harness.cpp line 44 column 5 function f_totality thread 0
----------------------------------------------------
  out_m = 0 (00000000 00000000)

State 3 file /Users/user/NVIDIA-OpenSMA/verification/harnesses/pca9555_harness.cpp line 45 column 5 function f_totality thread 0
----------------------------------------------------
  in_m = 0 (00000000 00000000)

State 4 file /Users/user/NVIDIA-OpenSMA/verification/harnesses/pca9555_harness.cpp line 46 column 5 function f_totality thread 0
----------------------------------------------------
  dev = { ._active_register=0, ._active_bank=0, ._new_command=1, .interrupt_low_vector={ .elems={ 255, 255 } },
    .state_at_last_interrupt_check={ .elems = { 0 } },
    ._gpio_pin_state={ .elems = { 0 } },
    ._gpio_output={ .elems={ 255, 255 } },
    ._gpio_inversion_enable={ .elems = { 0 } },
    ._gpio_direction_config={ .elems={ 255, 255 } },
    ._required_outputs={ .elems = { 0 } },
    ._required_inputs={ .elems = { 0 } },
    .anon_pad$11=0 }

State 5 file /Users/user/NVIDIA-OpenSMA/src/nv/emulation/pca9555.cpp line 80 column 5 function i2c_read thread 0
----------------------------------------------------
  this->_new_command = { ._active_register=0, ._active_bank=0, ._new_command=0, .interrupt_low_vector={ .elems={ 255, 255 } },
    .state_at_last_interrupt_check={ .elems = { 0 } },
    ._gpio_pin_state={ .elems = { 0 } },
    ._gpio_output={ .elems={ 255, 255 } },
    ._gpio_inversion_enable={ .elems = { 0 } },
    ._gpio_direction_config={ .elems={ 255, 255 } },
    ._required_outputs={ .elems = { 0 } },
    ._required_inputs={ .elems = { 0 } },
    .anon_pad$11=0 }

State 6 file /Users/user/NVIDIA-OpenSMA/src/nv/emulation/pca9555.cpp line 87 column 13 function i2c_read thread 0
----------------------------------------------------
  *return_value$_at$3 = ( class nv::emulation::Pca9555 { unsigned int _active_register; unsigned int _active_bank; _Bool _new_command;  struct std::array<unsigned char, 2> { unsigned char [2] elems; }interrupt_low_vector;  struct std::array<unsigned char, 2> { unsigned char [2] elems; }state_at_last_interrupt_check;  struct std::array<unsigned char, 2> { unsigned char [2] elems; }_gpio_pin_state;  struct std::array<unsigned char, 2> { unsigned char [2] elems; }_gpio_output;  struct std::array<unsigned char, 2> { unsigned char [2] elems; }_gpio_inversion_enable;  struct std::array<unsigned char, 2> { unsigned char [2] elems; }_gpio_direction_config;  struct std::array<unsigned char, 2> { unsigned char [2] elems; }_required_outputs;  struct std::array<unsigned char, 2> { unsigned char [2] elems; }_required_inputs; unsigned _ExtInt(24) anon_pad$11; })(byte_update_little_endian((unsigned _ExtInt(224))({ ._active_register=0, ._active_bank=0, ._new_command=0, .interrupt_low_vector={ .elems={ 255, 255 } },
    .state_at_last_interrupt_check={ .elems = { 0 } },
    ._gpio_pin_state={ .elems = { 0 } },
    ._gpio_output={ .elems={ 255, 255 } },
    ._gpio_inversion_enable={ .elems = { 0 } },
    ._gpio_direction_config={ .elems={ 255, 255 } },
    ._required_outputs={ .elems = { 0 } },
    ._required_inputs={ .elems = { 0 } },
    .anon_pad$11=0 }), 9, 255))

State 7 file /Users/user/NVIDIA-OpenSMA/src/nv/emulation/pca9555.cpp line 338 column 5 function next_bank thread 0
----------------------------------------------------
  *bank::0 = { ._active_register=0, ._active_bank=1, ._new_command=0, .interrupt_low_vector={ .elems={ 255, 255 } },
    .state_at_last_interrupt_check={ .elems = { 0 } },
    ._gpio_pin_state={ .elems = { 0 } },
    ._gpio_output={ .elems={ 255, 255 } },
    ._gpio_inversion_enable={ .elems = { 0 } },
    ._gpio_direction_config={ .elems={ 255, 255 } },
    ._required_outputs={ .elems = { 0 } },
    ._required_inputs={ .elems = { 0 } },
    .anon_pad$11=0 }

State 8 file /Users/user/NVIDIA-OpenSMA/src/nv/emulation/pca9555.cpp line 80 column 5 function i2c_read thread 0
----------------------------------------------------
  this->_new_command = { ._active_register=0, ._active_bank=1, ._new_command=0, .interrupt_low_vector={ .elems={ 255, 255 } },
    .state_at_last_interrupt_check={ .elems = { 0 } },
    ._gpio_pin_state={ .elems = { 0 } },
    ._gpio_output={ .elems={ 255, 255 } },
    ._gpio_inversion_enable={ .elems = { 0 } },
    ._gpio_direction_config={ .elems={ 255, 255 } },
    ._required_outputs={ .elems = { 0 } },
    ._required_inputs={ .elems = { 0 } },
    .anon_pad$11=0 }

State 9 file /Users/user/NVIDIA-OpenSMA/src/nv/emulation/pca9555.cpp line 87 column 13 function i2c_read thread 0
----------------------------------------------------
  *return_value$_at$3 = ( class nv::emulation::Pca9555 { unsigned int _active_register; unsigned int _active_bank; _Bool _new_command;  struct std::array<unsigned char, 2> { unsigned char [2] elems; }interrupt_low_vector;  struct std::array<unsigned char, 2> { unsigned char [2] elems; }state_at_last_interrupt_check;  struct std::array<unsigned char, 2> { unsigned char [2] elems; }_gpio_pin_state;  struct std::array<unsigned char, 2> { unsigned char [2] elems; }_gpio_output;  struct std::array<unsigned char, 2> { unsigned char [2] elems; }_gpio_inversion_enable;  struct std::array<unsigned char, 2> { unsigned char [2] elems; }_gpio_direction_config;  struct std::array<unsigned char, 2> { unsigned char [2] elems; }_required_outputs;  struct std::array<unsigned char, 2> { unsigned char [2] elems; }_required_inputs; unsigned _ExtInt(24) anon_pad$11; })(byte_update_little_endian((unsigned _ExtInt(224))({ ._active_register=0, ._active_bank=1, ._new_command=0, .interrupt_low_vector={ .elems={ 255, 255 } },
    .state_at_last_interrupt_check={ .elems = { 0 } },
    ._gpio_pin_state={ .elems = { 0 } },
    ._gpio_output={ .elems={ 255, 255 } },
    ._gpio_inversion_enable={ .elems = { 0 } },
    ._gpio_direction_config={ .elems={ 255, 255 } },
    ._required_outputs={ .elems = { 0 } },
    ._required_inputs={ .elems = { 0 } },
    .anon_pad$11=0 }), 10, 255))

State 10 file /Users/user/NVIDIA-OpenSMA/src/nv/emulation/pca9555.cpp line 338 column 5 function next_bank thread 0
----------------------------------------------------
  *bank::0 = { ._active_register=0, ._active_bank=0, ._new_command=0, .interrupt_low_vector={ .elems={ 255, 255 } },
    .state_at_last_interrupt_check={ .elems = { 0 } },
    ._gpio_pin_state={ .elems = { 0 } },
    ._gpio_output={ .elems={ 255, 255 } },
    ._gpio_inversion_enable={ .elems = { 0 } },
    ._gpio_direction_config={ .elems={ 255, 255 } },
    ._required_outputs={ .elems = { 0 } },
    ._required_inputs={ .elems = { 0 } },
    .anon_pad$11=0 }

State 11 file /Users/user/NVIDIA-OpenSMA/verification/harnesses/pca9555_harness.cpp line 55 column 14 function f_totality thread 0
----------------------------------------------------
  *return_value$_operator[]$5 = { .elems={ nondet_symbol(symex::nondet27), 0, 0, 0, 0, 0, 0, 0, 0, 0, 0, 0, 0, 0, 0, 0, 0, 0, 0, 0, 0, 0, 0, 0, 0, 0, 0, 0, 0, 0, 0, 0, 0, 0, 0 } }

State 12 file /Users/user/NVIDIA-OpenSMA/verification/harnesses/pca9555_harness.cpp line 56 column 14 function f_totality thread 0
----------------------------------------------------
  *return_value$_operator[]$6 = { .elems = 0 }

State 15 file /Users/user/NVIDIA-OpenSMA/src/nv/emulation/pca9555.cpp line 128 column 9 function i2c_write thread 0
----------------------------------------------------
  this->_new_command = { ._active_register=0, ._active_bank=0, ._new_command=1, .interrupt_low_vector={ .elems={ 255, 255 } },
    .state_at_last_interrupt_check={ .elems = { 0 } },
    ._gpio_pin_state={ .elems = { 0 } },
    ._gpio_output={ .elems={ 255, 255 } },
    ._gpio_inversion_enable={ .elems = { 0 } },
    ._gpio_direction_config={ .elems={ 255, 255 } },
    ._required_outputs={ .elems = { 0 } },
    ._required_inputs={ .elems = { 0 } },
    .anon_pad$11=0 }

State 16 file /Users/user/NVIDIA-OpenSMA/src/nv/emulation/pca9555.cpp line 129 column 9 function i2c_write thread 0
----------------------------------------------------
  this->_active_register = { ._active_register=0, ._active_bank=0, ._new_command=1, .interrupt_low_vector={ .elems={ 255, 255 } },
    .state_at_last_interrupt_check={ .elems = { 0 } },
    ._gpio_pin_state={ .elems = { 0 } },
    ._gpio_output={ .elems={ 255, 255 } },
    ._gpio_inversion_enable={ .elems = { 0 } },
    ._gpio_direction_config={ .elems={ 255, 255 } },
    ._required_outputs={ .elems = { 0 } },
    ._required_inputs={ .elems = { 0 } },
    .anon_pad$11=0 }

State 17 file /Users/user/NVIDIA-OpenSMA/src/nv/emulation/pca9555.cpp line 130 column 9 function i2c_write thread 0
----------------------------------------------------
  this->_active_bank = { ._active_register=0, ._active_bank=0, ._new_command=1, .interrupt_low_vector={ .elems={ 255, 255 } },
    .state_at_last_interrupt_check={ .elems = { 0 } },
    ._gpio_pin_state={ .elems = { 0 } },
    ._gpio_output={ .elems={ 255, 255 } },
    ._gpio_inversion_enable={ .elems = { 0 } },
    ._gpio_direction_config={ .elems={ 255, 255 } },
    ._required_outputs={ .elems = { 0 } },
    ._required_inputs={ .elems = { 0 } },
    .anon_pad$11=0 }

State 20 file /Users/user/NVIDIA-OpenSMA/src/nv/emulation/pca9555.cpp line 138 column 5 function i2c_write thread 0
----------------------------------------------------
Violated property:
  file /Users/user/NVIDIA-OpenSMA/src/nv/emulation/pca9555.cpp line 138 column 5 function i2c_write
  (signed int)data_length::1 != 1 && (signed int)data_length::1 <= 3

Slicing time: 0.002s (removed 115 assignments)
No solver specified; defaulting to bitwuzla
Solving claim '(signed int)data_length::1 != 1 at file /Users/user/NVIDIA-OpenSMA/src/nv/emulation/pca9555.cpp line 127 column 5 function i2c_write' with solver Bitwuzla 0.8.2
Encoding remaining VCC(s) using bit-vector/floating-point arithmetic
Encoding to solver time: 0.010s
Solving with solver Bitwuzla 0.8.2
Runtime decision procedure: 0.002s
✗ FAILED: '(signed int)data_length::1 != 1 at file /Users/user/NVIDIA-OpenSMA/src/nv/emulation/pca9555.cpp line 127 column 5 function i2c_write'

[Counterexample]


State 1 file /Users/user/NVIDIA-OpenSMA/verification/harnesses/pca9555_harness.cpp line 43 column 5 function f_totality thread 0
----------------------------------------------------
  init = 0 (00000000 00000000)

State 2 file /Users/user/NVIDIA-OpenSMA/verification/harnesses/pca9555_harness.cpp line 44 column 5 function f_totality thread 0
----------------------------------------------------
  out_m = 0 (00000000 00000000)

State 3 file /Users/user/NVIDIA-OpenSMA/verification/harnesses/pca9555_harness.cpp line 45 column 5 function f_totality thread 0
----------------------------------------------------
  in_m = 0 (00000000 00000000)

State 4 file /Users/user/NVIDIA-OpenSMA/verification/harnesses/pca9555_harness.cpp line 46 column 5 function f_totality thread 0
----------------------------------------------------
  dev = { ._active_register=0, ._active_bank=0, ._new_command=1, .interrupt_low_vector={ .elems={ 255, 255 } },
    .state_at_last_interrupt_check={ .elems = { 0 } },
    ._gpio_pin_state={ .elems = { 0 } },
    ._gpio_output={ .elems={ 255, 255 } },
    ._gpio_inversion_enable={ .elems = { 0 } },
    ._gpio_direction_config={ .elems={ 255, 255 } },
    ._required_outputs={ .elems = { 0 } },
    ._required_inputs={ .elems = { 0 } },
    .anon_pad$11=0 }

State 5 file /Users/user/NVIDIA-OpenSMA/src/nv/emulation/pca9555.cpp line 80 column 5 function i2c_read thread 0
----------------------------------------------------
  this->_new_command = { ._active_register=0, ._active_bank=0, ._new_command=0, .interrupt_low_vector={ .elems={ 255, 255 } },
    .state_at_last_interrupt_check={ .elems = { 0 } },
    ._gpio_pin_state={ .elems = { 0 } },
    ._gpio_output={ .elems={ 255, 255 } },
    ._gpio_inversion_enable={ .elems = { 0 } },
    ._gpio_direction_config={ .elems={ 255, 255 } },
    ._required_outputs={ .elems = { 0 } },
    ._required_inputs={ .elems = { 0 } },
    .anon_pad$11=0 }

State 6 file /Users/user/NVIDIA-OpenSMA/src/nv/emulation/pca9555.cpp line 87 column 13 function i2c_read thread 0
----------------------------------------------------
  *return_value$_at$3 = ( class nv::emulation::Pca9555 { unsigned int _active_register; unsigned int _active_bank; _Bool _new_command;  struct std::array<unsigned char, 2> { unsigned char [2] elems; }interrupt_low_vector;  struct std::array<unsigned char, 2> { unsigned char [2] elems; }state_at_last_interrupt_check;  struct std::array<unsigned char, 2> { unsigned char [2] elems; }_gpio_pin_state;  struct std::array<unsigned char, 2> { unsigned char [2] elems; }_gpio_output;  struct std::array<unsigned char, 2> { unsigned char [2] elems; }_gpio_inversion_enable;  struct std::array<unsigned char, 2> { unsigned char [2] elems; }_gpio_direction_config;  struct std::array<unsigned char, 2> { unsigned char [2] elems; }_required_outputs;  struct std::array<unsigned char, 2> { unsigned char [2] elems; }_required_inputs; unsigned _ExtInt(24) anon_pad$11; })(byte_update_little_endian((unsigned _ExtInt(224))({ ._active_register=0, ._active_bank=0, ._new_command=0, .interrupt_low_vector={ .elems={ 255, 255 } },
    .state_at_last_interrupt_check={ .elems = { 0 } },
    ._gpio_pin_state={ .elems = { 0 } },
    ._gpio_output={ .elems={ 255, 255 } },
    ._gpio_inversion_enable={ .elems = { 0 } },
    ._gpio_direction_config={ .elems={ 255, 255 } },
    ._required_outputs={ .elems = { 0 } },
    ._required_inputs={ .elems = { 0 } },
    .anon_pad$11=0 }), 9, 255))

State 7 file /Users/user/NVIDIA-OpenSMA/src/nv/emulation/pca9555.cpp line 338 column 5 function next_bank thread 0
----------------------------------------------------
  *bank::0 = { ._active_register=0, ._active_bank=1, ._new_command=0, .interrupt_low_vector={ .elems={ 255, 255 } },
    .state_at_last_interrupt_check={ .elems = { 0 } },
    ._gpio_pin_state={ .elems = { 0 } },
    ._gpio_output={ .elems={ 255, 255 } },
    ._gpio_inversion_enable={ .elems = { 0 } },
    ._gpio_direction_config={ .elems={ 255, 255 } },
    ._required_outputs={ .elems = { 0 } },
    ._required_inputs={ .elems = { 0 } },
    .anon_pad$11=0 }

State 8 file /Users/user/NVIDIA-OpenSMA/src/nv/emulation/pca9555.cpp line 80 column 5 function i2c_read thread 0
----------------------------------------------------
  this->_new_command = { ._active_register=0, ._active_bank=1, ._new_command=0, .interrupt_low_vector={ .elems={ 255, 255 } },
    .state_at_last_interrupt_check={ .elems = { 0 } },
    ._gpio_pin_state={ .elems = { 0 } },
    ._gpio_output={ .elems={ 255, 255 } },
    ._gpio_inversion_enable={ .elems = { 0 } },
    ._gpio_direction_config={ .elems={ 255, 255 } },
    ._required_outputs={ .elems = { 0 } },
    ._required_inputs={ .elems = { 0 } },
    .anon_pad$11=0 }

State 9 file /Users/user/NVIDIA-OpenSMA/src/nv/emulation/pca9555.cpp line 87 column 13 function i2c_read thread 0
----------------------------------------------------
  *return_value$_at$3 = ( class nv::emulation::Pca9555 { unsigned int _active_register; unsigned int _active_bank; _Bool _new_command;  struct std::array<unsigned char, 2> { unsigned char [2] elems; }interrupt_low_vector;  struct std::array<unsigned char, 2> { unsigned char [2] elems; }state_at_last_interrupt_check;  struct std::array<unsigned char, 2> { unsigned char [2] elems; }_gpio_pin_state;  struct std::array<unsigned char, 2> { unsigned char [2] elems; }_gpio_output;  struct std::array<unsigned char, 2> { unsigned char [2] elems; }_gpio_inversion_enable;  struct std::array<unsigned char, 2> { unsigned char [2] elems; }_gpio_direction_config;  struct std::array<unsigned char, 2> { unsigned char [2] elems; }_required_outputs;  struct std::array<unsigned char, 2> { unsigned char [2] elems; }_required_inputs; unsigned _ExtInt(24) anon_pad$11; })(byte_update_little_endian((unsigned _ExtInt(224))({ ._active_register=0, ._active_bank=1, ._new_command=0, .interrupt_low_vector={ .elems={ 255, 255 } },
    .state_at_last_interrupt_check={ .elems = { 0 } },
    ._gpio_pin_state={ .elems = { 0 } },
    ._gpio_output={ .elems={ 255, 255 } },
    ._gpio_inversion_enable={ .elems = { 0 } },
    ._gpio_direction_config={ .elems={ 255, 255 } },
    ._required_outputs={ .elems = { 0 } },
    ._required_inputs={ .elems = { 0 } },
    .anon_pad$11=0 }), 10, 255))

State 10 file /Users/user/NVIDIA-OpenSMA/src/nv/emulation/pca9555.cpp line 338 column 5 function next_bank thread 0
----------------------------------------------------
  *bank::0 = { ._active_register=0, ._active_bank=0, ._new_command=0, .interrupt_low_vector={ .elems={ 255, 255 } },
    .state_at_last_interrupt_check={ .elems = { 0 } },
    ._gpio_pin_state={ .elems = { 0 } },
    ._gpio_output={ .elems={ 255, 255 } },
    ._gpio_inversion_enable={ .elems = { 0 } },
    ._gpio_direction_config={ .elems={ 255, 255 } },
    ._required_outputs={ .elems = { 0 } },
    ._required_inputs={ .elems = { 0 } },
    .anon_pad$11=0 }

State 11 file /Users/user/NVIDIA-OpenSMA/verification/harnesses/pca9555_harness.cpp line 55 column 14 function f_totality thread 0
----------------------------------------------------
  *return_value$_operator[]$5 = { .elems={ nondet_symbol(symex::nondet27), 0, 0, 0, 0, 0, 0, 0, 0, 0, 0, 0, 0, 0, 0, 0, 0, 0, 0, 0, 0, 0, 0, 0, 0, 0, 0, 0, 0, 0, 0, 0, 0, 0, 0 } }

State 12 file /Users/user/NVIDIA-OpenSMA/verification/harnesses/pca9555_harness.cpp line 56 column 14 function f_totality thread 0
----------------------------------------------------
  *return_value$_operator[]$6 = { .elems = 0 }

State 15 file /Users/user/NVIDIA-OpenSMA/src/nv/emulation/pca9555.cpp line 128 column 9 function i2c_write thread 0
----------------------------------------------------
  this->_new_command = { ._active_register=0, ._active_bank=0, ._new_command=1, .interrupt_low_vector={ .elems={ 255, 255 } },
    .state_at_last_interrupt_check={ .elems = { 0 } },
    ._gpio_pin_state={ .elems = { 0 } },
    ._gpio_output={ .elems={ 255, 255 } },
    ._gpio_inversion_enable={ .elems = { 0 } },
    ._gpio_direction_config={ .elems={ 255, 255 } },
    ._required_outputs={ .elems = { 0 } },
    ._required_inputs={ .elems = { 0 } },
    .anon_pad$11=0 }

State 16 file /Users/user/NVIDIA-OpenSMA/src/nv/emulation/pca9555.cpp line 129 column 9 function i2c_write thread 0
----------------------------------------------------
  this->_active_register = { ._active_register=0, ._active_bank=0, ._new_command=1, .interrupt_low_vector={ .elems={ 255, 255 } },
    .state_at_last_interrupt_check={ .elems = { 0 } },
    ._gpio_pin_state={ .elems = { 0 } },
    ._gpio_output={ .elems={ 255, 255 } },
    ._gpio_inversion_enable={ .elems = { 0 } },
    ._gpio_direction_config={ .elems={ 255, 255 } },
    ._required_outputs={ .elems = { 0 } },
    ._required_inputs={ .elems = { 0 } },
    .anon_pad$11=0 }

State 17 file /Users/user/NVIDIA-OpenSMA/src/nv/emulation/pca9555.cpp line 130 column 9 function i2c_write thread 0
----------------------------------------------------
  this->_active_bank = { ._active_register=0, ._active_bank=0, ._new_command=1, .interrupt_low_vector={ .elems={ 255, 255 } },
    .state_at_last_interrupt_check={ .elems = { 0 } },
    ._gpio_pin_state={ .elems = { 0 } },
    ._gpio_output={ .elems={ 255, 255 } },
    ._gpio_inversion_enable={ .elems = { 0 } },
    ._gpio_direction_config={ .elems={ 255, 255 } },
    ._required_outputs={ .elems = { 0 } },
    ._required_inputs={ .elems = { 0 } },
    .anon_pad$11=0 }

State 20 file /Users/user/NVIDIA-OpenSMA/src/nv/emulation/pca9555.cpp line 127 column 5 function i2c_write thread 0
----------------------------------------------------
Violated property:
  file /Users/user/NVIDIA-OpenSMA/src/nv/emulation/pca9555.cpp line 127 column 5 function i2c_write
  (signed int)data_length::1 != 1

Slicing time: 0.002s (removed 115 assignments)
No solver specified; defaulting to bitwuzla
Solving claim '(signed int)data_length::1 == 1 at file /Users/user/NVIDIA-OpenSMA/src/nv/emulation/pca9555.cpp line 127 column 5 function i2c_write' with solver Bitwuzla 0.8.2
Encoding remaining VCC(s) using bit-vector/floating-point arithmetic
Encoding to solver time: 0.009s
Solving with solver Bitwuzla 0.8.2
Runtime decision procedure: 0.002s
✗ FAILED: '(signed int)data_length::1 == 1 at file /Users/user/NVIDIA-OpenSMA/src/nv/emulation/pca9555.cpp line 127 column 5 function i2c_write'

[Counterexample]


State 1 file /Users/user/NVIDIA-OpenSMA/verification/harnesses/pca9555_harness.cpp line 43 column 5 function f_totality thread 0
----------------------------------------------------
  init = 0 (00000000 00000000)

State 2 file /Users/user/NVIDIA-OpenSMA/verification/harnesses/pca9555_harness.cpp line 44 column 5 function f_totality thread 0
----------------------------------------------------
  out_m = 0 (00000000 00000000)

State 3 file /Users/user/NVIDIA-OpenSMA/verification/harnesses/pca9555_harness.cpp line 45 column 5 function f_totality thread 0
----------------------------------------------------
  in_m = 0 (00000000 00000000)

State 4 file /Users/user/NVIDIA-OpenSMA/verification/harnesses/pca9555_harness.cpp line 46 column 5 function f_totality thread 0
----------------------------------------------------
  dev = { ._active_register=0, ._active_bank=0, ._new_command=1, .interrupt_low_vector={ .elems={ 255, 255 } },
    .state_at_last_interrupt_check={ .elems = { 0 } },
    ._gpio_pin_state={ .elems = { 0 } },
    ._gpio_output={ .elems={ 255, 255 } },
    ._gpio_inversion_enable={ .elems = { 0 } },
    ._gpio_direction_config={ .elems={ 255, 255 } },
    ._required_outputs={ .elems = { 0 } },
    ._required_inputs={ .elems = { 0 } },
    .anon_pad$11=0 }

State 5 file /Users/user/NVIDIA-OpenSMA/src/nv/emulation/pca9555.cpp line 80 column 5 function i2c_read thread 0
----------------------------------------------------
  this->_new_command = { ._active_register=0, ._active_bank=0, ._new_command=0, .interrupt_low_vector={ .elems={ 255, 255 } },
    .state_at_last_interrupt_check={ .elems = { 0 } },
    ._gpio_pin_state={ .elems = { 0 } },
    ._gpio_output={ .elems={ 255, 255 } },
    ._gpio_inversion_enable={ .elems = { 0 } },
    ._gpio_direction_config={ .elems={ 255, 255 } },
    ._required_outputs={ .elems = { 0 } },
    ._required_inputs={ .elems = { 0 } },
    .anon_pad$11=0 }

State 6 file /Users/user/NVIDIA-OpenSMA/src/nv/emulation/pca9555.cpp line 87 column 13 function i2c_read thread 0
----------------------------------------------------
  *return_value$_at$3 = ( class nv::emulation::Pca9555 { unsigned int _active_register; unsigned int _active_bank; _Bool _new_command;  struct std::array<unsigned char, 2> { unsigned char [2] elems; }interrupt_low_vector;  struct std::array<unsigned char, 2> { unsigned char [2] elems; }state_at_last_interrupt_check;  struct std::array<unsigned char, 2> { unsigned char [2] elems; }_gpio_pin_state;  struct std::array<unsigned char, 2> { unsigned char [2] elems; }_gpio_output;  struct std::array<unsigned char, 2> { unsigned char [2] elems; }_gpio_inversion_enable;  struct std::array<unsigned char, 2> { unsigned char [2] elems; }_gpio_direction_config;  struct std::array<unsigned char, 2> { unsigned char [2] elems; }_required_outputs;  struct std::array<unsigned char, 2> { unsigned char [2] elems; }_required_inputs; unsigned _ExtInt(24) anon_pad$11; })(byte_update_little_endian((unsigned _ExtInt(224))({ ._active_register=0, ._active_bank=0, ._new_command=0, .interrupt_low_vector={ .elems={ 255, 255 } },
    .state_at_last_interrupt_check={ .elems = { 0 } },
    ._gpio_pin_state={ .elems = { 0 } },
    ._gpio_output={ .elems={ 255, 255 } },
    ._gpio_inversion_enable={ .elems = { 0 } },
    ._gpio_direction_config={ .elems={ 255, 255 } },
    ._required_outputs={ .elems = { 0 } },
    ._required_inputs={ .elems = { 0 } },
    .anon_pad$11=0 }), 9, 255))

State 7 file /Users/user/NVIDIA-OpenSMA/src/nv/emulation/pca9555.cpp line 338 column 5 function next_bank thread 0
----------------------------------------------------
  *bank::0 = { ._active_register=0, ._active_bank=1, ._new_command=0, .interrupt_low_vector={ .elems={ 255, 255 } },
    .state_at_last_interrupt_check={ .elems = { 0 } },
    ._gpio_pin_state={ .elems = { 0 } },
    ._gpio_output={ .elems={ 255, 255 } },
    ._gpio_inversion_enable={ .elems = { 0 } },
    ._gpio_direction_config={ .elems={ 255, 255 } },
    ._required_outputs={ .elems = { 0 } },
    ._required_inputs={ .elems = { 0 } },
    .anon_pad$11=0 }

State 8 file /Users/user/NVIDIA-OpenSMA/src/nv/emulation/pca9555.cpp line 80 column 5 function i2c_read thread 0
----------------------------------------------------
  this->_new_command = { ._active_register=0, ._active_bank=1, ._new_command=0, .interrupt_low_vector={ .elems={ 255, 255 } },
    .state_at_last_interrupt_check={ .elems = { 0 } },
    ._gpio_pin_state={ .elems = { 0 } },
    ._gpio_output={ .elems={ 255, 255 } },
    ._gpio_inversion_enable={ .elems = { 0 } },
    ._gpio_direction_config={ .elems={ 255, 255 } },
    ._required_outputs={ .elems = { 0 } },
    ._required_inputs={ .elems = { 0 } },
    .anon_pad$11=0 }

State 9 file /Users/user/NVIDIA-OpenSMA/src/nv/emulation/pca9555.cpp line 87 column 13 function i2c_read thread 0
----------------------------------------------------
  *return_value$_at$3 = ( class nv::emulation::Pca9555 { unsigned int _active_register; unsigned int _active_bank; _Bool _new_command;  struct std::array<unsigned char, 2> { unsigned char [2] elems; }interrupt_low_vector;  struct std::array<unsigned char, 2> { unsigned char [2] elems; }state_at_last_interrupt_check;  struct std::array<unsigned char, 2> { unsigned char [2] elems; }_gpio_pin_state;  struct std::array<unsigned char, 2> { unsigned char [2] elems; }_gpio_output;  struct std::array<unsigned char, 2> { unsigned char [2] elems; }_gpio_inversion_enable;  struct std::array<unsigned char, 2> { unsigned char [2] elems; }_gpio_direction_config;  struct std::array<unsigned char, 2> { unsigned char [2] elems; }_required_outputs;  struct std::array<unsigned char, 2> { unsigned char [2] elems; }_required_inputs; unsigned _ExtInt(24) anon_pad$11; })(byte_update_little_endian((unsigned _ExtInt(224))({ ._active_register=0, ._active_bank=1, ._new_command=0, .interrupt_low_vector={ .elems={ 255, 255 } },
    .state_at_last_interrupt_check={ .elems = { 0 } },
    ._gpio_pin_state={ .elems = { 0 } },
    ._gpio_output={ .elems={ 255, 255 } },
    ._gpio_inversion_enable={ .elems = { 0 } },
    ._gpio_direction_config={ .elems={ 255, 255 } },
    ._required_outputs={ .elems = { 0 } },
    ._required_inputs={ .elems = { 0 } },
    .anon_pad$11=0 }), 10, 255))

State 10 file /Users/user/NVIDIA-OpenSMA/src/nv/emulation/pca9555.cpp line 338 column 5 function next_bank thread 0
----------------------------------------------------
  *bank::0 = { ._active_register=0, ._active_bank=0, ._new_command=0, .interrupt_low_vector={ .elems={ 255, 255 } },
    .state_at_last_interrupt_check={ .elems = { 0 } },
    ._gpio_pin_state={ .elems = { 0 } },
    ._gpio_output={ .elems={ 255, 255 } },
    ._gpio_inversion_enable={ .elems = { 0 } },
    ._gpio_direction_config={ .elems={ 255, 255 } },
    ._required_outputs={ .elems = { 0 } },
    ._required_inputs={ .elems = { 0 } },
    .anon_pad$11=0 }

State 11 file /Users/user/NVIDIA-OpenSMA/verification/harnesses/pca9555_harness.cpp line 55 column 14 function f_totality thread 0
----------------------------------------------------
  *return_value$_operator[]$5 = { .elems={ nondet_symbol(symex::nondet27), 0, 0, 0, 0, 0, 0, 0, 0, 0, 0, 0, 0, 0, 0, 0, 0, 0, 0, 0, 0, 0, 0, 0, 0, 0, 0, 0, 0, 0, 0, 0, 0, 0, 0 } }

State 12 file /Users/user/NVIDIA-OpenSMA/verification/harnesses/pca9555_harness.cpp line 56 column 14 function f_totality thread 0
----------------------------------------------------
  *return_value$_operator[]$6 = { .elems = 0 }

State 15 file /Users/user/NVIDIA-OpenSMA/src/nv/emulation/pca9555.cpp line 127 column 5 function i2c_write thread 0
----------------------------------------------------
Violated property:
  file /Users/user/NVIDIA-OpenSMA/src/nv/emulation/pca9555.cpp line 127 column 5 function i2c_write
  (signed int)data_length::1 == 1
  (signed int)data_length::1 != 1

Slicing time: 0.003s (removed 115 assignments)
No solver specified; defaulting to bitwuzla
Solving claim '(signed int)this->_active_register == 0 && (signed int)this->_active_register == 1 && (signed int)this->_active_register == 2 && (signed int)this->_active_register != 3 at file /Users/user/NVIDIA-OpenSMA/src/nv/emulation/pca9555.cpp line 101 column 14 function i2c_read' with solver Bitwuzla 0.8.2
Encoding remaining VCC(s) using bit-vector/floating-point arithmetic
Encoding to solver time: 0.010s
Solving with solver Bitwuzla 0.8.2
Runtime decision procedure: 0.001s
✓ PASSED: '(signed int)this->_active_register == 0 && (signed int)this->_active_register == 1 && (signed int)this->_active_register == 2 && (signed int)this->_active_register != 3 at file /Users/user/NVIDIA-OpenSMA/src/nv/emulation/pca9555.cpp line 101 column 14 function i2c_read'
Slicing time: 0.003s (removed 115 assignments)
No solver specified; defaulting to bitwuzla
Solving claim '(signed int)this->_active_register == 0 && (signed int)this->_active_register == 1 && (signed int)this->_active_register == 2 && (signed int)this->_active_register == 3 at file /Users/user/NVIDIA-OpenSMA/src/nv/emulation/pca9555.cpp line 101 column 14 function i2c_read' with solver Bitwuzla 0.8.2
Encoding remaining VCC(s) using bit-vector/floating-point arithmetic
Encoding to solver time: 0.010s
Solving with solver Bitwuzla 0.8.2
Runtime decision procedure: 0.001s
✓ PASSED: '(signed int)this->_active_register == 0 && (signed int)this->_active_register == 1 && (signed int)this->_active_register == 2 && (signed int)this->_active_register == 3 at file /Users/user/NVIDIA-OpenSMA/src/nv/emulation/pca9555.cpp line 101 column 14 function i2c_read'
Slicing time: 0.003s (removed 115 assignments)
No solver specified; defaulting to bitwuzla
Solving claim '(signed int)this->_active_register != 0 && (signed int)this->_active_register == 1 && (signed int)this->_active_register == 2 && (signed int)this->_active_register != 3 at file /Users/user/NVIDIA-OpenSMA/src/nv/emulation/pca9555.cpp line 101 column 14 function i2c_read' with solver Bitwuzla 0.8.2
Encoding remaining VCC(s) using bit-vector/floating-point arithmetic
Encoding to solver time: 0.010s
Solving with solver Bitwuzla 0.8.2
Runtime decision procedure: 0.001s
✓ PASSED: '(signed int)this->_active_register != 0 && (signed int)this->_active_register == 1 && (signed int)this->_active_register == 2 && (signed int)this->_active_register != 3 at file /Users/user/NVIDIA-OpenSMA/src/nv/emulation/pca9555.cpp line 101 column 14 function i2c_read'
Slicing time: 0.002s (removed 115 assignments)
No solver specified; defaulting to bitwuzla
Solving claim '(signed int)this->_active_register != 0 && (signed int)this->_active_register == 1 && (signed int)this->_active_register == 2 && (signed int)this->_active_register == 3 at file /Users/user/NVIDIA-OpenSMA/src/nv/emulation/pca9555.cpp line 101 column 14 function i2c_read' with solver Bitwuzla 0.8.2
Encoding remaining VCC(s) using bit-vector/floating-point arithmetic
Encoding to solver time: 0.009s
Solving with solver Bitwuzla 0.8.2
Runtime decision procedure: 0.001s
✓ PASSED: '(signed int)this->_active_register != 0 && (signed int)this->_active_register == 1 && (signed int)this->_active_register == 2 && (signed int)this->_active_register == 3 at file /Users/user/NVIDIA-OpenSMA/src/nv/emulation/pca9555.cpp line 101 column 14 function i2c_read'
Slicing time: 0.002s (removed 115 assignments)
No solver specified; defaulting to bitwuzla
Solving claim '(signed int)this->_active_register == 0 && (signed int)this->_active_register != 1 && (signed int)this->_active_register == 2 && (signed int)this->_active_register != 3 at file /Users/user/NVIDIA-OpenSMA/src/nv/emulation/pca9555.cpp line 101 column 14 function i2c_read' with solver Bitwuzla 0.8.2
Encoding remaining VCC(s) using bit-vector/floating-point arithmetic
Encoding to solver time: 0.009s
Solving with solver Bitwuzla 0.8.2
Runtime decision procedure: 0.001s
✓ PASSED: '(signed int)this->_active_register == 0 && (signed int)this->_active_register != 1 && (signed int)this->_active_register == 2 && (signed int)this->_active_register != 3 at file /Users/user/NVIDIA-OpenSMA/src/nv/emulation/pca9555.cpp line 101 column 14 function i2c_read'
Slicing time: 0.002s (removed 115 assignments)
No solver specified; defaulting to bitwuzla
Solving claim '(signed int)this->_active_register == 0 && (signed int)this->_active_register != 1 && (signed int)this->_active_register == 2 && (signed int)this->_active_register == 3 at file /Users/user/NVIDIA-OpenSMA/src/nv/emulation/pca9555.cpp line 101 column 14 function i2c_read' with solver Bitwuzla 0.8.2
Encoding remaining VCC(s) using bit-vector/floating-point arithmetic
Encoding to solver time: 0.009s
Solving with solver Bitwuzla 0.8.2
Runtime decision procedure: 0.001s
✓ PASSED: '(signed int)this->_active_register == 0 && (signed int)this->_active_register != 1 && (signed int)this->_active_register == 2 && (signed int)this->_active_register == 3 at file /Users/user/NVIDIA-OpenSMA/src/nv/emulation/pca9555.cpp line 101 column 14 function i2c_read'
Slicing time: 0.002s (removed 115 assignments)
No solver specified; defaulting to bitwuzla
Solving claim '(signed int)this->_active_register != 0 && (signed int)this->_active_register != 1 && (signed int)this->_active_register == 2 && (signed int)this->_active_register != 3 at file /Users/user/NVIDIA-OpenSMA/src/nv/emulation/pca9555.cpp line 101 column 14 function i2c_read' with solver Bitwuzla 0.8.2
Encoding remaining VCC(s) using bit-vector/floating-point arithmetic
Encoding to solver time: 0.009s
Solving with solver Bitwuzla 0.8.2
Runtime decision procedure: 0.001s
✓ PASSED: '(signed int)this->_active_register != 0 && (signed int)this->_active_register != 1 && (signed int)this->_active_register == 2 && (signed int)this->_active_register != 3 at file /Users/user/NVIDIA-OpenSMA/src/nv/emulation/pca9555.cpp line 101 column 14 function i2c_read'
Slicing time: 0.003s (removed 115 assignments)
No solver specified; defaulting to bitwuzla
Solving claim '(signed int)this->_active_register != 0 && (signed int)this->_active_register != 1 && (signed int)this->_active_register == 2 && (signed int)this->_active_register == 3 at file /Users/user/NVIDIA-OpenSMA/src/nv/emulation/pca9555.cpp line 101 column 14 function i2c_read' with solver Bitwuzla 0.8.2
Encoding remaining VCC(s) using bit-vector/floating-point arithmetic
Encoding to solver time: 0.010s
Solving with solver Bitwuzla 0.8.2
Runtime decision procedure: 0.001s
✓ PASSED: '(signed int)this->_active_register != 0 && (signed int)this->_active_register != 1 && (signed int)this->_active_register == 2 && (signed int)this->_active_register == 3 at file /Users/user/NVIDIA-OpenSMA/src/nv/emulation/pca9555.cpp line 101 column 14 function i2c_read'
Slicing time: 0.002s (removed 115 assignments)
No solver specified; defaulting to bitwuzla
Solving claim '(signed int)this->_active_register == 0 && (signed int)this->_active_register == 1 && (signed int)this->_active_register != 2 && (signed int)this->_active_register != 3 at file /Users/user/NVIDIA-OpenSMA/src/nv/emulation/pca9555.cpp line 101 column 14 function i2c_read' with solver Bitwuzla 0.8.2
Encoding remaining VCC(s) using bit-vector/floating-point arithmetic
Encoding to solver time: 0.009s
Solving with solver Bitwuzla 0.8.2
Runtime decision procedure: 0.001s
✓ PASSED: '(signed int)this->_active_register == 0 && (signed int)this->_active_register == 1 && (signed int)this->_active_register != 2 && (signed int)this->_active_register != 3 at file /Users/user/NVIDIA-OpenSMA/src/nv/emulation/pca9555.cpp line 101 column 14 function i2c_read'
Slicing time: 0.003s (removed 115 assignments)
No solver specified; defaulting to bitwuzla
Solving claim '(signed int)this->_active_register == 0 && (signed int)this->_active_register == 1 && (signed int)this->_active_register != 2 && (signed int)this->_active_register == 3 at file /Users/user/NVIDIA-OpenSMA/src/nv/emulation/pca9555.cpp line 101 column 14 function i2c_read' with solver Bitwuzla 0.8.2
Encoding remaining VCC(s) using bit-vector/floating-point arithmetic
Encoding to solver time: 0.010s
Solving with solver Bitwuzla 0.8.2
Runtime decision procedure: 0.001s
✓ PASSED: '(signed int)this->_active_register == 0 && (signed int)this->_active_register == 1 && (signed int)this->_active_register != 2 && (signed int)this->_active_register == 3 at file /Users/user/NVIDIA-OpenSMA/src/nv/emulation/pca9555.cpp line 101 column 14 function i2c_read'
Slicing time: 0.003s (removed 115 assignments)
No solver specified; defaulting to bitwuzla
Solving claim '(signed int)this->_active_register != 0 && (signed int)this->_active_register == 1 && (signed int)this->_active_register != 2 && (signed int)this->_active_register != 3 at file /Users/user/NVIDIA-OpenSMA/src/nv/emulation/pca9555.cpp line 101 column 14 function i2c_read' with solver Bitwuzla 0.8.2
Encoding remaining VCC(s) using bit-vector/floating-point arithmetic
Encoding to solver time: 0.010s
Solving with solver Bitwuzla 0.8.2
Runtime decision procedure: 0.001s
✓ PASSED: '(signed int)this->_active_register != 0 && (signed int)this->_active_register == 1 && (signed int)this->_active_register != 2 && (signed int)this->_active_register != 3 at file /Users/user/NVIDIA-OpenSMA/src/nv/emulation/pca9555.cpp line 101 column 14 function i2c_read'
Slicing time: 0.003s (removed 115 assignments)
No solver specified; defaulting to bitwuzla
Solving claim '(signed int)this->_active_register != 0 && (signed int)this->_active_register == 1 && (signed int)this->_active_register != 2 && (signed int)this->_active_register == 3 at file /Users/user/NVIDIA-OpenSMA/src/nv/emulation/pca9555.cpp line 101 column 14 function i2c_read' with solver Bitwuzla 0.8.2
Encoding remaining VCC(s) using bit-vector/floating-point arithmetic
Encoding to solver time: 0.009s
Solving with solver Bitwuzla 0.8.2
Runtime decision procedure: 0.000s
✓ PASSED: '(signed int)this->_active_register != 0 && (signed int)this->_active_register == 1 && (signed int)this->_active_register != 2 && (signed int)this->_active_register == 3 at file /Users/user/NVIDIA-OpenSMA/src/nv/emulation/pca9555.cpp line 101 column 14 function i2c_read'
Slicing time: 0.002s (removed 115 assignments)
No solver specified; defaulting to bitwuzla
Solving claim '(signed int)this->_active_register == 0 && (signed int)this->_active_register != 1 && (signed int)this->_active_register != 2 && (signed int)this->_active_register != 3 at file /Users/user/NVIDIA-OpenSMA/src/nv/emulation/pca9555.cpp line 101 column 14 function i2c_read' with solver Bitwuzla 0.8.2
Encoding remaining VCC(s) using bit-vector/floating-point arithmetic
Encoding to solver time: 0.010s
Solving with solver Bitwuzla 0.8.2
Runtime decision procedure: 0.001s
✓ PASSED: '(signed int)this->_active_register == 0 && (signed int)this->_active_register != 1 && (signed int)this->_active_register != 2 && (signed int)this->_active_register != 3 at file /Users/user/NVIDIA-OpenSMA/src/nv/emulation/pca9555.cpp line 101 column 14 function i2c_read'
Slicing time: 0.002s (removed 115 assignments)
No solver specified; defaulting to bitwuzla
Solving claim '(signed int)this->_active_register == 0 && (signed int)this->_active_register != 1 && (signed int)this->_active_register != 2 && (signed int)this->_active_register == 3 at file /Users/user/NVIDIA-OpenSMA/src/nv/emulation/pca9555.cpp line 101 column 14 function i2c_read' with solver Bitwuzla 0.8.2
Encoding remaining VCC(s) using bit-vector/floating-point arithmetic
Encoding to solver time: 0.009s
Solving with solver Bitwuzla 0.8.2
Runtime decision procedure: 0.001s
✓ PASSED: '(signed int)this->_active_register == 0 && (signed int)this->_active_register != 1 && (signed int)this->_active_register != 2 && (signed int)this->_active_register == 3 at file /Users/user/NVIDIA-OpenSMA/src/nv/emulation/pca9555.cpp line 101 column 14 function i2c_read'
Slicing time: 0.003s (removed 115 assignments)
No solver specified; defaulting to bitwuzla
Solving claim '(signed int)this->_active_register != 0 && (signed int)this->_active_register != 1 && (signed int)this->_active_register != 2 && (signed int)this->_active_register != 3 at file /Users/user/NVIDIA-OpenSMA/src/nv/emulation/pca9555.cpp line 101 column 14 function i2c_read' with solver Bitwuzla 0.8.2
Encoding remaining VCC(s) using bit-vector/floating-point arithmetic
Encoding to solver time: 0.010s
Solving with solver Bitwuzla 0.8.2
Runtime decision procedure: 0.001s
✓ PASSED: '(signed int)this->_active_register != 0 && (signed int)this->_active_register != 1 && (signed int)this->_active_register != 2 && (signed int)this->_active_register != 3 at file /Users/user/NVIDIA-OpenSMA/src/nv/emulation/pca9555.cpp line 101 column 14 function i2c_read'
Slicing time: 0.002s (removed 115 assignments)
No solver specified; defaulting to bitwuzla
Solving claim '(signed int)this->_active_register != 0 && (signed int)this->_active_register != 1 && (signed int)this->_active_register != 2 && (signed int)this->_active_register == 3 at file /Users/user/NVIDIA-OpenSMA/src/nv/emulation/pca9555.cpp line 101 column 14 function i2c_read' with solver Bitwuzla 0.8.2
Encoding remaining VCC(s) using bit-vector/floating-point arithmetic
Encoding to solver time: 0.009s
Solving with solver Bitwuzla 0.8.2
Runtime decision procedure: 0.001s
✓ PASSED: '(signed int)this->_active_register != 0 && (signed int)this->_active_register != 1 && (signed int)this->_active_register != 2 && (signed int)this->_active_register == 3 at file /Users/user/NVIDIA-OpenSMA/src/nv/emulation/pca9555.cpp line 101 column 14 function i2c_read'
Slicing time: 0.002s (removed 115 assignments)
No solver specified; defaulting to bitwuzla
Solving claim '(this->_new_command || !new_transaction::1) && (signed int)this->_active_register == 0 && (signed int)this->_active_register == 1 && (signed int)this->_active_register != 2 at file /Users/user/NVIDIA-OpenSMA/src/nv/emulation/pca9555.cpp line 96 column 14 function i2c_read' with solver Bitwuzla 0.8.2
Encoding remaining VCC(s) using bit-vector/floating-point arithmetic
Encoding to solver time: 0.009s
Solving with solver Bitwuzla 0.8.2
Runtime decision procedure: 0.001s
✓ PASSED: '(this->_new_command || !new_transaction::1) && (signed int)this->_active_register == 0 && (signed int)this->_active_register == 1 && (signed int)this->_active_register != 2 at file /Users/user/NVIDIA-OpenSMA/src/nv/emulation/pca9555.cpp line 96 column 14 function i2c_read'
Slicing time: 0.003s (removed 115 assignments)
No solver specified; defaulting to bitwuzla
Solving claim '(this->_new_command || !new_transaction::1) && (signed int)this->_active_register == 0 && (signed int)this->_active_register == 1 && (signed int)this->_active_register == 2 at file /Users/user/NVIDIA-OpenSMA/src/nv/emulation/pca9555.cpp line 96 column 14 function i2c_read' with solver Bitwuzla 0.8.2
Encoding remaining VCC(s) using bit-vector/floating-point arithmetic
Encoding to solver time: 0.009s
Solving with solver Bitwuzla 0.8.2
Runtime decision procedure: 0.001s
✓ PASSED: '(this->_new_command || !new_transaction::1) && (signed int)this->_active_register == 0 && (signed int)this->_active_register == 1 && (signed int)this->_active_register == 2 at file /Users/user/NVIDIA-OpenSMA/src/nv/emulation/pca9555.cpp line 96 column 14 function i2c_read'
Slicing time: 0.002s (removed 115 assignments)
No solver specified; defaulting to bitwuzla
Solving claim '(this->_new_command || !new_transaction::1) && (signed int)this->_active_register != 0 && (signed int)this->_active_register == 1 && (signed int)this->_active_register != 2 at file /Users/user/NVIDIA-OpenSMA/src/nv/emulation/pca9555.cpp line 96 column 14 function i2c_read' with solver Bitwuzla 0.8.2
Encoding remaining VCC(s) using bit-vector/floating-point arithmetic
Encoding to solver time: 0.009s
Solving with solver Bitwuzla 0.8.2
Runtime decision procedure: 0.001s
✓ PASSED: '(this->_new_command || !new_transaction::1) && (signed int)this->_active_register != 0 && (signed int)this->_active_register == 1 && (signed int)this->_active_register != 2 at file /Users/user/NVIDIA-OpenSMA/src/nv/emulation/pca9555.cpp line 96 column 14 function i2c_read'
Slicing time: 0.002s (removed 115 assignments)
No solver specified; defaulting to bitwuzla
Solving claim '(this->_new_command || !new_transaction::1) && (signed int)this->_active_register != 0 && (signed int)this->_active_register == 1 && (signed int)this->_active_register == 2 at file /Users/user/NVIDIA-OpenSMA/src/nv/emulation/pca9555.cpp line 96 column 14 function i2c_read' with solver Bitwuzla 0.8.2
Encoding remaining VCC(s) using bit-vector/floating-point arithmetic
Encoding to solver time: 0.009s
Solving with solver Bitwuzla 0.8.2
Runtime decision procedure: 0.001s
✓ PASSED: '(this->_new_command || !new_transaction::1) && (signed int)this->_active_register != 0 && (signed int)this->_active_register == 1 && (signed int)this->_active_register == 2 at file /Users/user/NVIDIA-OpenSMA/src/nv/emulation/pca9555.cpp line 96 column 14 function i2c_read'
Slicing time: 0.002s (removed 115 assignments)
No solver specified; defaulting to bitwuzla
Solving claim '(this->_new_command || !new_transaction::1) && (signed int)this->_active_register == 0 && (signed int)this->_active_register != 1 && (signed int)this->_active_register != 2 at file /Users/user/NVIDIA-OpenSMA/src/nv/emulation/pca9555.cpp line 96 column 14 function i2c_read' with solver Bitwuzla 0.8.2
Encoding remaining VCC(s) using bit-vector/floating-point arithmetic
Encoding to solver time: 0.009s
Solving with solver Bitwuzla 0.8.2
Runtime decision procedure: 0.001s
✓ PASSED: '(this->_new_command || !new_transaction::1) && (signed int)this->_active_register == 0 && (signed int)this->_active_register != 1 && (signed int)this->_active_register != 2 at file /Users/user/NVIDIA-OpenSMA/src/nv/emulation/pca9555.cpp line 96 column 14 function i2c_read'
Slicing time: 0.003s (removed 115 assignments)
No solver specified; defaulting to bitwuzla
Solving claim '(this->_new_command || !new_transaction::1) && (signed int)this->_active_register == 0 && (signed int)this->_active_register != 1 && (signed int)this->_active_register == 2 at file /Users/user/NVIDIA-OpenSMA/src/nv/emulation/pca9555.cpp line 96 column 14 function i2c_read' with solver Bitwuzla 0.8.2
Encoding remaining VCC(s) using bit-vector/floating-point arithmetic
Encoding to solver time: 0.009s
Solving with solver Bitwuzla 0.8.2
Runtime decision procedure: 0.001s
✓ PASSED: '(this->_new_command || !new_transaction::1) && (signed int)this->_active_register == 0 && (signed int)this->_active_register != 1 && (signed int)this->_active_register == 2 at file /Users/user/NVIDIA-OpenSMA/src/nv/emulation/pca9555.cpp line 96 column 14 function i2c_read'
Slicing time: 0.002s (removed 115 assignments)
No solver specified; defaulting to bitwuzla
Solving claim '(this->_new_command || !new_transaction::1) && (signed int)this->_active_register != 0 && (signed int)this->_active_register != 1 && (signed int)this->_active_register != 2 at file /Users/user/NVIDIA-OpenSMA/src/nv/emulation/pca9555.cpp line 96 column 14 function i2c_read' with solver Bitwuzla 0.8.2
Encoding remaining VCC(s) using bit-vector/floating-point arithmetic
Encoding to solver time: 0.009s
Solving with solver Bitwuzla 0.8.2
Runtime decision procedure: 0.001s
✓ PASSED: '(this->_new_command || !new_transaction::1) && (signed int)this->_active_register != 0 && (signed int)this->_active_register != 1 && (signed int)this->_active_register != 2 at file /Users/user/NVIDIA-OpenSMA/src/nv/emulation/pca9555.cpp line 96 column 14 function i2c_read'
Slicing time: 0.002s (removed 115 assignments)
No solver specified; defaulting to bitwuzla
Solving claim '(this->_new_command || !new_transaction::1) && (signed int)this->_active_register != 0 && (signed int)this->_active_register != 1 && (signed int)this->_active_register == 2 at file /Users/user/NVIDIA-OpenSMA/src/nv/emulation/pca9555.cpp line 96 column 14 function i2c_read' with solver Bitwuzla 0.8.2
Encoding remaining VCC(s) using bit-vector/floating-point arithmetic
Encoding to solver time: 0.009s
Solving with solver Bitwuzla 0.8.2
Runtime decision procedure: 0.001s
✓ PASSED: '(this->_new_command || !new_transaction::1) && (signed int)this->_active_register != 0 && (signed int)this->_active_register != 1 && (signed int)this->_active_register == 2 at file /Users/user/NVIDIA-OpenSMA/src/nv/emulation/pca9555.cpp line 96 column 14 function i2c_read'
Slicing time: 0.002s (removed 115 assignments)
No solver specified; defaulting to bitwuzla
Solving claim '(this->_new_command || !new_transaction::1) && (signed int)this->_active_register == 0 && (signed int)this->_active_register != 1 at file /Users/user/NVIDIA-OpenSMA/src/nv/emulation/pca9555.cpp line 91 column 14 function i2c_read' with solver Bitwuzla 0.8.2
Encoding remaining VCC(s) using bit-vector/floating-point arithmetic
Encoding to solver time: 0.009s
Solving with solver Bitwuzla 0.8.2
Runtime decision procedure: 0.001s
✓ PASSED: '(this->_new_command || !new_transaction::1) && (signed int)this->_active_register == 0 && (signed int)this->_active_register != 1 at file /Users/user/NVIDIA-OpenSMA/src/nv/emulation/pca9555.cpp line 91 column 14 function i2c_read'
Slicing time: 0.003s (removed 115 assignments)
No solver specified; defaulting to bitwuzla
Solving claim '(this->_new_command || !new_transaction::1) && (signed int)this->_active_register == 0 && (signed int)this->_active_register == 1 at file /Users/user/NVIDIA-OpenSMA/src/nv/emulation/pca9555.cpp line 91 column 14 function i2c_read' with solver Bitwuzla 0.8.2
Encoding remaining VCC(s) using bit-vector/floating-point arithmetic
Encoding to solver time: 0.009s
Solving with solver Bitwuzla 0.8.2
Runtime decision procedure: 0.001s
✓ PASSED: '(this->_new_command || !new_transaction::1) && (signed int)this->_active_register == 0 && (signed int)this->_active_register == 1 at file /Users/user/NVIDIA-OpenSMA/src/nv/emulation/pca9555.cpp line 91 column 14 function i2c_read'
Slicing time: 0.003s (removed 115 assignments)
No solver specified; defaulting to bitwuzla
Solving claim '(this->_new_command || !new_transaction::1) && (signed int)this->_active_register != 0 && (signed int)this->_active_register != 1 at file /Users/user/NVIDIA-OpenSMA/src/nv/emulation/pca9555.cpp line 91 column 14 function i2c_read' with solver Bitwuzla 0.8.2
Encoding remaining VCC(s) using bit-vector/floating-point arithmetic
Encoding to solver time: 0.009s
Solving with solver Bitwuzla 0.8.2
Runtime decision procedure: 0.001s
✓ PASSED: '(this->_new_command || !new_transaction::1) && (signed int)this->_active_register != 0 && (signed int)this->_active_register != 1 at file /Users/user/NVIDIA-OpenSMA/src/nv/emulation/pca9555.cpp line 91 column 14 function i2c_read'
Slicing time: 0.002s (removed 115 assignments)
No solver specified; defaulting to bitwuzla
Solving claim '(this->_new_command || !new_transaction::1) && (signed int)this->_active_register != 0 && (signed int)this->_active_register == 1 at file /Users/user/NVIDIA-OpenSMA/src/nv/emulation/pca9555.cpp line 91 column 14 function i2c_read' with solver Bitwuzla 0.8.2
Encoding remaining VCC(s) using bit-vector/floating-point arithmetic
Encoding to solver time: 0.010s
Solving with solver Bitwuzla 0.8.2
Runtime decision procedure: 0.001s
✓ PASSED: '(this->_new_command || !new_transaction::1) && (signed int)this->_active_register != 0 && (signed int)this->_active_register == 1 at file /Users/user/NVIDIA-OpenSMA/src/nv/emulation/pca9555.cpp line 91 column 14 function i2c_read'
Slicing time: 0.003s (removed 115 assignments)
No solver specified; defaulting to bitwuzla
Solving claim '(this->_new_command || !new_transaction::1) && (signed int)this->_active_register != 0 at file /Users/user/NVIDIA-OpenSMA/src/nv/emulation/pca9555.cpp line 83 column 14 function i2c_read' with solver Bitwuzla 0.8.2
Encoding remaining VCC(s) using bit-vector/floating-point arithmetic
Encoding to solver time: 0.009s
Solving with solver Bitwuzla 0.8.2
Runtime decision procedure: 0.001s
✓ PASSED: '(this->_new_command || !new_transaction::1) && (signed int)this->_active_register != 0 at file /Users/user/NVIDIA-OpenSMA/src/nv/emulation/pca9555.cpp line 83 column 14 function i2c_read'
Slicing time: 0.002s (removed 115 assignments)
No solver specified; defaulting to bitwuzla
Solving claim '(this->_new_command || !new_transaction::1) && (signed int)this->_active_register == 0 at file /Users/user/NVIDIA-OpenSMA/src/nv/emulation/pca9555.cpp line 83 column 14 function i2c_read' with solver Bitwuzla 0.8.2
Encoding remaining VCC(s) using bit-vector/floating-point arithmetic
Encoding to solver time: 0.010s
Solving with solver Bitwuzla 0.8.2
Runtime decision procedure: 0.002s
✗ FAILED: '(this->_new_command || !new_transaction::1) && (signed int)this->_active_register == 0 at file /Users/user/NVIDIA-OpenSMA/src/nv/emulation/pca9555.cpp line 83 column 14 function i2c_read'

[Counterexample]


State 1 file /Users/user/NVIDIA-OpenSMA/verification/harnesses/pca9555_harness.cpp line 43 column 5 function f_totality thread 0
----------------------------------------------------
  init = 0 (00000000 00000000)

State 2 file /Users/user/NVIDIA-OpenSMA/verification/harnesses/pca9555_harness.cpp line 44 column 5 function f_totality thread 0
----------------------------------------------------
  out_m = 0 (00000000 00000000)

State 3 file /Users/user/NVIDIA-OpenSMA/verification/harnesses/pca9555_harness.cpp line 45 column 5 function f_totality thread 0
----------------------------------------------------
  in_m = 0 (00000000 00000000)

State 4 file /Users/user/NVIDIA-OpenSMA/verification/harnesses/pca9555_harness.cpp line 46 column 5 function f_totality thread 0
----------------------------------------------------
  dev = { ._active_register=0, ._active_bank=0, ._new_command=1, .interrupt_low_vector={ .elems={ 255, 255 } },
    .state_at_last_interrupt_check={ .elems = { 0 } },
    ._gpio_pin_state={ .elems = { 0 } },
    ._gpio_output={ .elems={ 255, 255 } },
    ._gpio_inversion_enable={ .elems = { 0 } },
    ._gpio_direction_config={ .elems={ 255, 255 } },
    ._required_outputs={ .elems = { 0 } },
    ._required_inputs={ .elems = { 0 } },
    .anon_pad$11=0 }

State 5 file /Users/user/NVIDIA-OpenSMA/src/nv/emulation/pca9555.cpp line 80 column 5 function i2c_read thread 0
----------------------------------------------------
  this->_new_command = { ._active_register=0, ._active_bank=0, ._new_command=0, .interrupt_low_vector={ .elems={ 255, 255 } },
    .state_at_last_interrupt_check={ .elems = { 0 } },
    ._gpio_pin_state={ .elems = { 0 } },
    ._gpio_output={ .elems={ 255, 255 } },
    ._gpio_inversion_enable={ .elems = { 0 } },
    ._gpio_direction_config={ .elems={ 255, 255 } },
    ._required_outputs={ .elems = { 0 } },
    ._required_inputs={ .elems = { 0 } },
    .anon_pad$11=0 }

State 6 file /Users/user/NVIDIA-OpenSMA/src/nv/emulation/pca9555.cpp line 87 column 13 function i2c_read thread 0
----------------------------------------------------
  *return_value$_at$3 = ( class nv::emulation::Pca9555 { unsigned int _active_register; unsigned int _active_bank; _Bool _new_command;  struct std::array<unsigned char, 2> { unsigned char [2] elems; }interrupt_low_vector;  struct std::array<unsigned char, 2> { unsigned char [2] elems; }state_at_last_interrupt_check;  struct std::array<unsigned char, 2> { unsigned char [2] elems; }_gpio_pin_state;  struct std::array<unsigned char, 2> { unsigned char [2] elems; }_gpio_output;  struct std::array<unsigned char, 2> { unsigned char [2] elems; }_gpio_inversion_enable;  struct std::array<unsigned char, 2> { unsigned char [2] elems; }_gpio_direction_config;  struct std::array<unsigned char, 2> { unsigned char [2] elems; }_required_outputs;  struct std::array<unsigned char, 2> { unsigned char [2] elems; }_required_inputs; unsigned _ExtInt(24) anon_pad$11; })(byte_update_little_endian((unsigned _ExtInt(224))({ ._active_register=0, ._active_bank=0, ._new_command=0, .interrupt_low_vector={ .elems={ 255, 255 } },
    .state_at_last_interrupt_check={ .elems = { 0 } },
    ._gpio_pin_state={ .elems = { 0 } },
    ._gpio_output={ .elems={ 255, 255 } },
    ._gpio_inversion_enable={ .elems = { 0 } },
    ._gpio_direction_config={ .elems={ 255, 255 } },
    ._required_outputs={ .elems = { 0 } },
    ._required_inputs={ .elems = { 0 } },
    .anon_pad$11=0 }), 9, 255))

State 7 file /Users/user/NVIDIA-OpenSMA/src/nv/emulation/pca9555.cpp line 338 column 5 function next_bank thread 0
----------------------------------------------------
  *bank::0 = { ._active_register=0, ._active_bank=1, ._new_command=0, .interrupt_low_vector={ .elems={ 255, 255 } },
    .state_at_last_interrupt_check={ .elems = { 0 } },
    ._gpio_pin_state={ .elems = { 0 } },
    ._gpio_output={ .elems={ 255, 255 } },
    ._gpio_inversion_enable={ .elems = { 0 } },
    ._gpio_direction_config={ .elems={ 255, 255 } },
    ._required_outputs={ .elems = { 0 } },
    ._required_inputs={ .elems = { 0 } },
    .anon_pad$11=0 }

State 8 file /Users/user/NVIDIA-OpenSMA/src/nv/emulation/pca9555.cpp line 80 column 5 function i2c_read thread 0
----------------------------------------------------
  this->_new_command = { ._active_register=0, ._active_bank=1, ._new_command=0, .interrupt_low_vector={ .elems={ 255, 255 } },
    .state_at_last_interrupt_check={ .elems = { 0 } },
    ._gpio_pin_state={ .elems = { 0 } },
    ._gpio_output={ .elems={ 255, 255 } },
    ._gpio_inversion_enable={ .elems = { 0 } },
    ._gpio_direction_config={ .elems={ 255, 255 } },
    ._required_outputs={ .elems = { 0 } },
    ._required_inputs={ .elems = { 0 } },
    .anon_pad$11=0 }

State 9 file /Users/user/NVIDIA-OpenSMA/src/nv/emulation/pca9555.cpp line 83 column 14 function i2c_read thread 0
----------------------------------------------------
Violated property:
  file /Users/user/NVIDIA-OpenSMA/src/nv/emulation/pca9555.cpp line 83 column 14 function i2c_read
  (this->_new_command || !new_transaction::1) && (signed int)this->_active_register == 0
  !this->_new_command && new_transaction::1 || (signed int)this->_active_register != 0

Slicing time: 0.003s (removed 115 assignments)
No solver specified; defaulting to bitwuzla
Solving claim 'this->_new_command || !new_transaction::1 at file /Users/user/NVIDIA-OpenSMA/src/nv/emulation/pca9555.cpp line 75 column 5 function i2c_read' with solver Bitwuzla 0.8.2
Encoding remaining VCC(s) using bit-vector/floating-point arithmetic
Encoding to solver time: 0.010s
Solving with solver Bitwuzla 0.8.2
Runtime decision procedure: 0.002s
✗ FAILED: 'this->_new_command || !new_transaction::1 at file /Users/user/NVIDIA-OpenSMA/src/nv/emulation/pca9555.cpp line 75 column 5 function i2c_read'

[Counterexample]


State 1 file /Users/user/NVIDIA-OpenSMA/verification/harnesses/pca9555_harness.cpp line 43 column 5 function f_totality thread 0
----------------------------------------------------
  init = 0 (00000000 00000000)

State 2 file /Users/user/NVIDIA-OpenSMA/verification/harnesses/pca9555_harness.cpp line 44 column 5 function f_totality thread 0
----------------------------------------------------
  out_m = 0 (00000000 00000000)

State 3 file /Users/user/NVIDIA-OpenSMA/verification/harnesses/pca9555_harness.cpp line 45 column 5 function f_totality thread 0
----------------------------------------------------
  in_m = 0 (00000000 00000000)

State 4 file /Users/user/NVIDIA-OpenSMA/verification/harnesses/pca9555_harness.cpp line 46 column 5 function f_totality thread 0
----------------------------------------------------
  dev = { ._active_register=0, ._active_bank=0, ._new_command=1, .interrupt_low_vector={ .elems={ 255, 255 } },
    .state_at_last_interrupt_check={ .elems = { 0 } },
    ._gpio_pin_state={ .elems = { 0 } },
    ._gpio_output={ .elems={ 255, 255 } },
    ._gpio_inversion_enable={ .elems = { 0 } },
    ._gpio_direction_config={ .elems={ 255, 255 } },
    ._required_outputs={ .elems = { 0 } },
    ._required_inputs={ .elems = { 0 } },
    .anon_pad$11=0 }

State 5 file /Users/user/NVIDIA-OpenSMA/src/nv/emulation/pca9555.cpp line 80 column 5 function i2c_read thread 0
----------------------------------------------------
  this->_new_command = { ._active_register=0, ._active_bank=0, ._new_command=0, .interrupt_low_vector={ .elems={ 255, 255 } },
    .state_at_last_interrupt_check={ .elems = { 0 } },
    ._gpio_pin_state={ .elems = { 0 } },
    ._gpio_output={ .elems={ 255, 255 } },
    ._gpio_inversion_enable={ .elems = { 0 } },
    ._gpio_direction_config={ .elems={ 255, 255 } },
    ._required_outputs={ .elems = { 0 } },
    ._required_inputs={ .elems = { 0 } },
    .anon_pad$11=0 }

State 6 file /Users/user/NVIDIA-OpenSMA/src/nv/emulation/pca9555.cpp line 87 column 13 function i2c_read thread 0
----------------------------------------------------
  *return_value$_at$3 = ( class nv::emulation::Pca9555 { unsigned int _active_register; unsigned int _active_bank; _Bool _new_command;  struct std::array<unsigned char, 2> { unsigned char [2] elems; }interrupt_low_vector;  struct std::array<unsigned char, 2> { unsigned char [2] elems; }state_at_last_interrupt_check;  struct std::array<unsigned char, 2> { unsigned char [2] elems; }_gpio_pin_state;  struct std::array<unsigned char, 2> { unsigned char [2] elems; }_gpio_output;  struct std::array<unsigned char, 2> { unsigned char [2] elems; }_gpio_inversion_enable;  struct std::array<unsigned char, 2> { unsigned char [2] elems; }_gpio_direction_config;  struct std::array<unsigned char, 2> { unsigned char [2] elems; }_required_outputs;  struct std::array<unsigned char, 2> { unsigned char [2] elems; }_required_inputs; unsigned _ExtInt(24) anon_pad$11; })(byte_update_little_endian((unsigned _ExtInt(224))({ ._active_register=0, ._active_bank=0, ._new_command=0, .interrupt_low_vector={ .elems={ 255, 255 } },
    .state_at_last_interrupt_check={ .elems = { 0 } },
    ._gpio_pin_state={ .elems = { 0 } },
    ._gpio_output={ .elems={ 255, 255 } },
    ._gpio_inversion_enable={ .elems = { 0 } },
    ._gpio_direction_config={ .elems={ 255, 255 } },
    ._required_outputs={ .elems = { 0 } },
    ._required_inputs={ .elems = { 0 } },
    .anon_pad$11=0 }), 9, 255))

State 7 file /Users/user/NVIDIA-OpenSMA/src/nv/emulation/pca9555.cpp line 338 column 5 function next_bank thread 0
----------------------------------------------------
  *bank::0 = { ._active_register=0, ._active_bank=1, ._new_command=0, .interrupt_low_vector={ .elems={ 255, 255 } },
    .state_at_last_interrupt_check={ .elems = { 0 } },
    ._gpio_pin_state={ .elems = { 0 } },
    ._gpio_output={ .elems={ 255, 255 } },
    ._gpio_inversion_enable={ .elems = { 0 } },
    ._gpio_direction_config={ .elems={ 255, 255 } },
    ._required_outputs={ .elems = { 0 } },
    ._required_inputs={ .elems = { 0 } },
    .anon_pad$11=0 }

State 8 file /Users/user/NVIDIA-OpenSMA/src/nv/emulation/pca9555.cpp line 75 column 5 function i2c_read thread 0
----------------------------------------------------
Violated property:
  file /Users/user/NVIDIA-OpenSMA/src/nv/emulation/pca9555.cpp line 75 column 5 function i2c_read
  this->_new_command || !new_transaction::1
  !this->_new_command && new_transaction::1

Slicing time: 0.003s (removed 115 assignments)
No solver specified; defaulting to bitwuzla
Solving claim '(signed int)this->_active_register == 0 && (signed int)this->_active_register == 1 && (signed int)this->_active_register == 2 && (signed int)this->_active_register != 3 at file /Users/user/NVIDIA-OpenSMA/src/nv/emulation/pca9555.cpp line 101 column 14 function i2c_read' with solver Bitwuzla 0.8.2
Encoding remaining VCC(s) using bit-vector/floating-point arithmetic
Encoding to solver time: 0.010s
Solving with solver Bitwuzla 0.8.2
Runtime decision procedure: 0.001s
✓ PASSED: '(signed int)this->_active_register == 0 && (signed int)this->_active_register == 1 && (signed int)this->_active_register == 2 && (signed int)this->_active_register != 3 at file /Users/user/NVIDIA-OpenSMA/src/nv/emulation/pca9555.cpp line 101 column 14 function i2c_read'
Slicing time: 0.003s (removed 115 assignments)
No solver specified; defaulting to bitwuzla
Solving claim '(signed int)this->_active_register == 0 && (signed int)this->_active_register == 1 && (signed int)this->_active_register == 2 && (signed int)this->_active_register == 3 at file /Users/user/NVIDIA-OpenSMA/src/nv/emulation/pca9555.cpp line 101 column 14 function i2c_read' with solver Bitwuzla 0.8.2
Encoding remaining VCC(s) using bit-vector/floating-point arithmetic
Encoding to solver time: 0.010s
Solving with solver Bitwuzla 0.8.2
Runtime decision procedure: 0.001s
✓ PASSED: '(signed int)this->_active_register == 0 && (signed int)this->_active_register == 1 && (signed int)this->_active_register == 2 && (signed int)this->_active_register == 3 at file /Users/user/NVIDIA-OpenSMA/src/nv/emulation/pca9555.cpp line 101 column 14 function i2c_read'
Slicing time: 0.003s (removed 115 assignments)
No solver specified; defaulting to bitwuzla
Solving claim '(signed int)this->_active_register != 0 && (signed int)this->_active_register == 1 && (signed int)this->_active_register == 2 && (signed int)this->_active_register != 3 at file /Users/user/NVIDIA-OpenSMA/src/nv/emulation/pca9555.cpp line 101 column 14 function i2c_read' with solver Bitwuzla 0.8.2
Encoding remaining VCC(s) using bit-vector/floating-point arithmetic
Encoding to solver time: 0.010s
Solving with solver Bitwuzla 0.8.2
Runtime decision procedure: 0.000s
✓ PASSED: '(signed int)this->_active_register != 0 && (signed int)this->_active_register == 1 && (signed int)this->_active_register == 2 && (signed int)this->_active_register != 3 at file /Users/user/NVIDIA-OpenSMA/src/nv/emulation/pca9555.cpp line 101 column 14 function i2c_read'
Slicing time: 0.003s (removed 115 assignments)
No solver specified; defaulting to bitwuzla
Solving claim '(signed int)this->_active_register != 0 && (signed int)this->_active_register == 1 && (signed int)this->_active_register == 2 && (signed int)this->_active_register == 3 at file /Users/user/NVIDIA-OpenSMA/src/nv/emulation/pca9555.cpp line 101 column 14 function i2c_read' with solver Bitwuzla 0.8.2
Encoding remaining VCC(s) using bit-vector/floating-point arithmetic
Encoding to solver time: 0.009s
Solving with solver Bitwuzla 0.8.2
Runtime decision procedure: 0.001s
✓ PASSED: '(signed int)this->_active_register != 0 && (signed int)this->_active_register == 1 && (signed int)this->_active_register == 2 && (signed int)this->_active_register == 3 at file /Users/user/NVIDIA-OpenSMA/src/nv/emulation/pca9555.cpp line 101 column 14 function i2c_read'
Slicing time: 0.003s (removed 115 assignments)
No solver specified; defaulting to bitwuzla
Solving claim '(signed int)this->_active_register == 0 && (signed int)this->_active_register != 1 && (signed int)this->_active_register == 2 && (signed int)this->_active_register != 3 at file /Users/user/NVIDIA-OpenSMA/src/nv/emulation/pca9555.cpp line 101 column 14 function i2c_read' with solver Bitwuzla 0.8.2
Encoding remaining VCC(s) using bit-vector/floating-point arithmetic
Encoding to solver time: 0.010s
Solving with solver Bitwuzla 0.8.2
Runtime decision procedure: 0.000s
✓ PASSED: '(signed int)this->_active_register == 0 && (signed int)this->_active_register != 1 && (signed int)this->_active_register == 2 && (signed int)this->_active_register != 3 at file /Users/user/NVIDIA-OpenSMA/src/nv/emulation/pca9555.cpp line 101 column 14 function i2c_read'
Slicing time: 0.003s (removed 115 assignments)
No solver specified; defaulting to bitwuzla
Solving claim '(signed int)this->_active_register == 0 && (signed int)this->_active_register != 1 && (signed int)this->_active_register == 2 && (signed int)this->_active_register == 3 at file /Users/user/NVIDIA-OpenSMA/src/nv/emulation/pca9555.cpp line 101 column 14 function i2c_read' with solver Bitwuzla 0.8.2
Encoding remaining VCC(s) using bit-vector/floating-point arithmetic
Encoding to solver time: 0.010s
Solving with solver Bitwuzla 0.8.2
Runtime decision procedure: 0.000s
✓ PASSED: '(signed int)this->_active_register == 0 && (signed int)this->_active_register != 1 && (signed int)this->_active_register == 2 && (signed int)this->_active_register == 3 at file /Users/user/NVIDIA-OpenSMA/src/nv/emulation/pca9555.cpp line 101 column 14 function i2c_read'
Slicing time: 0.002s (removed 115 assignments)
No solver specified; defaulting to bitwuzla
Solving claim '(signed int)this->_active_register != 0 && (signed int)this->_active_register != 1 && (signed int)this->_active_register == 2 && (signed int)this->_active_register != 3 at file /Users/user/NVIDIA-OpenSMA/src/nv/emulation/pca9555.cpp line 101 column 14 function i2c_read' with solver Bitwuzla 0.8.2
Encoding remaining VCC(s) using bit-vector/floating-point arithmetic
Encoding to solver time: 0.010s
Solving with solver Bitwuzla 0.8.2
Runtime decision procedure: 0.000s
✓ PASSED: '(signed int)this->_active_register != 0 && (signed int)this->_active_register != 1 && (signed int)this->_active_register == 2 && (signed int)this->_active_register != 3 at file /Users/user/NVIDIA-OpenSMA/src/nv/emulation/pca9555.cpp line 101 column 14 function i2c_read'
Slicing time: 0.002s (removed 115 assignments)
No solver specified; defaulting to bitwuzla
Solving claim '(signed int)this->_active_register != 0 && (signed int)this->_active_register != 1 && (signed int)this->_active_register == 2 && (signed int)this->_active_register == 3 at file /Users/user/NVIDIA-OpenSMA/src/nv/emulation/pca9555.cpp line 101 column 14 function i2c_read' with solver Bitwuzla 0.8.2
Encoding remaining VCC(s) using bit-vector/floating-point arithmetic
Encoding to solver time: 0.009s
Solving with solver Bitwuzla 0.8.2
Runtime decision procedure: 0.000s
✓ PASSED: '(signed int)this->_active_register != 0 && (signed int)this->_active_register != 1 && (signed int)this->_active_register == 2 && (signed int)this->_active_register == 3 at file /Users/user/NVIDIA-OpenSMA/src/nv/emulation/pca9555.cpp line 101 column 14 function i2c_read'
Slicing time: 0.003s (removed 115 assignments)
No solver specified; defaulting to bitwuzla
Solving claim '(signed int)this->_active_register == 0 && (signed int)this->_active_register == 1 && (signed int)this->_active_register != 2 && (signed int)this->_active_register != 3 at file /Users/user/NVIDIA-OpenSMA/src/nv/emulation/pca9555.cpp line 101 column 14 function i2c_read' with solver Bitwuzla 0.8.2
Encoding remaining VCC(s) using bit-vector/floating-point arithmetic
Encoding to solver time: 0.009s
Solving with solver Bitwuzla 0.8.2
Runtime decision procedure: 0.001s
✓ PASSED: '(signed int)this->_active_register == 0 && (signed int)this->_active_register == 1 && (signed int)this->_active_register != 2 && (signed int)this->_active_register != 3 at file /Users/user/NVIDIA-OpenSMA/src/nv/emulation/pca9555.cpp line 101 column 14 function i2c_read'
Slicing time: 0.002s (removed 115 assignments)
No solver specified; defaulting to bitwuzla
Solving claim '(signed int)this->_active_register == 0 && (signed int)this->_active_register == 1 && (signed int)this->_active_register != 2 && (signed int)this->_active_register == 3 at file /Users/user/NVIDIA-OpenSMA/src/nv/emulation/pca9555.cpp line 101 column 14 function i2c_read' with solver Bitwuzla 0.8.2
Encoding remaining VCC(s) using bit-vector/floating-point arithmetic
Encoding to solver time: 0.009s
Solving with solver Bitwuzla 0.8.2
Runtime decision procedure: 0.000s
✓ PASSED: '(signed int)this->_active_register == 0 && (signed int)this->_active_register == 1 && (signed int)this->_active_register != 2 && (signed int)this->_active_register == 3 at file /Users/user/NVIDIA-OpenSMA/src/nv/emulation/pca9555.cpp line 101 column 14 function i2c_read'
Slicing time: 0.003s (removed 115 assignments)
No solver specified; defaulting to bitwuzla
Solving claim '(signed int)this->_active_register != 0 && (signed int)this->_active_register == 1 && (signed int)this->_active_register != 2 && (signed int)this->_active_register != 3 at file /Users/user/NVIDIA-OpenSMA/src/nv/emulation/pca9555.cpp line 101 column 14 function i2c_read' with solver Bitwuzla 0.8.2
Encoding remaining VCC(s) using bit-vector/floating-point arithmetic
Encoding to solver time: 0.009s
Solving with solver Bitwuzla 0.8.2
Runtime decision procedure: 0.001s
✓ PASSED: '(signed int)this->_active_register != 0 && (signed int)this->_active_register == 1 && (signed int)this->_active_register != 2 && (signed int)this->_active_register != 3 at file /Users/user/NVIDIA-OpenSMA/src/nv/emulation/pca9555.cpp line 101 column 14 function i2c_read'
Slicing time: 0.003s (removed 115 assignments)
No solver specified; defaulting to bitwuzla
Solving claim '(signed int)this->_active_register != 0 && (signed int)this->_active_register == 1 && (signed int)this->_active_register != 2 && (signed int)this->_active_register == 3 at file /Users/user/NVIDIA-OpenSMA/src/nv/emulation/pca9555.cpp line 101 column 14 function i2c_read' with solver Bitwuzla 0.8.2
Encoding remaining VCC(s) using bit-vector/floating-point arithmetic
Encoding to solver time: 0.009s
Solving with solver Bitwuzla 0.8.2
Runtime decision procedure: 0.001s
✓ PASSED: '(signed int)this->_active_register != 0 && (signed int)this->_active_register == 1 && (signed int)this->_active_register != 2 && (signed int)this->_active_register == 3 at file /Users/user/NVIDIA-OpenSMA/src/nv/emulation/pca9555.cpp line 101 column 14 function i2c_read'
Slicing time: 0.002s (removed 115 assignments)
No solver specified; defaulting to bitwuzla
Solving claim '(signed int)this->_active_register == 0 && (signed int)this->_active_register != 1 && (signed int)this->_active_register != 2 && (signed int)this->_active_register != 3 at file /Users/user/NVIDIA-OpenSMA/src/nv/emulation/pca9555.cpp line 101 column 14 function i2c_read' with solver Bitwuzla 0.8.2
Encoding remaining VCC(s) using bit-vector/floating-point arithmetic
Encoding to solver time: 0.009s
Solving with solver Bitwuzla 0.8.2
Runtime decision procedure: 0.001s
✓ PASSED: '(signed int)this->_active_register == 0 && (signed int)this->_active_register != 1 && (signed int)this->_active_register != 2 && (signed int)this->_active_register != 3 at file /Users/user/NVIDIA-OpenSMA/src/nv/emulation/pca9555.cpp line 101 column 14 function i2c_read'
Slicing time: 0.002s (removed 115 assignments)
No solver specified; defaulting to bitwuzla
Solving claim '(signed int)this->_active_register == 0 && (signed int)this->_active_register != 1 && (signed int)this->_active_register != 2 && (signed int)this->_active_register == 3 at file /Users/user/NVIDIA-OpenSMA/src/nv/emulation/pca9555.cpp line 101 column 14 function i2c_read' with solver Bitwuzla 0.8.2
Encoding remaining VCC(s) using bit-vector/floating-point arithmetic
Encoding to solver time: 0.010s
Solving with solver Bitwuzla 0.8.2
Runtime decision procedure: 0.000s
✓ PASSED: '(signed int)this->_active_register == 0 && (signed int)this->_active_register != 1 && (signed int)this->_active_register != 2 && (signed int)this->_active_register == 3 at file /Users/user/NVIDIA-OpenSMA/src/nv/emulation/pca9555.cpp line 101 column 14 function i2c_read'
Slicing time: 0.002s (removed 115 assignments)
No solver specified; defaulting to bitwuzla
Solving claim '(signed int)this->_active_register != 0 && (signed int)this->_active_register != 1 && (signed int)this->_active_register != 2 && (signed int)this->_active_register != 3 at file /Users/user/NVIDIA-OpenSMA/src/nv/emulation/pca9555.cpp line 101 column 14 function i2c_read' with solver Bitwuzla 0.8.2
Encoding remaining VCC(s) using bit-vector/floating-point arithmetic
Encoding to solver time: 0.009s
Solving with solver Bitwuzla 0.8.2
Runtime decision procedure: 0.000s
✓ PASSED: '(signed int)this->_active_register != 0 && (signed int)this->_active_register != 1 && (signed int)this->_active_register != 2 && (signed int)this->_active_register != 3 at file /Users/user/NVIDIA-OpenSMA/src/nv/emulation/pca9555.cpp line 101 column 14 function i2c_read'
Slicing time: 0.002s (removed 115 assignments)
No solver specified; defaulting to bitwuzla
Solving claim '(signed int)this->_active_register != 0 && (signed int)this->_active_register != 1 && (signed int)this->_active_register != 2 && (signed int)this->_active_register == 3 at file /Users/user/NVIDIA-OpenSMA/src/nv/emulation/pca9555.cpp line 101 column 14 function i2c_read' with solver Bitwuzla 0.8.2
Encoding remaining VCC(s) using bit-vector/floating-point arithmetic
Encoding to solver time: 0.009s
Solving with solver Bitwuzla 0.8.2
Runtime decision procedure: 0.000s
✓ PASSED: '(signed int)this->_active_register != 0 && (signed int)this->_active_register != 1 && (signed int)this->_active_register != 2 && (signed int)this->_active_register == 3 at file /Users/user/NVIDIA-OpenSMA/src/nv/emulation/pca9555.cpp line 101 column 14 function i2c_read'
Slicing time: 0.002s (removed 115 assignments)
No solver specified; defaulting to bitwuzla
Solving claim '(this->_new_command || !new_transaction::1) && (signed int)this->_active_register == 0 && (signed int)this->_active_register == 1 && (signed int)this->_active_register != 2 at file /Users/user/NVIDIA-OpenSMA/src/nv/emulation/pca9555.cpp line 96 column 14 function i2c_read' with solver Bitwuzla 0.8.2
Encoding remaining VCC(s) using bit-vector/floating-point arithmetic
Encoding to solver time: 0.009s
Solving with solver Bitwuzla 0.8.2
Runtime decision procedure: 0.001s
✓ PASSED: '(this->_new_command || !new_transaction::1) && (signed int)this->_active_register == 0 && (signed int)this->_active_register == 1 && (signed int)this->_active_register != 2 at file /Users/user/NVIDIA-OpenSMA/src/nv/emulation/pca9555.cpp line 96 column 14 function i2c_read'
Slicing time: 0.002s (removed 115 assignments)
No solver specified; defaulting to bitwuzla
Solving claim '(this->_new_command || !new_transaction::1) && (signed int)this->_active_register == 0 && (signed int)this->_active_register == 1 && (signed int)this->_active_register == 2 at file /Users/user/NVIDIA-OpenSMA/src/nv/emulation/pca9555.cpp line 96 column 14 function i2c_read' with solver Bitwuzla 0.8.2
Encoding remaining VCC(s) using bit-vector/floating-point arithmetic
Encoding to solver time: 0.009s
Solving with solver Bitwuzla 0.8.2
Runtime decision procedure: 0.001s
✓ PASSED: '(this->_new_command || !new_transaction::1) && (signed int)this->_active_register == 0 && (signed int)this->_active_register == 1 && (signed int)this->_active_register == 2 at file /Users/user/NVIDIA-OpenSMA/src/nv/emulation/pca9555.cpp line 96 column 14 function i2c_read'
Slicing time: 0.003s (removed 115 assignments)
No solver specified; defaulting to bitwuzla
Solving claim '!this->_new_command && new_transaction::1 && (signed int)this->_active_register == 0 && (signed int)this->_active_register == 1 && (signed int)this->_active_register != 2 at file /Users/user/NVIDIA-OpenSMA/src/nv/emulation/pca9555.cpp line 96 column 14 function i2c_read' with solver Bitwuzla 0.8.2
Encoding remaining VCC(s) using bit-vector/floating-point arithmetic
Encoding to solver time: 0.010s
Solving with solver Bitwuzla 0.8.2
Runtime decision procedure: 0.000s
✓ PASSED: '!this->_new_command && new_transaction::1 && (signed int)this->_active_register == 0 && (signed int)this->_active_register == 1 && (signed int)this->_active_register != 2 at file /Users/user/NVIDIA-OpenSMA/src/nv/emulation/pca9555.cpp line 96 column 14 function i2c_read'
Slicing time: 0.003s (removed 115 assignments)
No solver specified; defaulting to bitwuzla
Solving claim '!this->_new_command && new_transaction::1 && (signed int)this->_active_register == 0 && (signed int)this->_active_register == 1 && (signed int)this->_active_register == 2 at file /Users/user/NVIDIA-OpenSMA/src/nv/emulation/pca9555.cpp line 96 column 14 function i2c_read' with solver Bitwuzla 0.8.2
Encoding remaining VCC(s) using bit-vector/floating-point arithmetic
Encoding to solver time: 0.010s
Solving with solver Bitwuzla 0.8.2
Runtime decision procedure: 0.000s
✓ PASSED: '!this->_new_command && new_transaction::1 && (signed int)this->_active_register == 0 && (signed int)this->_active_register == 1 && (signed int)this->_active_register == 2 at file /Users/user/NVIDIA-OpenSMA/src/nv/emulation/pca9555.cpp line 96 column 14 function i2c_read'
Slicing time: 0.002s (removed 115 assignments)
No solver specified; defaulting to bitwuzla
Solving claim '(this->_new_command || !new_transaction::1) && (signed int)this->_active_register != 0 && (signed int)this->_active_register == 1 && (signed int)this->_active_register != 2 at file /Users/user/NVIDIA-OpenSMA/src/nv/emulation/pca9555.cpp line 96 column 14 function i2c_read' with solver Bitwuzla 0.8.2
Encoding remaining VCC(s) using bit-vector/floating-point arithmetic
Encoding to solver time: 0.010s
Solving with solver Bitwuzla 0.8.2
Runtime decision procedure: 0.000s
✓ PASSED: '(this->_new_command || !new_transaction::1) && (signed int)this->_active_register != 0 && (signed int)this->_active_register == 1 && (signed int)this->_active_register != 2 at file /Users/user/NVIDIA-OpenSMA/src/nv/emulation/pca9555.cpp line 96 column 14 function i2c_read'
Slicing time: 0.002s (removed 115 assignments)
No solver specified; defaulting to bitwuzla
Solving claim '(this->_new_command || !new_transaction::1) && (signed int)this->_active_register != 0 && (signed int)this->_active_register == 1 && (signed int)this->_active_register == 2 at file /Users/user/NVIDIA-OpenSMA/src/nv/emulation/pca9555.cpp line 96 column 14 function i2c_read' with solver Bitwuzla 0.8.2
Encoding remaining VCC(s) using bit-vector/floating-point arithmetic
Encoding to solver time: 0.010s
Solving with solver Bitwuzla 0.8.2
Runtime decision procedure: 0.000s
✓ PASSED: '(this->_new_command || !new_transaction::1) && (signed int)this->_active_register != 0 && (signed int)this->_active_register == 1 && (signed int)this->_active_register == 2 at file /Users/user/NVIDIA-OpenSMA/src/nv/emulation/pca9555.cpp line 96 column 14 function i2c_read'
Slicing time: 0.002s (removed 115 assignments)
No solver specified; defaulting to bitwuzla
Solving claim '!this->_new_command && new_transaction::1 && (signed int)this->_active_register != 0 && (signed int)this->_active_register == 1 && (signed int)this->_active_register != 2 at file /Users/user/NVIDIA-OpenSMA/src/nv/emulation/pca9555.cpp line 96 column 14 function i2c_read' with solver Bitwuzla 0.8.2
Encoding remaining VCC(s) using bit-vector/floating-point arithmetic
Encoding to solver time: 0.010s
Solving with solver Bitwuzla 0.8.2
Runtime decision procedure: 0.000s
✓ PASSED: '!this->_new_command && new_transaction::1 && (signed int)this->_active_register != 0 && (signed int)this->_active_register == 1 && (signed int)this->_active_register != 2 at file /Users/user/NVIDIA-OpenSMA/src/nv/emulation/pca9555.cpp line 96 column 14 function i2c_read'
Slicing time: 0.002s (removed 115 assignments)
No solver specified; defaulting to bitwuzla
Solving claim '!this->_new_command && new_transaction::1 && (signed int)this->_active_register != 0 && (signed int)this->_active_register == 1 && (signed int)this->_active_register == 2 at file /Users/user/NVIDIA-OpenSMA/src/nv/emulation/pca9555.cpp line 96 column 14 function i2c_read' with solver Bitwuzla 0.8.2
Encoding remaining VCC(s) using bit-vector/floating-point arithmetic
Encoding to solver time: 0.009s
Solving with solver Bitwuzla 0.8.2
Runtime decision procedure: 0.000s
✓ PASSED: '!this->_new_command && new_transaction::1 && (signed int)this->_active_register != 0 && (signed int)this->_active_register == 1 && (signed int)this->_active_register == 2 at file /Users/user/NVIDIA-OpenSMA/src/nv/emulation/pca9555.cpp line 96 column 14 function i2c_read'
Slicing time: 0.002s (removed 115 assignments)
No solver specified; defaulting to bitwuzla
Solving claim '(this->_new_command || !new_transaction::1) && (signed int)this->_active_register == 0 && (signed int)this->_active_register != 1 && (signed int)this->_active_register != 2 at file /Users/user/NVIDIA-OpenSMA/src/nv/emulation/pca9555.cpp line 96 column 14 function i2c_read' with solver Bitwuzla 0.8.2
Encoding remaining VCC(s) using bit-vector/floating-point arithmetic
Encoding to solver time: 0.009s
Solving with solver Bitwuzla 0.8.2
Runtime decision procedure: 0.001s
✓ PASSED: '(this->_new_command || !new_transaction::1) && (signed int)this->_active_register == 0 && (signed int)this->_active_register != 1 && (signed int)this->_active_register != 2 at file /Users/user/NVIDIA-OpenSMA/src/nv/emulation/pca9555.cpp line 96 column 14 function i2c_read'
Slicing time: 0.002s (removed 115 assignments)
No solver specified; defaulting to bitwuzla
Solving claim '(this->_new_command || !new_transaction::1) && (signed int)this->_active_register == 0 && (signed int)this->_active_register != 1 && (signed int)this->_active_register == 2 at file /Users/user/NVIDIA-OpenSMA/src/nv/emulation/pca9555.cpp line 96 column 14 function i2c_read' with solver Bitwuzla 0.8.2
Encoding remaining VCC(s) using bit-vector/floating-point arithmetic
Encoding to solver time: 0.009s
Solving with solver Bitwuzla 0.8.2
Runtime decision procedure: 0.001s
✓ PASSED: '(this->_new_command || !new_transaction::1) && (signed int)this->_active_register == 0 && (signed int)this->_active_register != 1 && (signed int)this->_active_register == 2 at file /Users/user/NVIDIA-OpenSMA/src/nv/emulation/pca9555.cpp line 96 column 14 function i2c_read'
Slicing time: 0.003s (removed 115 assignments)
No solver specified; defaulting to bitwuzla
Solving claim '!this->_new_command && new_transaction::1 && (signed int)this->_active_register == 0 && (signed int)this->_active_register != 1 && (signed int)this->_active_register != 2 at file /Users/user/NVIDIA-OpenSMA/src/nv/emulation/pca9555.cpp line 96 column 14 function i2c_read' with solver Bitwuzla 0.8.2
Encoding remaining VCC(s) using bit-vector/floating-point arithmetic
Encoding to solver time: 0.009s
Solving with solver Bitwuzla 0.8.2
Runtime decision procedure: 0.001s
✓ PASSED: '!this->_new_command && new_transaction::1 && (signed int)this->_active_register == 0 && (signed int)this->_active_register != 1 && (signed int)this->_active_register != 2 at file /Users/user/NVIDIA-OpenSMA/src/nv/emulation/pca9555.cpp line 96 column 14 function i2c_read'
Slicing time: 0.002s (removed 115 assignments)
No solver specified; defaulting to bitwuzla
Solving claim '!this->_new_command && new_transaction::1 && (signed int)this->_active_register == 0 && (signed int)this->_active_register != 1 && (signed int)this->_active_register == 2 at file /Users/user/NVIDIA-OpenSMA/src/nv/emulation/pca9555.cpp line 96 column 14 function i2c_read' with solver Bitwuzla 0.8.2
Encoding remaining VCC(s) using bit-vector/floating-point arithmetic
Encoding to solver time: 0.009s
Solving with solver Bitwuzla 0.8.2
Runtime decision procedure: 0.001s
✓ PASSED: '!this->_new_command && new_transaction::1 && (signed int)this->_active_register == 0 && (signed int)this->_active_register != 1 && (signed int)this->_active_register == 2 at file /Users/user/NVIDIA-OpenSMA/src/nv/emulation/pca9555.cpp line 96 column 14 function i2c_read'
Slicing time: 0.002s (removed 115 assignments)
No solver specified; defaulting to bitwuzla
Solving claim '(this->_new_command || !new_transaction::1) && (signed int)this->_active_register != 0 && (signed int)this->_active_register != 1 && (signed int)this->_active_register != 2 at file /Users/user/NVIDIA-OpenSMA/src/nv/emulation/pca9555.cpp line 96 column 14 function i2c_read' with solver Bitwuzla 0.8.2
Encoding remaining VCC(s) using bit-vector/floating-point arithmetic
Encoding to solver time: 0.009s
Solving with solver Bitwuzla 0.8.2
Runtime decision procedure: 0.001s
✓ PASSED: '(this->_new_command || !new_transaction::1) && (signed int)this->_active_register != 0 && (signed int)this->_active_register != 1 && (signed int)this->_active_register != 2 at file /Users/user/NVIDIA-OpenSMA/src/nv/emulation/pca9555.cpp line 96 column 14 function i2c_read'
Slicing time: 0.003s (removed 115 assignments)
No solver specified; defaulting to bitwuzla
Solving claim '(this->_new_command || !new_transaction::1) && (signed int)this->_active_register != 0 && (signed int)this->_active_register != 1 && (signed int)this->_active_register == 2 at file /Users/user/NVIDIA-OpenSMA/src/nv/emulation/pca9555.cpp line 96 column 14 function i2c_read' with solver Bitwuzla 0.8.2
Encoding remaining VCC(s) using bit-vector/floating-point arithmetic
Encoding to solver time: 0.010s
Solving with solver Bitwuzla 0.8.2
Runtime decision procedure: 0.000s
✓ PASSED: '(this->_new_command || !new_transaction::1) && (signed int)this->_active_register != 0 && (signed int)this->_active_register != 1 && (signed int)this->_active_register == 2 at file /Users/user/NVIDIA-OpenSMA/src/nv/emulation/pca9555.cpp line 96 column 14 function i2c_read'
Slicing time: 0.002s (removed 115 assignments)
No solver specified; defaulting to bitwuzla
Solving claim '!this->_new_command && new_transaction::1 && (signed int)this->_active_register != 0 && (signed int)this->_active_register != 1 && (signed int)this->_active_register != 2 at file /Users/user/NVIDIA-OpenSMA/src/nv/emulation/pca9555.cpp line 96 column 14 function i2c_read' with solver Bitwuzla 0.8.2
Encoding remaining VCC(s) using bit-vector/floating-point arithmetic
Encoding to solver time: 0.010s
Solving with solver Bitwuzla 0.8.2
Runtime decision procedure: 0.001s
✓ PASSED: '!this->_new_command && new_transaction::1 && (signed int)this->_active_register != 0 && (signed int)this->_active_register != 1 && (signed int)this->_active_register != 2 at file /Users/user/NVIDIA-OpenSMA/src/nv/emulation/pca9555.cpp line 96 column 14 function i2c_read'
Slicing time: 0.002s (removed 115 assignments)
No solver specified; defaulting to bitwuzla
Solving claim '!this->_new_command && new_transaction::1 && (signed int)this->_active_register != 0 && (signed int)this->_active_register != 1 && (signed int)this->_active_register == 2 at file /Users/user/NVIDIA-OpenSMA/src/nv/emulation/pca9555.cpp line 96 column 14 function i2c_read' with solver Bitwuzla 0.8.2
Encoding remaining VCC(s) using bit-vector/floating-point arithmetic
Encoding to solver time: 0.009s
Solving with solver Bitwuzla 0.8.2
Runtime decision procedure: 0.001s
✓ PASSED: '!this->_new_command && new_transaction::1 && (signed int)this->_active_register != 0 && (signed int)this->_active_register != 1 && (signed int)this->_active_register == 2 at file /Users/user/NVIDIA-OpenSMA/src/nv/emulation/pca9555.cpp line 96 column 14 function i2c_read'
Slicing time: 0.002s (removed 115 assignments)
No solver specified; defaulting to bitwuzla
Solving claim '(this->_new_command || !new_transaction::1) && (signed int)this->_active_register == 0 && (signed int)this->_active_register != 1 at file /Users/user/NVIDIA-OpenSMA/src/nv/emulation/pca9555.cpp line 91 column 14 function i2c_read' with solver Bitwuzla 0.8.2
Encoding remaining VCC(s) using bit-vector/floating-point arithmetic
Encoding to solver time: 0.010s
Solving with solver Bitwuzla 0.8.2
Runtime decision procedure: 0.000s
✓ PASSED: '(this->_new_command || !new_transaction::1) && (signed int)this->_active_register == 0 && (signed int)this->_active_register != 1 at file /Users/user/NVIDIA-OpenSMA/src/nv/emulation/pca9555.cpp line 91 column 14 function i2c_read'
Slicing time: 0.003s (removed 115 assignments)
No solver specified; defaulting to bitwuzla
Solving claim '(this->_new_command || !new_transaction::1) && (signed int)this->_active_register == 0 && (signed int)this->_active_register == 1 at file /Users/user/NVIDIA-OpenSMA/src/nv/emulation/pca9555.cpp line 91 column 14 function i2c_read' with solver Bitwuzla 0.8.2
Encoding remaining VCC(s) using bit-vector/floating-point arithmetic
Encoding to solver time: 0.010s
Solving with solver Bitwuzla 0.8.2
Runtime decision procedure: 0.000s
✓ PASSED: '(this->_new_command || !new_transaction::1) && (signed int)this->_active_register == 0 && (signed int)this->_active_register == 1 at file /Users/user/NVIDIA-OpenSMA/src/nv/emulation/pca9555.cpp line 91 column 14 function i2c_read'
Slicing time: 0.002s (removed 115 assignments)
No solver specified; defaulting to bitwuzla
Solving claim '!this->_new_command && new_transaction::1 && (signed int)this->_active_register == 0 && (signed int)this->_active_register != 1 at file /Users/user/NVIDIA-OpenSMA/src/nv/emulation/pca9555.cpp line 91 column 14 function i2c_read' with solver Bitwuzla 0.8.2
Encoding remaining VCC(s) using bit-vector/floating-point arithmetic
Encoding to solver time: 0.009s
Solving with solver Bitwuzla 0.8.2
Runtime decision procedure: 0.001s
✓ PASSED: '!this->_new_command && new_transaction::1 && (signed int)this->_active_register == 0 && (signed int)this->_active_register != 1 at file /Users/user/NVIDIA-OpenSMA/src/nv/emulation/pca9555.cpp line 91 column 14 function i2c_read'
Slicing time: 0.002s (removed 115 assignments)
No solver specified; defaulting to bitwuzla
Solving claim '!this->_new_command && new_transaction::1 && (signed int)this->_active_register == 0 && (signed int)this->_active_register == 1 at file /Users/user/NVIDIA-OpenSMA/src/nv/emulation/pca9555.cpp line 91 column 14 function i2c_read' with solver Bitwuzla 0.8.2
Encoding remaining VCC(s) using bit-vector/floating-point arithmetic
Encoding to solver time: 0.009s
Solving with solver Bitwuzla 0.8.2
Runtime decision procedure: 0.001s
✓ PASSED: '!this->_new_command && new_transaction::1 && (signed int)this->_active_register == 0 && (signed int)this->_active_register == 1 at file /Users/user/NVIDIA-OpenSMA/src/nv/emulation/pca9555.cpp line 91 column 14 function i2c_read'
Slicing time: 0.002s (removed 115 assignments)
No solver specified; defaulting to bitwuzla
Solving claim '(this->_new_command || !new_transaction::1) && (signed int)this->_active_register != 0 && (signed int)this->_active_register != 1 at file /Users/user/NVIDIA-OpenSMA/src/nv/emulation/pca9555.cpp line 91 column 14 function i2c_read' with solver Bitwuzla 0.8.2
Encoding remaining VCC(s) using bit-vector/floating-point arithmetic
Encoding to solver time: 0.010s
Solving with solver Bitwuzla 0.8.2
Runtime decision procedure: 0.000s
✓ PASSED: '(this->_new_command || !new_transaction::1) && (signed int)this->_active_register != 0 && (signed int)this->_active_register != 1 at file /Users/user/NVIDIA-OpenSMA/src/nv/emulation/pca9555.cpp line 91 column 14 function i2c_read'
Slicing time: 0.003s (removed 115 assignments)
No solver specified; defaulting to bitwuzla
Solving claim '(this->_new_command || !new_transaction::1) && (signed int)this->_active_register != 0 && (signed int)this->_active_register == 1 at file /Users/user/NVIDIA-OpenSMA/src/nv/emulation/pca9555.cpp line 91 column 14 function i2c_read' with solver Bitwuzla 0.8.2
Encoding remaining VCC(s) using bit-vector/floating-point arithmetic
Encoding to solver time: 0.009s
Solving with solver Bitwuzla 0.8.2
Runtime decision procedure: 0.001s
✓ PASSED: '(this->_new_command || !new_transaction::1) && (signed int)this->_active_register != 0 && (signed int)this->_active_register == 1 at file /Users/user/NVIDIA-OpenSMA/src/nv/emulation/pca9555.cpp line 91 column 14 function i2c_read'
Slicing time: 0.002s (removed 115 assignments)
No solver specified; defaulting to bitwuzla
Solving claim '!this->_new_command && new_transaction::1 && (signed int)this->_active_register != 0 && (signed int)this->_active_register != 1 at file /Users/user/NVIDIA-OpenSMA/src/nv/emulation/pca9555.cpp line 91 column 14 function i2c_read' with solver Bitwuzla 0.8.2
Encoding remaining VCC(s) using bit-vector/floating-point arithmetic
Encoding to solver time: 0.009s
Solving with solver Bitwuzla 0.8.2
Runtime decision procedure: 0.001s
✓ PASSED: '!this->_new_command && new_transaction::1 && (signed int)this->_active_register != 0 && (signed int)this->_active_register != 1 at file /Users/user/NVIDIA-OpenSMA/src/nv/emulation/pca9555.cpp line 91 column 14 function i2c_read'
Slicing time: 0.003s (removed 115 assignments)
No solver specified; defaulting to bitwuzla
Solving claim '!this->_new_command && new_transaction::1 && (signed int)this->_active_register != 0 && (signed int)this->_active_register == 1 at file /Users/user/NVIDIA-OpenSMA/src/nv/emulation/pca9555.cpp line 91 column 14 function i2c_read' with solver Bitwuzla 0.8.2
Encoding remaining VCC(s) using bit-vector/floating-point arithmetic
Encoding to solver time: 0.009s
Solving with solver Bitwuzla 0.8.2
Runtime decision procedure: 0.001s
✓ PASSED: '!this->_new_command && new_transaction::1 && (signed int)this->_active_register != 0 && (signed int)this->_active_register == 1 at file /Users/user/NVIDIA-OpenSMA/src/nv/emulation/pca9555.cpp line 91 column 14 function i2c_read'
Slicing time: 0.003s (removed 115 assignments)
No solver specified; defaulting to bitwuzla
Solving claim '(this->_new_command || !new_transaction::1) && (signed int)this->_active_register != 0 at file /Users/user/NVIDIA-OpenSMA/src/nv/emulation/pca9555.cpp line 83 column 14 function i2c_read' with solver Bitwuzla 0.8.2
Encoding remaining VCC(s) using bit-vector/floating-point arithmetic
Encoding to solver time: 0.009s
Solving with solver Bitwuzla 0.8.2
Runtime decision procedure: 0.001s
✓ PASSED: '(this->_new_command || !new_transaction::1) && (signed int)this->_active_register != 0 at file /Users/user/NVIDIA-OpenSMA/src/nv/emulation/pca9555.cpp line 83 column 14 function i2c_read'
Slicing time: 0.003s (removed 115 assignments)
No solver specified; defaulting to bitwuzla
Solving claim '(this->_new_command || !new_transaction::1) && (signed int)this->_active_register == 0 at file /Users/user/NVIDIA-OpenSMA/src/nv/emulation/pca9555.cpp line 83 column 14 function i2c_read' with solver Bitwuzla 0.8.2
Encoding remaining VCC(s) using bit-vector/floating-point arithmetic
Encoding to solver time: 0.009s
Solving with solver Bitwuzla 0.8.2
Runtime decision procedure: 0.001s
✓ PASSED: '(this->_new_command || !new_transaction::1) && (signed int)this->_active_register == 0 at file /Users/user/NVIDIA-OpenSMA/src/nv/emulation/pca9555.cpp line 83 column 14 function i2c_read'
Slicing time: 0.002s (removed 115 assignments)
No solver specified; defaulting to bitwuzla
Solving claim '!this->_new_command && new_transaction::1 && (signed int)this->_active_register != 0 at file /Users/user/NVIDIA-OpenSMA/src/nv/emulation/pca9555.cpp line 83 column 14 function i2c_read' with solver Bitwuzla 0.8.2
Encoding remaining VCC(s) using bit-vector/floating-point arithmetic
Encoding to solver time: 0.009s
Solving with solver Bitwuzla 0.8.2
Runtime decision procedure: 0.001s
✓ PASSED: '!this->_new_command && new_transaction::1 && (signed int)this->_active_register != 0 at file /Users/user/NVIDIA-OpenSMA/src/nv/emulation/pca9555.cpp line 83 column 14 function i2c_read'
Slicing time: 0.003s (removed 115 assignments)
No solver specified; defaulting to bitwuzla
Solving claim '!this->_new_command && new_transaction::1 && (signed int)this->_active_register == 0 at file /Users/user/NVIDIA-OpenSMA/src/nv/emulation/pca9555.cpp line 83 column 14 function i2c_read' with solver Bitwuzla 0.8.2
Encoding remaining VCC(s) using bit-vector/floating-point arithmetic
Encoding to solver time: 0.010s
Solving with solver Bitwuzla 0.8.2
Runtime decision procedure: 0.002s
✗ FAILED: '!this->_new_command && new_transaction::1 && (signed int)this->_active_register == 0 at file /Users/user/NVIDIA-OpenSMA/src/nv/emulation/pca9555.cpp line 83 column 14 function i2c_read'

[Counterexample]


State 1 file /Users/user/NVIDIA-OpenSMA/verification/harnesses/pca9555_harness.cpp line 43 column 5 function f_totality thread 0
----------------------------------------------------
  init = 0 (00000000 00000000)

State 2 file /Users/user/NVIDIA-OpenSMA/verification/harnesses/pca9555_harness.cpp line 44 column 5 function f_totality thread 0
----------------------------------------------------
  out_m = 0 (00000000 00000000)

State 3 file /Users/user/NVIDIA-OpenSMA/verification/harnesses/pca9555_harness.cpp line 45 column 5 function f_totality thread 0
----------------------------------------------------
  in_m = 0 (00000000 00000000)

State 4 file /Users/user/NVIDIA-OpenSMA/verification/harnesses/pca9555_harness.cpp line 46 column 5 function f_totality thread 0
----------------------------------------------------
  dev = { ._active_register=0, ._active_bank=0, ._new_command=1, .interrupt_low_vector={ .elems={ 255, 255 } },
    .state_at_last_interrupt_check={ .elems = { 0 } },
    ._gpio_pin_state={ .elems = { 0 } },
    ._gpio_output={ .elems={ 255, 255 } },
    ._gpio_inversion_enable={ .elems = { 0 } },
    ._gpio_direction_config={ .elems={ 255, 255 } },
    ._required_outputs={ .elems = { 0 } },
    ._required_inputs={ .elems = { 0 } },
    .anon_pad$11=0 }

State 5 file /Users/user/NVIDIA-OpenSMA/src/nv/emulation/pca9555.cpp line 80 column 5 function i2c_read thread 0
----------------------------------------------------
  this->_new_command = { ._active_register=0, ._active_bank=0, ._new_command=0, .interrupt_low_vector={ .elems={ 255, 255 } },
    .state_at_last_interrupt_check={ .elems = { 0 } },
    ._gpio_pin_state={ .elems = { 0 } },
    ._gpio_output={ .elems={ 255, 255 } },
    ._gpio_inversion_enable={ .elems = { 0 } },
    ._gpio_direction_config={ .elems={ 255, 255 } },
    ._required_outputs={ .elems = { 0 } },
    ._required_inputs={ .elems = { 0 } },
    .anon_pad$11=0 }

State 6 file /Users/user/NVIDIA-OpenSMA/src/nv/emulation/pca9555.cpp line 83 column 14 function i2c_read thread 0
----------------------------------------------------
Violated property:
  file /Users/user/NVIDIA-OpenSMA/src/nv/emulation/pca9555.cpp line 83 column 14 function i2c_read
  !this->_new_command && new_transaction::1 && (signed int)this->_active_register == 0
  this->_new_command || !new_transaction::1 || (signed int)this->_active_register != 0

Slicing time: 0.002s (removed 115 assignments)
No solver specified; defaulting to bitwuzla
Solving claim '!this->_new_command && new_transaction::1 at file /Users/user/NVIDIA-OpenSMA/src/nv/emulation/pca9555.cpp line 75 column 5 function i2c_read' with solver Bitwuzla 0.8.2
Encoding remaining VCC(s) using bit-vector/floating-point arithmetic
Encoding to solver time: 0.009s
Solving with solver Bitwuzla 0.8.2
Runtime decision procedure: 0.001s
✓ PASSED: '!this->_new_command && new_transaction::1 at file /Users/user/NVIDIA-OpenSMA/src/nv/emulation/pca9555.cpp line 75 column 5 function i2c_read'
Slicing time: 0.003s (removed 115 assignments)
No solver specified; defaulting to bitwuzla
Solving claim 'this->_new_command || !new_transaction::1 at file /Users/user/NVIDIA-OpenSMA/src/nv/emulation/pca9555.cpp line 75 column 5 function i2c_read' with solver Bitwuzla 0.8.2
Encoding remaining VCC(s) using bit-vector/floating-point arithmetic
Encoding to solver time: 0.010s
Solving with solver Bitwuzla 0.8.2
Runtime decision procedure: 0.002s
✗ FAILED: 'this->_new_command || !new_transaction::1 at file /Users/user/NVIDIA-OpenSMA/src/nv/emulation/pca9555.cpp line 75 column 5 function i2c_read'

[Counterexample]


State 1 file /Users/user/NVIDIA-OpenSMA/verification/harnesses/pca9555_harness.cpp line 43 column 5 function f_totality thread 0
----------------------------------------------------
  init = 0 (00000000 00000000)

State 2 file /Users/user/NVIDIA-OpenSMA/verification/harnesses/pca9555_harness.cpp line 44 column 5 function f_totality thread 0
----------------------------------------------------
  out_m = 0 (00000000 00000000)

State 3 file /Users/user/NVIDIA-OpenSMA/verification/harnesses/pca9555_harness.cpp line 45 column 5 function f_totality thread 0
----------------------------------------------------
  in_m = 0 (00000000 00000000)

State 4 file /Users/user/NVIDIA-OpenSMA/verification/harnesses/pca9555_harness.cpp line 46 column 5 function f_totality thread 0
----------------------------------------------------
  dev = { ._active_register=0, ._active_bank=0, ._new_command=1, .interrupt_low_vector={ .elems={ 255, 255 } },
    .state_at_last_interrupt_check={ .elems = { 0 } },
    ._gpio_pin_state={ .elems = { 0 } },
    ._gpio_output={ .elems={ 255, 255 } },
    ._gpio_inversion_enable={ .elems = { 0 } },
    ._gpio_direction_config={ .elems={ 255, 255 } },
    ._required_outputs={ .elems = { 0 } },
    ._required_inputs={ .elems = { 0 } },
    .anon_pad$11=0 }

State 5 file /Users/user/NVIDIA-OpenSMA/src/nv/emulation/pca9555.cpp line 75 column 5 function i2c_read thread 0
----------------------------------------------------
Violated property:
  file /Users/user/NVIDIA-OpenSMA/src/nv/emulation/pca9555.cpp line 75 column 5 function i2c_read
  this->_new_command || !new_transaction::1

Properties: 344 verified ✓ 304 passed, ✗ 40 failed
Solver: Bitwuzla 0.8.2 • Decision procedure total time: 2.191s • Avg: 0.006s/property

VERIFICATION FAILED

Bug found (k = 1)
Checking base case, k = 2
Starting Bounded Model Checking
✓ PASSED: '!this->_new_command && new_transaction::1' at file /Users/user/NVIDIA-OpenSMA/src/nv/emulation/pca9555.cpp line 75 column 5 function i2c_read
✓ PASSED: '!this->_new_command && new_transaction::1 && (signed int)this->_active_register != 0' at file /Users/user/NVIDIA-OpenSMA/src/nv/emulation/pca9555.cpp line 83 column 14 function i2c_read
✓ PASSED: '!this->_new_command && new_transaction::1 && (signed int)this->_active_register != 0 && (signed int)this->_active_register == 1' at file /Users/user/NVIDIA-OpenSMA/src/nv/emulation/pca9555.cpp line 91 column 14 function i2c_read
✓ PASSED: '!this->_new_command && new_transaction::1 && (signed int)this->_active_register != 0 && (signed int)this->_active_register != 1' at file /Users/user/NVIDIA-OpenSMA/src/nv/emulation/pca9555.cpp line 91 column 14 function i2c_read
✓ PASSED: '!this->_new_command && new_transaction::1 && (signed int)this->_active_register == 0 && (signed int)this->_active_register == 1' at file /Users/user/NVIDIA-OpenSMA/src/nv/emulation/pca9555.cpp line 91 column 14 function i2c_read
✓ PASSED: '!this->_new_command && new_transaction::1 && (signed int)this->_active_register == 0 && (signed int)this->_active_register != 1' at file /Users/user/NVIDIA-OpenSMA/src/nv/emulation/pca9555.cpp line 91 column 14 function i2c_read
✓ PASSED: '!this->_new_command && new_transaction::1 && (signed int)this->_active_register != 0 && (signed int)this->_active_register != 1 && (signed int)this->_active_register == 2' at file /Users/user/NVIDIA-OpenSMA/src/nv/emulation/pca9555.cpp line 96 column 14 function i2c_read
✓ PASSED: '!this->_new_command && new_transaction::1 && (signed int)this->_active_register != 0 && (signed int)this->_active_register != 1 && (signed int)this->_active_register != 2' at file /Users/user/NVIDIA-OpenSMA/src/nv/emulation/pca9555.cpp line 96 column 14 function i2c_read
✓ PASSED: '!this->_new_command && new_transaction::1 && (signed int)this->_active_register == 0 && (signed int)this->_active_register != 1 && (signed int)this->_active_register == 2' at file /Users/user/NVIDIA-OpenSMA/src/nv/emulation/pca9555.cpp line 96 column 14 function i2c_read
✓ PASSED: '!this->_new_command && new_transaction::1 && (signed int)this->_active_register == 0 && (signed int)this->_active_register != 1 && (signed int)this->_active_register != 2' at file /Users/user/NVIDIA-OpenSMA/src/nv/emulation/pca9555.cpp line 96 column 14 function i2c_read
✓ PASSED: '!this->_new_command && new_transaction::1 && (signed int)this->_active_register != 0 && (signed int)this->_active_register == 1 && (signed int)this->_active_register == 2' at file /Users/user/NVIDIA-OpenSMA/src/nv/emulation/pca9555.cpp line 96 column 14 function i2c_read
✓ PASSED: '!this->_new_command && new_transaction::1 && (signed int)this->_active_register != 0 && (signed int)this->_active_register == 1 && (signed int)this->_active_register != 2' at file /Users/user/NVIDIA-OpenSMA/src/nv/emulation/pca9555.cpp line 96 column 14 function i2c_read
✓ PASSED: '!this->_new_command && new_transaction::1 && (signed int)this->_active_register == 0 && (signed int)this->_active_register == 1 && (signed int)this->_active_register == 2' at file /Users/user/NVIDIA-OpenSMA/src/nv/emulation/pca9555.cpp line 96 column 14 function i2c_read
✓ PASSED: '!this->_new_command && new_transaction::1 && (signed int)this->_active_register == 0 && (signed int)this->_active_register == 1 && (signed int)this->_active_register != 2' at file /Users/user/NVIDIA-OpenSMA/src/nv/emulation/pca9555.cpp line 96 column 14 function i2c_read
✓ PASSED: '(signed int)data_length::1 == 1 && (signed int)data_length::1 <= 3' at file /Users/user/NVIDIA-OpenSMA/src/nv/emulation/pca9555.cpp line 138 column 5 function i2c_write
✓ PASSED: '(signed int)data_length::1 == 1 && (signed int)data_length::1 > 3' at file /Users/user/NVIDIA-OpenSMA/src/nv/emulation/pca9555.cpp line 138 column 5 function i2c_write
✓ PASSED: '(signed int)data_length::1 != 1 && (signed int)data_length::1 > 3' at file /Users/user/NVIDIA-OpenSMA/src/nv/emulation/pca9555.cpp line 138 column 5 function i2c_write
✓ PASSED: '(signed int)data_length::1 == 1 && (signed int)data_length::1 > 3 && (signed int)i >= (signed int)data_length::1' at file /Users/user/NVIDIA-OpenSMA/src/nv/emulation/pca9555.cpp line 142 column 5 function i2c_write
✓ PASSED: '(signed int)data_length::1 == 1 && (signed int)data_length::1 > 3 && (signed int)i < (signed int)data_length::1' at file /Users/user/NVIDIA-OpenSMA/src/nv/emulation/pca9555.cpp line 142 column 5 function i2c_write
✓ PASSED: '(signed int)data_length::1 != 1 && (signed int)data_length::1 > 3 && (signed int)i >= (signed int)data_length::1' at file /Users/user/NVIDIA-OpenSMA/src/nv/emulation/pca9555.cpp line 142 column 5 function i2c_write
✓ PASSED: '(signed int)data_length::1 != 1 && (signed int)data_length::1 > 3 && (signed int)i < (signed int)data_length::1' at file /Users/user/NVIDIA-OpenSMA/src/nv/emulation/pca9555.cpp line 142 column 5 function i2c_write
✓ PASSED: '(signed int)data_length::1 == 1 && (signed int)data_length::1 <= 3 && (signed int)i >= (signed int)data_length::1' at file /Users/user/NVIDIA-OpenSMA/src/nv/emulation/pca9555.cpp line 142 column 5 function i2c_write
✓ PASSED: '(signed int)data_length::1 == 1 && (signed int)data_length::1 <= 3 && (signed int)i < (signed int)data_length::1' at file /Users/user/NVIDIA-OpenSMA/src/nv/emulation/pca9555.cpp line 142 column 5 function i2c_write
✓ PASSED: '(signed int)data_length::1 != 1 && (signed int)data_length::1 <= 3 && (signed int)i >= (signed int)data_length::1' at file /Users/user/NVIDIA-OpenSMA/src/nv/emulation/pca9555.cpp line 142 column 5 function i2c_write
✓ PASSED: '(signed int)data_length::1 == 1 && (signed int)data_length::1 > 3 && (signed int)i < (signed int)data_length::1 && (signed int)CommandRegister == 0' at file /Users/user/NVIDIA-OpenSMA/src/nv/emulation/pca9555.cpp line 147 column 18 function i2c_write
✓ PASSED: '(signed int)data_length::1 == 1 && (signed int)data_length::1 > 3 && (signed int)i < (signed int)data_length::1 && (signed int)CommandRegister != 0' at file /Users/user/NVIDIA-OpenSMA/src/nv/emulation/pca9555.cpp line 147 column 18 function i2c_write
✓ PASSED: '(signed int)data_length::1 != 1 && (signed int)data_length::1 > 3 && (signed int)i < (signed int)data_length::1 && (signed int)CommandRegister == 0' at file /Users/user/NVIDIA-OpenSMA/src/nv/emulation/pca9555.cpp line 147 column 18 function i2c_write
✓ PASSED: '(signed int)data_length::1 != 1 && (signed int)data_length::1 > 3 && (signed int)i < (signed int)data_length::1 && (signed int)CommandRegister != 0' at file /Users/user/NVIDIA-OpenSMA/src/nv/emulation/pca9555.cpp line 147 column 18 function i2c_write
✓ PASSED: '(signed int)data_length::1 == 1 && (signed int)data_length::1 <= 3 && (signed int)i < (signed int)data_length::1 && (signed int)CommandRegister == 0' at file /Users/user/NVIDIA-OpenSMA/src/nv/emulation/pca9555.cpp line 147 column 18 function i2c_write
✓ PASSED: '(signed int)data_length::1 == 1 && (signed int)data_length::1 <= 3 && (signed int)i < (signed int)data_length::1 && (signed int)CommandRegister != 0' at file /Users/user/NVIDIA-OpenSMA/src/nv/emulation/pca9555.cpp line 147 column 18 function i2c_write
✓ PASSED: '(signed int)data_length::1 == 1 && (signed int)data_length::1 > 3 && (signed int)i >= (signed int)data_length::1 && (signed int)CommandRegister == 0' at file /Users/user/NVIDIA-OpenSMA/src/nv/emulation/pca9555.cpp line 147 column 18 function i2c_write
✓ PASSED: '(signed int)data_length::1 == 1 && (signed int)data_length::1 > 3 && (signed int)i >= (signed int)data_length::1 && (signed int)CommandRegister != 0' at file /Users/user/NVIDIA-OpenSMA/src/nv/emulation/pca9555.cpp line 147 column 18 function i2c_write
✓ PASSED: '(signed int)data_length::1 != 1 && (signed int)data_length::1 > 3 && (signed int)i >= (signed int)data_length::1 && (signed int)CommandRegister == 0' at file /Users/user/NVIDIA-OpenSMA/src/nv/emulation/pca9555.cpp line 147 column 18 function i2c_write
✓ PASSED: '(signed int)data_length::1 != 1 && (signed int)data_length::1 > 3 && (signed int)i >= (signed int)data_length::1 && (signed int)CommandRegister != 0' at file /Users/user/NVIDIA-OpenSMA/src/nv/emulation/pca9555.cpp line 147 column 18 function i2c_write
✓ PASSED: '(signed int)data_length::1 == 1 && (signed int)data_length::1 <= 3 && (signed int)i >= (signed int)data_length::1 && (signed int)CommandRegister == 0' at file /Users/user/NVIDIA-OpenSMA/src/nv/emulation/pca9555.cpp line 147 column 18 function i2c_write
✓ PASSED: '(signed int)data_length::1 == 1 && (signed int)data_length::1 <= 3 && (signed int)i >= (signed int)data_length::1 && (signed int)CommandRegister != 0' at file /Users/user/NVIDIA-OpenSMA/src/nv/emulation/pca9555.cpp line 147 column 18 function i2c_write
✓ PASSED: '(signed int)data_length::1 != 1 && (signed int)data_length::1 <= 3 && (signed int)i >= (signed int)data_length::1 && (signed int)CommandRegister == 0' at file /Users/user/NVIDIA-OpenSMA/src/nv/emulation/pca9555.cpp line 147 column 18 function i2c_write
✓ PASSED: '(signed int)data_length::1 != 1 && (signed int)data_length::1 <= 3 && (signed int)i >= (signed int)data_length::1 && (signed int)CommandRegister != 0' at file /Users/user/NVIDIA-OpenSMA/src/nv/emulation/pca9555.cpp line 147 column 18 function i2c_write
✓ PASSED: '(signed int)data_length::1 > 3 && (signed int)i < (signed int)data_length::1 && (signed int)CommandRegister != 0 && (signed int)CommandRegister == 1' at file /Users/user/NVIDIA-OpenSMA/src/nv/emulation/pca9555.cpp line 151 column 18 function i2c_write
✓ PASSED: '(signed int)data_length::1 > 3 && (signed int)i < (signed int)data_length::1 && (signed int)CommandRegister != 0 && (signed int)CommandRegister != 1' at file /Users/user/NVIDIA-OpenSMA/src/nv/emulation/pca9555.cpp line 151 column 18 function i2c_write
✓ PASSED: '(signed int)data_length::1 > 3 && (signed int)i >= (signed int)data_length::1 && (signed int)CommandRegister != 0 && (signed int)CommandRegister == 1' at file /Users/user/NVIDIA-OpenSMA/src/nv/emulation/pca9555.cpp line 151 column 18 function i2c_write
✓ PASSED: '(signed int)data_length::1 > 3 && (signed int)i >= (signed int)data_length::1 && (signed int)CommandRegister != 0 && (signed int)CommandRegister != 1' at file /Users/user/NVIDIA-OpenSMA/src/nv/emulation/pca9555.cpp line 151 column 18 function i2c_write
✓ PASSED: '(signed int)data_length::1 <= 3 && (signed int)i >= (signed int)data_length::1 && (signed int)CommandRegister != 0 && (signed int)CommandRegister == 1' at file /Users/user/NVIDIA-OpenSMA/src/nv/emulation/pca9555.cpp line 151 column 18 function i2c_write
✓ PASSED: '(signed int)data_length::1 <= 3 && (signed int)i >= (signed int)data_length::1 && (signed int)CommandRegister != 0 && (signed int)CommandRegister != 1' at file /Users/user/NVIDIA-OpenSMA/src/nv/emulation/pca9555.cpp line 151 column 18 function i2c_write
✓ PASSED: '(signed int)data_length::1 > 3 && (signed int)i < (signed int)data_length::1 && (signed int)CommandRegister == 0 && (signed int)CommandRegister == 1' at file /Users/user/NVIDIA-OpenSMA/src/nv/emulation/pca9555.cpp line 151 column 18 function i2c_write
✓ PASSED: '(signed int)data_length::1 > 3 && (signed int)i < (signed int)data_length::1 && (signed int)CommandRegister == 0 && (signed int)CommandRegister != 1' at file /Users/user/NVIDIA-OpenSMA/src/nv/emulation/pca9555.cpp line 151 column 18 function i2c_write
✓ PASSED: '(signed int)data_length::1 > 3 && (signed int)i >= (signed int)data_length::1 && (signed int)CommandRegister == 0 && (signed int)CommandRegister == 1' at file /Users/user/NVIDIA-OpenSMA/src/nv/emulation/pca9555.cpp line 151 column 18 function i2c_write
✓ PASSED: '(signed int)data_length::1 > 3 && (signed int)i >= (signed int)data_length::1 && (signed int)CommandRegister == 0 && (signed int)CommandRegister != 1' at file /Users/user/NVIDIA-OpenSMA/src/nv/emulation/pca9555.cpp line 151 column 18 function i2c_write
✓ PASSED: '(signed int)data_length::1 <= 3 && (signed int)i >= (signed int)data_length::1 && (signed int)CommandRegister == 0 && (signed int)CommandRegister == 1' at file /Users/user/NVIDIA-OpenSMA/src/nv/emulation/pca9555.cpp line 151 column 18 function i2c_write
✓ PASSED: '(signed int)data_length::1 <= 3 && (signed int)i >= (signed int)data_length::1 && (signed int)CommandRegister == 0 && (signed int)CommandRegister != 1' at file /Users/user/NVIDIA-OpenSMA/src/nv/emulation/pca9555.cpp line 151 column 18 function i2c_write
✓ PASSED: '(signed int)i >= (signed int)data_length::1 && (signed int)CommandRegister != 0 && (signed int)CommandRegister != 1 && (signed int)CommandRegister == 2' at file /Users/user/NVIDIA-OpenSMA/src/nv/emulation/pca9555.cpp line 158 column 18 function i2c_write
✓ PASSED: '(signed int)i >= (signed int)data_length::1 && (signed int)CommandRegister != 0 && (signed int)CommandRegister != 1 && (signed int)CommandRegister != 2' at file /Users/user/NVIDIA-OpenSMA/src/nv/emulation/pca9555.cpp line 158 column 18 function i2c_write
✓ PASSED: '(signed int)i >= (signed int)data_length::1 && (signed int)CommandRegister == 0 && (signed int)CommandRegister != 1 && (signed int)CommandRegister == 2' at file /Users/user/NVIDIA-OpenSMA/src/nv/emulation/pca9555.cpp line 158 column 18 function i2c_write
✓ PASSED: '(signed int)i >= (signed int)data_length::1 && (signed int)CommandRegister == 0 && (signed int)CommandRegister != 1 && (signed int)CommandRegister != 2' at file /Users/user/NVIDIA-OpenSMA/src/nv/emulation/pca9555.cpp line 158 column 18 function i2c_write
✓ PASSED: '(signed int)i >= (signed int)data_length::1 && (signed int)CommandRegister != 0 && (signed int)CommandRegister == 1 && (signed int)CommandRegister == 2' at file /Users/user/NVIDIA-OpenSMA/src/nv/emulation/pca9555.cpp line 158 column 18 function i2c_write
✓ PASSED: '(signed int)i >= (signed int)data_length::1 && (signed int)CommandRegister != 0 && (signed int)CommandRegister == 1 && (signed int)CommandRegister != 2' at file /Users/user/NVIDIA-OpenSMA/src/nv/emulation/pca9555.cpp line 158 column 18 function i2c_write
✓ PASSED: '(signed int)i >= (signed int)data_length::1 && (signed int)CommandRegister == 0 && (signed int)CommandRegister == 1 && (signed int)CommandRegister == 2' at file /Users/user/NVIDIA-OpenSMA/src/nv/emulation/pca9555.cpp line 158 column 18 function i2c_write
✓ PASSED: '(signed int)i >= (signed int)data_length::1 && (signed int)CommandRegister == 0 && (signed int)CommandRegister == 1 && (signed int)CommandRegister != 2' at file /Users/user/NVIDIA-OpenSMA/src/nv/emulation/pca9555.cpp line 158 column 18 function i2c_write
Unwinding loop 7 iteration 1   file /Users/user/NVIDIA-OpenSMA/src/nv/emulation/pca9555.cpp line 142 column 5 function i2c_write
✓ PASSED: '(signed int)data_length::1 == 1 && (signed int)data_length::1 > 3 && (signed int)i >= (signed int)data_length::1' at file /Users/user/NVIDIA-OpenSMA/src/nv/emulation/pca9555.cpp line 142 column 5 function i2c_write
✓ PASSED: '(signed int)data_length::1 == 1 && (signed int)data_length::1 > 3 && (signed int)i < (signed int)data_length::1' at file /Users/user/NVIDIA-OpenSMA/src/nv/emulation/pca9555.cpp line 142 column 5 function i2c_write
✓ PASSED: '(signed int)data_length::1 != 1 && (signed int)data_length::1 > 3 && (signed int)i >= (signed int)data_length::1' at file /Users/user/NVIDIA-OpenSMA/src/nv/emulation/pca9555.cpp line 142 column 5 function i2c_write
✓ PASSED: '(signed int)data_length::1 != 1 && (signed int)data_length::1 > 3 && (signed int)i < (signed int)data_length::1' at file /Users/user/NVIDIA-OpenSMA/src/nv/emulation/pca9555.cpp line 142 column 5 function i2c_write
✓ PASSED: '(signed int)data_length::1 == 1 && (signed int)data_length::1 <= 3 && (signed int)i >= (signed int)data_length::1' at file /Users/user/NVIDIA-OpenSMA/src/nv/emulation/pca9555.cpp line 142 column 5 function i2c_write
✓ PASSED: '(signed int)data_length::1 == 1 && (signed int)data_length::1 <= 3 && (signed int)i < (signed int)data_length::1' at file /Users/user/NVIDIA-OpenSMA/src/nv/emulation/pca9555.cpp line 142 column 5 function i2c_write
✓ PASSED: '(signed int)data_length::1 == 1 && (signed int)data_length::1 <= 3' at file /Users/user/NVIDIA-OpenSMA/src/nv/emulation/pca9555.cpp line 138 column 5 function i2c_write
✓ PASSED: '(signed int)data_length::1 == 1 && (signed int)data_length::1 > 3' at file /Users/user/NVIDIA-OpenSMA/src/nv/emulation/pca9555.cpp line 138 column 5 function i2c_write
✓ PASSED: '(signed int)data_length::1 != 1 && (signed int)data_length::1 > 3' at file /Users/user/NVIDIA-OpenSMA/src/nv/emulation/pca9555.cpp line 138 column 5 function i2c_write
✓ PASSED: '(signed int)data_length::1 == 1 && (signed int)data_length::1 > 3 && (signed int)i >= (signed int)data_length::1' at file /Users/user/NVIDIA-OpenSMA/src/nv/emulation/pca9555.cpp line 142 column 5 function i2c_write
✓ PASSED: '(signed int)data_length::1 == 1 && (signed int)data_length::1 > 3 && (signed int)i < (signed int)data_length::1' at file /Users/user/NVIDIA-OpenSMA/src/nv/emulation/pca9555.cpp line 142 column 5 function i2c_write
✓ PASSED: '(signed int)data_length::1 != 1 && (signed int)data_length::1 > 3 && (signed int)i >= (signed int)data_length::1' at file /Users/user/NVIDIA-OpenSMA/src/nv/emulation/pca9555.cpp line 142 column 5 function i2c_write
✓ PASSED: '(signed int)data_length::1 != 1 && (signed int)data_length::1 > 3 && (signed int)i < (signed int)data_length::1' at file /Users/user/NVIDIA-OpenSMA/src/nv/emulation/pca9555.cpp line 142 column 5 function i2c_write
✓ PASSED: '(signed int)data_length::1 == 1 && (signed int)data_length::1 <= 3 && (signed int)i >= (signed int)data_length::1' at file /Users/user/NVIDIA-OpenSMA/src/nv/emulation/pca9555.cpp line 142 column 5 function i2c_write
✓ PASSED: '(signed int)data_length::1 == 1 && (signed int)data_length::1 <= 3 && (signed int)i < (signed int)data_length::1' at file /Users/user/NVIDIA-OpenSMA/src/nv/emulation/pca9555.cpp line 142 column 5 function i2c_write
✓ PASSED: '(signed int)data_length::1 != 1 && (signed int)data_length::1 <= 3 && (signed int)i >= (signed int)data_length::1' at file /Users/user/NVIDIA-OpenSMA/src/nv/emulation/pca9555.cpp line 142 column 5 function i2c_write
✓ PASSED: '(signed int)data_length::1 == 1 && (signed int)data_length::1 > 3 && (signed int)i < (signed int)data_length::1 && (signed int)CommandRegister == 0' at file /Users/user/NVIDIA-OpenSMA/src/nv/emulation/pca9555.cpp line 147 column 18 function i2c_write
✓ PASSED: '(signed int)data_length::1 == 1 && (signed int)data_length::1 > 3 && (signed int)i < (signed int)data_length::1 && (signed int)CommandRegister != 0' at file /Users/user/NVIDIA-OpenSMA/src/nv/emulation/pca9555.cpp line 147 column 18 function i2c_write
✓ PASSED: '(signed int)data_length::1 != 1 && (signed int)data_length::1 > 3 && (signed int)i < (signed int)data_length::1 && (signed int)CommandRegister == 0' at file /Users/user/NVIDIA-OpenSMA/src/nv/emulation/pca9555.cpp line 147 column 18 function i2c_write
✓ PASSED: '(signed int)data_length::1 != 1 && (signed int)data_length::1 > 3 && (signed int)i < (signed int)data_length::1 && (signed int)CommandRegister != 0' at file /Users/user/NVIDIA-OpenSMA/src/nv/emulation/pca9555.cpp line 147 column 18 function i2c_write
✓ PASSED: '(signed int)data_length::1 == 1 && (signed int)data_length::1 <= 3 && (signed int)i < (signed int)data_length::1 && (signed int)CommandRegister == 0' at file /Users/user/NVIDIA-OpenSMA/src/nv/emulation/pca9555.cpp line 147 column 18 function i2c_write
✓ PASSED: '(signed int)data_length::1 == 1 && (signed int)data_length::1 <= 3 && (signed int)i < (signed int)data_length::1 && (signed int)CommandRegister != 0' at file /Users/user/NVIDIA-OpenSMA/src/nv/emulation/pca9555.cpp line 147 column 18 function i2c_write
✓ PASSED: '(signed int)data_length::1 == 1 && (signed int)data_length::1 > 3 && (signed int)i >= (signed int)data_length::1 && (signed int)CommandRegister == 0' at file /Users/user/NVIDIA-OpenSMA/src/nv/emulation/pca9555.cpp line 147 column 18 function i2c_write
✓ PASSED: '(signed int)data_length::1 == 1 && (signed int)data_length::1 > 3 && (signed int)i >= (signed int)data_length::1 && (signed int)CommandRegister != 0' at file /Users/user/NVIDIA-OpenSMA/src/nv/emulation/pca9555.cpp line 147 column 18 function i2c_write
✓ PASSED: '(signed int)data_length::1 != 1 && (signed int)data_length::1 > 3 && (signed int)i >= (signed int)data_length::1 && (signed int)CommandRegister == 0' at file /Users/user/NVIDIA-OpenSMA/src/nv/emulation/pca9555.cpp line 147 column 18 function i2c_write
✓ PASSED: '(signed int)data_length::1 != 1 && (signed int)data_length::1 > 3 && (signed int)i >= (signed int)data_length::1 && (signed int)CommandRegister != 0' at file /Users/user/NVIDIA-OpenSMA/src/nv/emulation/pca9555.cpp line 147 column 18 function i2c_write
✓ PASSED: '(signed int)data_length::1 == 1 && (signed int)data_length::1 <= 3 && (signed int)i >= (signed int)data_length::1 && (signed int)CommandRegister == 0' at file /Users/user/NVIDIA-OpenSMA/src/nv/emulation/pca9555.cpp line 147 column 18 function i2c_write
✓ PASSED: '(signed int)data_length::1 == 1 && (signed int)data_length::1 <= 3 && (signed int)i >= (signed int)data_length::1 && (signed int)CommandRegister != 0' at file /Users/user/NVIDIA-OpenSMA/src/nv/emulation/pca9555.cpp line 147 column 18 function i2c_write
✓ PASSED: '(signed int)data_length::1 != 1 && (signed int)data_length::1 <= 3 && (signed int)i >= (signed int)data_length::1 && (signed int)CommandRegister == 0' at file /Users/user/NVIDIA-OpenSMA/src/nv/emulation/pca9555.cpp line 147 column 18 function i2c_write
✓ PASSED: '(signed int)data_length::1 != 1 && (signed int)data_length::1 <= 3 && (signed int)i >= (signed int)data_length::1 && (signed int)CommandRegister != 0' at file /Users/user/NVIDIA-OpenSMA/src/nv/emulation/pca9555.cpp line 147 column 18 function i2c_write
✓ PASSED: '(signed int)data_length::1 > 3 && (signed int)i < (signed int)data_length::1 && (signed int)CommandRegister != 0 && (signed int)CommandRegister == 1' at file /Users/user/NVIDIA-OpenSMA/src/nv/emulation/pca9555.cpp line 151 column 18 function i2c_write
✓ PASSED: '(signed int)data_length::1 > 3 && (signed int)i < (signed int)data_length::1 && (signed int)CommandRegister != 0 && (signed int)CommandRegister != 1' at file /Users/user/NVIDIA-OpenSMA/src/nv/emulation/pca9555.cpp line 151 column 18 function i2c_write
✓ PASSED: '(signed int)data_length::1 > 3 && (signed int)i >= (signed int)data_length::1 && (signed int)CommandRegister != 0 && (signed int)CommandRegister == 1' at file /Users/user/NVIDIA-OpenSMA/src/nv/emulation/pca9555.cpp line 151 column 18 function i2c_write
✓ PASSED: '(signed int)data_length::1 > 3 && (signed int)i >= (signed int)data_length::1 && (signed int)CommandRegister != 0 && (signed int)CommandRegister != 1' at file /Users/user/NVIDIA-OpenSMA/src/nv/emulation/pca9555.cpp line 151 column 18 function i2c_write
✓ PASSED: '(signed int)data_length::1 <= 3 && (signed int)i >= (signed int)data_length::1 && (signed int)CommandRegister != 0 && (signed int)CommandRegister == 1' at file /Users/user/NVIDIA-OpenSMA/src/nv/emulation/pca9555.cpp line 151 column 18 function i2c_write
✓ PASSED: '(signed int)data_length::1 <= 3 && (signed int)i >= (signed int)data_length::1 && (signed int)CommandRegister != 0 && (signed int)CommandRegister != 1' at file /Users/user/NVIDIA-OpenSMA/src/nv/emulation/pca9555.cpp line 151 column 18 function i2c_write
✓ PASSED: '(signed int)data_length::1 > 3 && (signed int)i < (signed int)data_length::1 && (signed int)CommandRegister == 0 && (signed int)CommandRegister == 1' at file /Users/user/NVIDIA-OpenSMA/src/nv/emulation/pca9555.cpp line 151 column 18 function i2c_write
✓ PASSED: '(signed int)data_length::1 > 3 && (signed int)i < (signed int)data_length::1 && (signed int)CommandRegister == 0 && (signed int)CommandRegister != 1' at file /Users/user/NVIDIA-OpenSMA/src/nv/emulation/pca9555.cpp line 151 column 18 function i2c_write
✓ PASSED: '(signed int)data_length::1 > 3 && (signed int)i >= (signed int)data_length::1 && (signed int)CommandRegister == 0 && (signed int)CommandRegister == 1' at file /Users/user/NVIDIA-OpenSMA/src/nv/emulation/pca9555.cpp line 151 column 18 function i2c_write
✓ PASSED: '(signed int)data_length::1 > 3 && (signed int)i >= (signed int)data_length::1 && (signed int)CommandRegister == 0 && (signed int)CommandRegister != 1' at file /Users/user/NVIDIA-OpenSMA/src/nv/emulation/pca9555.cpp line 151 column 18 function i2c_write
✓ PASSED: '(signed int)data_length::1 <= 3 && (signed int)i >= (signed int)data_length::1 && (signed int)CommandRegister == 0 && (signed int)CommandRegister == 1' at file /Users/user/NVIDIA-OpenSMA/src/nv/emulation/pca9555.cpp line 151 column 18 function i2c_write
✓ PASSED: '(signed int)data_length::1 <= 3 && (signed int)i >= (signed int)data_length::1 && (signed int)CommandRegister == 0 && (signed int)CommandRegister != 1' at file /Users/user/NVIDIA-OpenSMA/src/nv/emulation/pca9555.cpp line 151 column 18 function i2c_write
✓ PASSED: '(signed int)i >= (signed int)data_length::1 && (signed int)CommandRegister != 0 && (signed int)CommandRegister != 1 && (signed int)CommandRegister == 2' at file /Users/user/NVIDIA-OpenSMA/src/nv/emulation/pca9555.cpp line 158 column 18 function i2c_write
✓ PASSED: '(signed int)i >= (signed int)data_length::1 && (signed int)CommandRegister != 0 && (signed int)CommandRegister != 1 && (signed int)CommandRegister != 2' at file /Users/user/NVIDIA-OpenSMA/src/nv/emulation/pca9555.cpp line 158 column 18 function i2c_write
✓ PASSED: '(signed int)i >= (signed int)data_length::1 && (signed int)CommandRegister == 0 && (signed int)CommandRegister != 1 && (signed int)CommandRegister == 2' at file /Users/user/NVIDIA-OpenSMA/src/nv/emulation/pca9555.cpp line 158 column 18 function i2c_write
✓ PASSED: '(signed int)i >= (signed int)data_length::1 && (signed int)CommandRegister == 0 && (signed int)CommandRegister != 1 && (signed int)CommandRegister != 2' at file /Users/user/NVIDIA-OpenSMA/src/nv/emulation/pca9555.cpp line 158 column 18 function i2c_write
✓ PASSED: '(signed int)i >= (signed int)data_length::1 && (signed int)CommandRegister != 0 && (signed int)CommandRegister == 1 && (signed int)CommandRegister == 2' at file /Users/user/NVIDIA-OpenSMA/src/nv/emulation/pca9555.cpp line 158 column 18 function i2c_write
✓ PASSED: '(signed int)i >= (signed int)data_length::1 && (signed int)CommandRegister != 0 && (signed int)CommandRegister == 1 && (signed int)CommandRegister != 2' at file /Users/user/NVIDIA-OpenSMA/src/nv/emulation/pca9555.cpp line 158 column 18 function i2c_write
✓ PASSED: '(signed int)i >= (signed int)data_length::1 && (signed int)CommandRegister == 0 && (signed int)CommandRegister == 1 && (signed int)CommandRegister == 2' at file /Users/user/NVIDIA-OpenSMA/src/nv/emulation/pca9555.cpp line 158 column 18 function i2c_write
✓ PASSED: '(signed int)i >= (signed int)data_length::1 && (signed int)CommandRegister == 0 && (signed int)CommandRegister == 1 && (signed int)CommandRegister != 2' at file /Users/user/NVIDIA-OpenSMA/src/nv/emulation/pca9555.cpp line 158 column 18 function i2c_write
Unwinding loop 7 iteration 1   file /Users/user/NVIDIA-OpenSMA/src/nv/emulation/pca9555.cpp line 142 column 5 function i2c_write
✓ PASSED: '(signed int)data_length::1 == 1 && (signed int)data_length::1 > 3 && (signed int)i >= (signed int)data_length::1' at file /Users/user/NVIDIA-OpenSMA/src/nv/emulation/pca9555.cpp line 142 column 5 function i2c_write
✓ PASSED: '(signed int)data_length::1 == 1 && (signed int)data_length::1 > 3 && (signed int)i < (signed int)data_length::1' at file /Users/user/NVIDIA-OpenSMA/src/nv/emulation/pca9555.cpp line 142 column 5 function i2c_write
✓ PASSED: '(signed int)data_length::1 != 1 && (signed int)data_length::1 > 3 && (signed int)i >= (signed int)data_length::1' at file /Users/user/NVIDIA-OpenSMA/src/nv/emulation/pca9555.cpp line 142 column 5 function i2c_write
✓ PASSED: '(signed int)data_length::1 != 1 && (signed int)data_length::1 > 3 && (signed int)i < (signed int)data_length::1' at file /Users/user/NVIDIA-OpenSMA/src/nv/emulation/pca9555.cpp line 142 column 5 function i2c_write
✓ PASSED: '(signed int)data_length::1 == 1 && (signed int)data_length::1 <= 3 && (signed int)i >= (signed int)data_length::1' at file /Users/user/NVIDIA-OpenSMA/src/nv/emulation/pca9555.cpp line 142 column 5 function i2c_write
✓ PASSED: '(signed int)data_length::1 == 1 && (signed int)data_length::1 <= 3 && (signed int)i < (signed int)data_length::1' at file /Users/user/NVIDIA-OpenSMA/src/nv/emulation/pca9555.cpp line 142 column 5 function i2c_write
✓ PASSED: '(signed int)data_length::1 == 1 && (signed int)data_length::1 <= 3' at file /Users/user/NVIDIA-OpenSMA/src/nv/emulation/pca9555.cpp line 138 column 5 function i2c_write
✓ PASSED: '(signed int)data_length::1 == 1 && (signed int)data_length::1 > 3' at file /Users/user/NVIDIA-OpenSMA/src/nv/emulation/pca9555.cpp line 138 column 5 function i2c_write
✓ PASSED: '(signed int)data_length::1 != 1 && (signed int)data_length::1 > 3' at file /Users/user/NVIDIA-OpenSMA/src/nv/emulation/pca9555.cpp line 138 column 5 function i2c_write
✓ PASSED: '(signed int)data_length::1 == 1 && (signed int)data_length::1 > 3 && (signed int)i >= (signed int)data_length::1' at file /Users/user/NVIDIA-OpenSMA/src/nv/emulation/pca9555.cpp line 142 column 5 function i2c_write
✓ PASSED: '(signed int)data_length::1 == 1 && (signed int)data_length::1 > 3 && (signed int)i < (signed int)data_length::1' at file /Users/user/NVIDIA-OpenSMA/src/nv/emulation/pca9555.cpp line 142 column 5 function i2c_write
✓ PASSED: '(signed int)data_length::1 != 1 && (signed int)data_length::1 > 3 && (signed int)i >= (signed int)data_length::1' at file /Users/user/NVIDIA-OpenSMA/src/nv/emulation/pca9555.cpp line 142 column 5 function i2c_write
✓ PASSED: '(signed int)data_length::1 != 1 && (signed int)data_length::1 > 3 && (signed int)i < (signed int)data_length::1' at file /Users/user/NVIDIA-OpenSMA/src/nv/emulation/pca9555.cpp line 142 column 5 function i2c_write
✓ PASSED: '(signed int)data_length::1 == 1 && (signed int)data_length::1 <= 3 && (signed int)i >= (signed int)data_length::1' at file /Users/user/NVIDIA-OpenSMA/src/nv/emulation/pca9555.cpp line 142 column 5 function i2c_write
✓ PASSED: '(signed int)data_length::1 == 1 && (signed int)data_length::1 <= 3 && (signed int)i < (signed int)data_length::1' at file /Users/user/NVIDIA-OpenSMA/src/nv/emulation/pca9555.cpp line 142 column 5 function i2c_write
✓ PASSED: '(signed int)data_length::1 != 1 && (signed int)data_length::1 <= 3 && (signed int)i >= (signed int)data_length::1' at file /Users/user/NVIDIA-OpenSMA/src/nv/emulation/pca9555.cpp line 142 column 5 function i2c_write
✓ PASSED: '(signed int)data_length::1 == 1 && (signed int)data_length::1 > 3 && (signed int)i < (signed int)data_length::1 && (signed int)CommandRegister == 0' at file /Users/user/NVIDIA-OpenSMA/src/nv/emulation/pca9555.cpp line 147 column 18 function i2c_write
✓ PASSED: '(signed int)data_length::1 == 1 && (signed int)data_length::1 > 3 && (signed int)i < (signed int)data_length::1 && (signed int)CommandRegister != 0' at file /Users/user/NVIDIA-OpenSMA/src/nv/emulation/pca9555.cpp line 147 column 18 function i2c_write
✓ PASSED: '(signed int)data_length::1 != 1 && (signed int)data_length::1 > 3 && (signed int)i < (signed int)data_length::1 && (signed int)CommandRegister == 0' at file /Users/user/NVIDIA-OpenSMA/src/nv/emulation/pca9555.cpp line 147 column 18 function i2c_write
✓ PASSED: '(signed int)data_length::1 != 1 && (signed int)data_length::1 > 3 && (signed int)i < (signed int)data_length::1 && (signed int)CommandRegister != 0' at file /Users/user/NVIDIA-OpenSMA/src/nv/emulation/pca9555.cpp line 147 column 18 function i2c_write
✓ PASSED: '(signed int)data_length::1 == 1 && (signed int)data_length::1 <= 3 && (signed int)i < (signed int)data_length::1 && (signed int)CommandRegister == 0' at file /Users/user/NVIDIA-OpenSMA/src/nv/emulation/pca9555.cpp line 147 column 18 function i2c_write
✓ PASSED: '(signed int)data_length::1 == 1 && (signed int)data_length::1 <= 3 && (signed int)i < (signed int)data_length::1 && (signed int)CommandRegister != 0' at file /Users/user/NVIDIA-OpenSMA/src/nv/emulation/pca9555.cpp line 147 column 18 function i2c_write
✓ PASSED: '(signed int)data_length::1 == 1 && (signed int)data_length::1 > 3 && (signed int)i >= (signed int)data_length::1 && (signed int)CommandRegister == 0' at file /Users/user/NVIDIA-OpenSMA/src/nv/emulation/pca9555.cpp line 147 column 18 function i2c_write
✓ PASSED: '(signed int)data_length::1 == 1 && (signed int)data_length::1 > 3 && (signed int)i >= (signed int)data_length::1 && (signed int)CommandRegister != 0' at file /Users/user/NVIDIA-OpenSMA/src/nv/emulation/pca9555.cpp line 147 column 18 function i2c_write
✓ PASSED: '(signed int)data_length::1 != 1 && (signed int)data_length::1 > 3 && (signed int)i >= (signed int)data_length::1 && (signed int)CommandRegister == 0' at file /Users/user/NVIDIA-OpenSMA/src/nv/emulation/pca9555.cpp line 147 column 18 function i2c_write
✓ PASSED: '(signed int)data_length::1 != 1 && (signed int)data_length::1 > 3 && (signed int)i >= (signed int)data_length::1 && (signed int)CommandRegister != 0' at file /Users/user/NVIDIA-OpenSMA/src/nv/emulation/pca9555.cpp line 147 column 18 function i2c_write
✓ PASSED: '(signed int)data_length::1 == 1 && (signed int)data_length::1 <= 3 && (signed int)i >= (signed int)data_length::1 && (signed int)CommandRegister == 0' at file /Users/user/NVIDIA-OpenSMA/src/nv/emulation/pca9555.cpp line 147 column 18 function i2c_write
✓ PASSED: '(signed int)data_length::1 == 1 && (signed int)data_length::1 <= 3 && (signed int)i >= (signed int)data_length::1 && (signed int)CommandRegister != 0' at file /Users/user/NVIDIA-OpenSMA/src/nv/emulation/pca9555.cpp line 147 column 18 function i2c_write
✓ PASSED: '(signed int)data_length::1 != 1 && (signed int)data_length::1 <= 3 && (signed int)i >= (signed int)data_length::1 && (signed int)CommandRegister == 0' at file /Users/user/NVIDIA-OpenSMA/src/nv/emulation/pca9555.cpp line 147 column 18 function i2c_write
✓ PASSED: '(signed int)data_length::1 != 1 && (signed int)data_length::1 <= 3 && (signed int)i >= (signed int)data_length::1 && (signed int)CommandRegister != 0' at file /Users/user/NVIDIA-OpenSMA/src/nv/emulation/pca9555.cpp line 147 column 18 function i2c_write
✓ PASSED: '(signed int)data_length::1 > 3 && (signed int)i < (signed int)data_length::1 && (signed int)CommandRegister != 0 && (signed int)CommandRegister == 1' at file /Users/user/NVIDIA-OpenSMA/src/nv/emulation/pca9555.cpp line 151 column 18 function i2c_write
✓ PASSED: '(signed int)data_length::1 > 3 && (signed int)i < (signed int)data_length::1 && (signed int)CommandRegister != 0 && (signed int)CommandRegister != 1' at file /Users/user/NVIDIA-OpenSMA/src/nv/emulation/pca9555.cpp line 151 column 18 function i2c_write
✓ PASSED: '(signed int)data_length::1 > 3 && (signed int)i >= (signed int)data_length::1 && (signed int)CommandRegister != 0 && (signed int)CommandRegister == 1' at file /Users/user/NVIDIA-OpenSMA/src/nv/emulation/pca9555.cpp line 151 column 18 function i2c_write
✓ PASSED: '(signed int)data_length::1 > 3 && (signed int)i >= (signed int)data_length::1 && (signed int)CommandRegister != 0 && (signed int)CommandRegister != 1' at file /Users/user/NVIDIA-OpenSMA/src/nv/emulation/pca9555.cpp line 151 column 18 function i2c_write
✓ PASSED: '(signed int)data_length::1 <= 3 && (signed int)i >= (signed int)data_length::1 && (signed int)CommandRegister != 0 && (signed int)CommandRegister == 1' at file /Users/user/NVIDIA-OpenSMA/src/nv/emulation/pca9555.cpp line 151 column 18 function i2c_write
✓ PASSED: '(signed int)data_length::1 <= 3 && (signed int)i >= (signed int)data_length::1 && (signed int)CommandRegister != 0 && (signed int)CommandRegister != 1' at file /Users/user/NVIDIA-OpenSMA/src/nv/emulation/pca9555.cpp line 151 column 18 function i2c_write
✓ PASSED: '(signed int)data_length::1 > 3 && (signed int)i < (signed int)data_length::1 && (signed int)CommandRegister == 0 && (signed int)CommandRegister == 1' at file /Users/user/NVIDIA-OpenSMA/src/nv/emulation/pca9555.cpp line 151 column 18 function i2c_write
✓ PASSED: '(signed int)data_length::1 > 3 && (signed int)i < (signed int)data_length::1 && (signed int)CommandRegister == 0 && (signed int)CommandRegister != 1' at file /Users/user/NVIDIA-OpenSMA/src/nv/emulation/pca9555.cpp line 151 column 18 function i2c_write
✓ PASSED: '(signed int)data_length::1 > 3 && (signed int)i >= (signed int)data_length::1 && (signed int)CommandRegister == 0 && (signed int)CommandRegister == 1' at file /Users/user/NVIDIA-OpenSMA/src/nv/emulation/pca9555.cpp line 151 column 18 function i2c_write
✓ PASSED: '(signed int)data_length::1 > 3 && (signed int)i >= (signed int)data_length::1 && (signed int)CommandRegister == 0 && (signed int)CommandRegister != 1' at file /Users/user/NVIDIA-OpenSMA/src/nv/emulation/pca9555.cpp line 151 column 18 function i2c_write
✓ PASSED: '(signed int)data_length::1 <= 3 && (signed int)i >= (signed int)data_length::1 && (signed int)CommandRegister == 0 && (signed int)CommandRegister == 1' at file /Users/user/NVIDIA-OpenSMA/src/nv/emulation/pca9555.cpp line 151 column 18 function i2c_write
✓ PASSED: '(signed int)data_length::1 <= 3 && (signed int)i >= (signed int)data_length::1 && (signed int)CommandRegister == 0 && (signed int)CommandRegister != 1' at file /Users/user/NVIDIA-OpenSMA/src/nv/emulation/pca9555.cpp line 151 column 18 function i2c_write
✓ PASSED: '(signed int)i >= (signed int)data_length::1 && (signed int)CommandRegister != 0 && (signed int)CommandRegister != 1 && (signed int)CommandRegister == 2' at file /Users/user/NVIDIA-OpenSMA/src/nv/emulation/pca9555.cpp line 158 column 18 function i2c_write
✓ PASSED: '(signed int)i >= (signed int)data_length::1 && (signed int)CommandRegister != 0 && (signed int)CommandRegister != 1 && (signed int)CommandRegister != 2' at file /Users/user/NVIDIA-OpenSMA/src/nv/emulation/pca9555.cpp line 158 column 18 function i2c_write
✓ PASSED: '(signed int)i >= (signed int)data_length::1 && (signed int)CommandRegister == 0 && (signed int)CommandRegister != 1 && (signed int)CommandRegister == 2' at file /Users/user/NVIDIA-OpenSMA/src/nv/emulation/pca9555.cpp line 158 column 18 function i2c_write
✓ PASSED: '(signed int)i >= (signed int)data_length::1 && (signed int)CommandRegister == 0 && (signed int)CommandRegister != 1 && (signed int)CommandRegister != 2' at file /Users/user/NVIDIA-OpenSMA/src/nv/emulation/pca9555.cpp line 158 column 18 function i2c_write
✓ PASSED: '(signed int)i >= (signed int)data_length::1 && (signed int)CommandRegister != 0 && (signed int)CommandRegister == 1 && (signed int)CommandRegister == 2' at file /Users/user/NVIDIA-OpenSMA/src/nv/emulation/pca9555.cpp line 158 column 18 function i2c_write
✓ PASSED: '(signed int)i >= (signed int)data_length::1 && (signed int)CommandRegister != 0 && (signed int)CommandRegister == 1 && (signed int)CommandRegister != 2' at file /Users/user/NVIDIA-OpenSMA/src/nv/emulation/pca9555.cpp line 158 column 18 function i2c_write
✓ PASSED: '(signed int)i >= (signed int)data_length::1 && (signed int)CommandRegister == 0 && (signed int)CommandRegister == 1 && (signed int)CommandRegister == 2' at file /Users/user/NVIDIA-OpenSMA/src/nv/emulation/pca9555.cpp line 158 column 18 function i2c_write
✓ PASSED: '(signed int)i >= (signed int)data_length::1 && (signed int)CommandRegister == 0 && (signed int)CommandRegister == 1 && (signed int)CommandRegister != 2' at file /Users/user/NVIDIA-OpenSMA/src/nv/emulation/pca9555.cpp line 158 column 18 function i2c_write
Unwinding loop 7 iteration 1   file /Users/user/NVIDIA-OpenSMA/src/nv/emulation/pca9555.cpp line 142 column 5 function i2c_write
✓ PASSED: '(signed int)data_length::1 == 1 && (signed int)data_length::1 > 3 && (signed int)i >= (signed int)data_length::1' at file /Users/user/NVIDIA-OpenSMA/src/nv/emulation/pca9555.cpp line 142 column 5 function i2c_write
✓ PASSED: '(signed int)data_length::1 == 1 && (signed int)data_length::1 > 3 && (signed int)i < (signed int)data_length::1' at file /Users/user/NVIDIA-OpenSMA/src/nv/emulation/pca9555.cpp line 142 column 5 function i2c_write
✓ PASSED: '(signed int)data_length::1 != 1 && (signed int)data_length::1 > 3 && (signed int)i >= (signed int)data_length::1' at file /Users/user/NVIDIA-OpenSMA/src/nv/emulation/pca9555.cpp line 142 column 5 function i2c_write
✓ PASSED: '(signed int)data_length::1 != 1 && (signed int)data_length::1 > 3 && (signed int)i < (signed int)data_length::1' at file /Users/user/NVIDIA-OpenSMA/src/nv/emulation/pca9555.cpp line 142 column 5 function i2c_write
✓ PASSED: '(signed int)data_length::1 == 1 && (signed int)data_length::1 <= 3 && (signed int)i >= (signed int)data_length::1' at file /Users/user/NVIDIA-OpenSMA/src/nv/emulation/pca9555.cpp line 142 column 5 function i2c_write
✓ PASSED: '(signed int)data_length::1 == 1 && (signed int)data_length::1 <= 3 && (signed int)i < (signed int)data_length::1' at file /Users/user/NVIDIA-OpenSMA/src/nv/emulation/pca9555.cpp line 142 column 5 function i2c_write
Symex completed in: 0.511s (1673 assignments)
Slicing time: 0.009s (removed 931 assignments)
Generated 305 VCC(s), 141 remaining after simplification (742 assignments)
No solver specified; defaulting to bitwuzla
Slicing time: 0.005s (removed 0 assignments)
No solver specified; defaulting to bitwuzla
Solving claim '(signed int)data_length::1 != 1 && (signed int)data_length::1 <= 3 && (signed int)i >= (signed int)data_length::1 at file /Users/user/NVIDIA-OpenSMA/src/nv/emulation/pca9555.cpp line 142 column 5 function i2c_write' with solver Bitwuzla 0.8.2
Encoding remaining VCC(s) using bit-vector/floating-point arithmetic
Encoding to solver time: 0.054s
Solving with solver Bitwuzla 0.8.2
Runtime decision procedure: 0.013s
✗ FAILED: '(signed int)data_length::1 != 1 && (signed int)data_length::1 <= 3 && (signed int)i >= (signed int)data_length::1 at file /Users/user/NVIDIA-OpenSMA/src/nv/emulation/pca9555.cpp line 142 column 5 function i2c_write'

[Counterexample]


State 1 file /Users/user/NVIDIA-OpenSMA/verification/harnesses/pca9555_harness.cpp line 187 column 5 function f_output_propagation thread 0
----------------------------------------------------
  dev = { ._active_register=0, ._active_bank=0, ._new_command=1, .interrupt_low_vector={ .elems={ 255, 255 } },
    .state_at_last_interrupt_check={ .elems = { 0 } },
    ._gpio_pin_state={ .elems = { 0 } },
    ._gpio_output={ .elems={ 255, 255 } },
    ._gpio_inversion_enable={ .elems = { 0 } },
    ._gpio_direction_config={ .elems = { 0 } },
    ._required_outputs={ .elems={ 255, 255 } },
    ._required_inputs={ .elems = { 0 } },
    .anon_pad$11=0 }

State 2 file /Users/user/NVIDIA-OpenSMA/verification/harnesses/pca9555_harness.cpp line 189 column 5 function f_output_propagation thread 0
----------------------------------------------------
  v = 0 (00000000)

State 3 file /Users/user/NVIDIA-OpenSMA/verification/harnesses/pca9555_harness.cpp line 193 column 5 function f_output_propagation thread 0
----------------------------------------------------
  *return_value$_operator[]$4 = { .elems={ 2, v?1!0&0#1, 0, 0, 0, 0, 0, 0, 0, 0, 0, 0, 0, 0, 0, 0, 0, 0, 0, 0, 0, 0, 0, 0, 0, 0, 0, 0, 0, 0, 0, 0, 0, 0, 0 } }

State 6 file /Users/user/NVIDIA-OpenSMA/src/nv/emulation/pca9555.cpp line 153 column 17 function i2c_write thread 0
----------------------------------------------------
  *return_value$_at$4 = ( class nv::emulation::Pca9555 { unsigned int _active_register; unsigned int _active_bank; _Bool _new_command;  struct std::array<unsigned char, 2> { unsigned char [2] elems; }interrupt_low_vector;  struct std::array<unsigned char, 2> { unsigned char [2] elems; }state_at_last_interrupt_check;  struct std::array<unsigned char, 2> { unsigned char [2] elems; }_gpio_pin_state;  struct std::array<unsigned char, 2> { unsigned char [2] elems; }_gpio_output;  struct std::array<unsigned char, 2> { unsigned char [2] elems; }_gpio_inversion_enable;  struct std::array<unsigned char, 2> { unsigned char [2] elems; }_gpio_direction_config;  struct std::array<unsigned char, 2> { unsigned char [2] elems; }_required_outputs;  struct std::array<unsigned char, 2> { unsigned char [2] elems; }_required_inputs; unsigned _ExtInt(24) anon_pad$11; })(byte_update_little_endian((unsigned _ExtInt(224))({ ._active_register=0, ._active_bank=0, ._new_command=1, .interrupt_low_vector={ .elems={ 255, 255 } },
    .state_at_last_interrupt_check={ .elems = { 0 } },
    ._gpio_pin_state={ .elems = { 0 } },
    ._gpio_output={ .elems={ 255, 255 } },
    ._gpio_inversion_enable={ .elems = { 0 } },
    ._gpio_direction_config={ .elems = { 0 } },
    ._required_outputs={ .elems={ 255, 255 } },
    ._required_inputs={ .elems = { 0 } },
    .anon_pad$11=0 }), 15, 0))

State 7 file /Users/user/NVIDIA-OpenSMA/src/nv/emulation/pca9555.cpp line 268 column 5 function propagate_output_or_direction_change thread 0
----------------------------------------------------
  *return_value$_at$1 = ( class nv::emulation::Pca9555 { unsigned int _active_register; unsigned int _active_bank; _Bool _new_command;  struct std::array<unsigned char, 2> { unsigned char [2] elems; }interrupt_low_vector;  struct std::array<unsigned char, 2> { unsigned char [2] elems; }state_at_last_interrupt_check;  struct std::array<unsigned char, 2> { unsigned char [2] elems; }_gpio_pin_state;  struct std::array<unsigned char, 2> { unsigned char [2] elems; }_gpio_output;  struct std::array<unsigned char, 2> { unsigned char [2] elems; }_gpio_inversion_enable;  struct std::array<unsigned char, 2> { unsigned char [2] elems; }_gpio_direction_config;  struct std::array<unsigned char, 2> { unsigned char [2] elems; }_required_outputs;  struct std::array<unsigned char, 2> { unsigned char [2] elems; }_required_inputs; unsigned _ExtInt(24) anon_pad$11; })(byte_update_little_endian((unsigned _ExtInt(224))({ ._active_register=0, ._active_bank=0, ._new_command=1, .interrupt_low_vector={ .elems={ 255, 255 } },
    .state_at_last_interrupt_check={ .elems = { 0 } },
    ._gpio_pin_state={ .elems = { 0 } },
    ._gpio_output={ .elems={ 0, 255 } },
    ._gpio_inversion_enable={ .elems = { 0 } },
    ._gpio_direction_config={ .elems = { 0 } },
    ._required_outputs={ .elems={ 255, 255 } },
    ._required_inputs={ .elems = { 0 } },
    .anon_pad$11=0 }), 13, (unsigned char)((signed int)((unsigned char)((signed int)(byte_extract_little_endian((unsigned _ExtInt(224))({ ._active_register=0, ._active_bank=0, ._new_command=1, .interrupt_low_vector={ .elems={ 255, 255 } },
    .state_at_last_interrupt_check={ .elems = { 0 } },
    ._gpio_pin_state={ .elems = { 0 } },
    ._gpio_output={ .elems={ 0, 255 } },
    ._gpio_inversion_enable={ .elems = { 0 } },
    ._gpio_direction_config={ .elems = { 0 } },
    ._required_outputs={ .elems={ 255, 255 } },
    ._required_inputs={ .elems = { 0 } },
    .anon_pad$11=0 }), 15)) & (signed int)((unsigned char)(~((signed int)(byte_extract_little_endian((unsigned _ExtInt(224))({ ._active_register=0, ._active_bank=0, ._new_command=1, .interrupt_low_vector={ .elems={ 255, 255 } },
    .state_at_last_interrupt_check={ .elems = { 0 } },
    ._gpio_pin_state={ .elems = { 0 } },
    ._gpio_output={ .elems={ 0, 255 } },
    ._gpio_inversion_enable={ .elems = { 0 } },
    ._gpio_direction_config={ .elems = { 0 } },
    ._required_outputs={ .elems={ 255, 255 } },
    ._required_inputs={ .elems = { 0 } },
    .anon_pad$11=0 }), 19))))))) | (signed int)((unsigned char)((signed int)(byte_extract_little_endian((unsigned _ExtInt(224))({ ._active_register=0, ._active_bank=0, ._new_command=1, .interrupt_low_vector={ .elems={ 255, 255 } },
    .state_at_last_interrupt_check={ .elems = { 0 } },
    ._gpio_pin_state={ .elems = { 0 } },
    ._gpio_output={ .elems={ 0, 255 } },
    ._gpio_inversion_enable={ .elems = { 0 } },
    ._gpio_direction_config={ .elems = { 0 } },
    ._required_outputs={ .elems={ 255, 255 } },
    ._required_inputs={ .elems = { 0 } },
    .anon_pad$11=0 }), 13)) & (signed int)(byte_extract_little_endian((unsigned _ExtInt(224))({ ._active_register=0, ._active_bank=0, ._new_command=1, .interrupt_low_vector={ .elems={ 255, 255 } },
    .state_at_last_interrupt_check={ .elems = { 0 } },
    ._gpio_pin_state={ .elems = { 0 } },
    ._gpio_output={ .elems={ 0, 255 } },
    ._gpio_inversion_enable={ .elems = { 0 } },
    ._gpio_direction_config={ .elems = { 0 } },
    ._required_outputs={ .elems={ 255, 255 } },
    ._required_inputs={ .elems = { 0 } },
    .anon_pad$11=0 }), 19)))))))

State 8 file /Users/user/NVIDIA-OpenSMA/src/nv/emulation/pca9555.cpp line 307 column 5 function update_interrupts thread 0
----------------------------------------------------
  *return_value$_at$5 = ( class nv::emulation::Pca9555 { unsigned int _active_register; unsigned int _active_bank; _Bool _new_command;  struct std::array<unsigned char, 2> { unsigned char [2] elems; }interrupt_low_vector;  struct std::array<unsigned char, 2> { unsigned char [2] elems; }state_at_last_interrupt_check;  struct std::array<unsigned char, 2> { unsigned char [2] elems; }_gpio_pin_state;  struct std::array<unsigned char, 2> { unsigned char [2] elems; }_gpio_output;  struct std::array<unsigned char, 2> { unsigned char [2] elems; }_gpio_inversion_enable;  struct std::array<unsigned char, 2> { unsigned char [2] elems; }_gpio_direction_config;  struct std::array<unsigned char, 2> { unsigned char [2] elems; }_required_outputs;  struct std::array<unsigned char, 2> { unsigned char [2] elems; }_required_inputs; unsigned _ExtInt(24) anon_pad$11; })(byte_update_little_endian((unsigned _ExtInt(224))({ ._active_register=0, ._active_bank=0, ._new_command=1, .interrupt_low_vector={ .elems={ 255, 255 } },
    .state_at_last_interrupt_check={ .elems = { 0 } },
    ._gpio_pin_state={ .elems = { 0 } },
    ._gpio_output={ .elems={ 0, 255 } },
    ._gpio_inversion_enable={ .elems = { 0 } },
    ._gpio_direction_config={ .elems = { 0 } },
    ._required_outputs={ .elems={ 255, 255 } },
    ._required_inputs={ .elems = { 0 } },
    .anon_pad$11=0 }), 11, byte_extract_little_endian((unsigned _ExtInt(224))({ ._active_register=0, ._active_bank=0, ._new_command=1, .interrupt_low_vector={ .elems={ 255, 255 } },
    .state_at_last_interrupt_check={ .elems = { 0 } },
    ._gpio_pin_state={ .elems = { 0 } },
    ._gpio_output={ .elems={ 0, 255 } },
    ._gpio_inversion_enable={ .elems = { 0 } },
    ._gpio_direction_config={ .elems = { 0 } },
    ._required_outputs={ .elems={ 255, 255 } },
    ._required_inputs={ .elems = { 0 } },
    .anon_pad$11=0 }), 13)))

State 9 file /Users/user/NVIDIA-OpenSMA/src/nv/emulation/pca9555.cpp line 310 column 5 function update_interrupts thread 0
----------------------------------------------------
  *return_value$_at$7 = ( class nv::emulation::Pca9555 { unsigned int _active_register; unsigned int _active_bank; _Bool _new_command;  struct std::array<unsigned char, 2> { unsigned char [2] elems; }interrupt_low_vector;  struct std::array<unsigned char, 2> { unsigned char [2] elems; }state_at_last_interrupt_check;  struct std::array<unsigned char, 2> { unsigned char [2] elems; }_gpio_pin_state;  struct std::array<unsigned char, 2> { unsigned char [2] elems; }_gpio_output;  struct std::array<unsigned char, 2> { unsigned char [2] elems; }_gpio_inversion_enable;  struct std::array<unsigned char, 2> { unsigned char [2] elems; }_gpio_direction_config;  struct std::array<unsigned char, 2> { unsigned char [2] elems; }_required_outputs;  struct std::array<unsigned char, 2> { unsigned char [2] elems; }_required_inputs; unsigned _ExtInt(24) anon_pad$11; })(byte_update_little_endian((unsigned _ExtInt(224))({ ._active_register=0, ._active_bank=0, ._new_command=1, .interrupt_low_vector={ .elems={ 255, 255 } },
    .state_at_last_interrupt_check={ .elems = { 0 } },
    ._gpio_pin_state={ .elems = { 0 } },
    ._gpio_output={ .elems={ 0, 255 } },
    ._gpio_inversion_enable={ .elems = { 0 } },
    ._gpio_direction_config={ .elems = { 0 } },
    ._required_outputs={ .elems={ 255, 255 } },
    ._required_inputs={ .elems = { 0 } },
    .anon_pad$11=0 }), 9, 255))

State 10 file /Users/user/NVIDIA-OpenSMA/src/nv/emulation/pca9555.cpp line 142 column 5 function i2c_write thread 0
----------------------------------------------------
Violated property:
  file /Users/user/NVIDIA-OpenSMA/src/nv/emulation/pca9555.cpp line 142 column 5 function i2c_write
  (signed int)data_length::1 != 1 && (signed int)data_length::1 <= 3 && (signed int)i >= (signed int)data_length::1
  (signed int)data_length::1 == 1 || (signed int)data_length::1 > 3 || (signed int)i < (signed int)data_length::1

Slicing time: 0.004s (removed 0 assignments)
No solver specified; defaulting to bitwuzla
Solving claim '(signed int)CommandRegister == 0 && (signed int)CommandRegister == 1 && (signed int)CommandRegister == 2 && (signed int)CommandRegister != 3 at file /Users/user/NVIDIA-OpenSMA/src/nv/emulation/pca9555.cpp line 164 column 18 function i2c_write' with solver Bitwuzla 0.8.2
Encoding remaining VCC(s) using bit-vector/floating-point arithmetic
Encoding to solver time: 0.048s
Solving with solver Bitwuzla 0.8.2
Runtime decision procedure: 0.006s
✓ PASSED: '(signed int)CommandRegister == 0 && (signed int)CommandRegister == 1 && (signed int)CommandRegister == 2 && (signed int)CommandRegister != 3 at file /Users/user/NVIDIA-OpenSMA/src/nv/emulation/pca9555.cpp line 164 column 18 function i2c_write'
Slicing time: 0.005s (removed 0 assignments)
No solver specified; defaulting to bitwuzla
Solving claim '(signed int)CommandRegister == 0 && (signed int)CommandRegister == 1 && (signed int)CommandRegister == 2 && (signed int)CommandRegister == 3 at file /Users/user/NVIDIA-OpenSMA/src/nv/emulation/pca9555.cpp line 164 column 18 function i2c_write' with solver Bitwuzla 0.8.2
Encoding remaining VCC(s) using bit-vector/floating-point arithmetic
Encoding to solver time: 0.050s
Solving with solver Bitwuzla 0.8.2
Runtime decision procedure: 0.005s
✓ PASSED: '(signed int)CommandRegister == 0 && (signed int)CommandRegister == 1 && (signed int)CommandRegister == 2 && (signed int)CommandRegister == 3 at file /Users/user/NVIDIA-OpenSMA/src/nv/emulation/pca9555.cpp line 164 column 18 function i2c_write'
Slicing time: 0.005s (removed 0 assignments)
No solver specified; defaulting to bitwuzla
Solving claim '(signed int)CommandRegister != 0 && (signed int)CommandRegister == 1 && (signed int)CommandRegister == 2 && (signed int)CommandRegister != 3 at file /Users/user/NVIDIA-OpenSMA/src/nv/emulation/pca9555.cpp line 164 column 18 function i2c_write' with solver Bitwuzla 0.8.2
Encoding remaining VCC(s) using bit-vector/floating-point arithmetic
Encoding to solver time: 0.050s
Solving with solver Bitwuzla 0.8.2
Runtime decision procedure: 0.005s
✓ PASSED: '(signed int)CommandRegister != 0 && (signed int)CommandRegister == 1 && (signed int)CommandRegister == 2 && (signed int)CommandRegister != 3 at file /Users/user/NVIDIA-OpenSMA/src/nv/emulation/pca9555.cpp line 164 column 18 function i2c_write'
Slicing time: 0.005s (removed 0 assignments)
No solver specified; defaulting to bitwuzla
Solving claim '(signed int)CommandRegister != 0 && (signed int)CommandRegister == 1 && (signed int)CommandRegister == 2 && (signed int)CommandRegister == 3 at file /Users/user/NVIDIA-OpenSMA/src/nv/emulation/pca9555.cpp line 164 column 18 function i2c_write' with solver Bitwuzla 0.8.2
Encoding remaining VCC(s) using bit-vector/floating-point arithmetic
Encoding to solver time: 0.049s
Solving with solver Bitwuzla 0.8.2
Runtime decision procedure: 0.006s
✓ PASSED: '(signed int)CommandRegister != 0 && (signed int)CommandRegister == 1 && (signed int)CommandRegister == 2 && (signed int)CommandRegister == 3 at file /Users/user/NVIDIA-OpenSMA/src/nv/emulation/pca9555.cpp line 164 column 18 function i2c_write'
Slicing time: 0.005s (removed 0 assignments)
No solver specified; defaulting to bitwuzla
Solving claim '(signed int)CommandRegister == 0 && (signed int)CommandRegister != 1 && (signed int)CommandRegister == 2 && (signed int)CommandRegister != 3 at file /Users/user/NVIDIA-OpenSMA/src/nv/emulation/pca9555.cpp line 164 column 18 function i2c_write' with solver Bitwuzla 0.8.2
Encoding remaining VCC(s) using bit-vector/floating-point arithmetic
Encoding to solver time: 0.048s
Solving with solver Bitwuzla 0.8.2
Runtime decision procedure: 0.006s
✓ PASSED: '(signed int)CommandRegister == 0 && (signed int)CommandRegister != 1 && (signed int)CommandRegister == 2 && (signed int)CommandRegister != 3 at file /Users/user/NVIDIA-OpenSMA/src/nv/emulation/pca9555.cpp line 164 column 18 function i2c_write'
Slicing time: 0.005s (removed 0 assignments)
No solver specified; defaulting to bitwuzla
Solving claim '(signed int)CommandRegister == 0 && (signed int)CommandRegister != 1 && (signed int)CommandRegister == 2 && (signed int)CommandRegister == 3 at file /Users/user/NVIDIA-OpenSMA/src/nv/emulation/pca9555.cpp line 164 column 18 function i2c_write' with solver Bitwuzla 0.8.2
Encoding remaining VCC(s) using bit-vector/floating-point arithmetic
Encoding to solver time: 0.050s
Solving with solver Bitwuzla 0.8.2
Runtime decision procedure: 0.006s
✓ PASSED: '(signed int)CommandRegister == 0 && (signed int)CommandRegister != 1 && (signed int)CommandRegister == 2 && (signed int)CommandRegister == 3 at file /Users/user/NVIDIA-OpenSMA/src/nv/emulation/pca9555.cpp line 164 column 18 function i2c_write'
Slicing time: 0.005s (removed 0 assignments)
No solver specified; defaulting to bitwuzla
Solving claim '(signed int)CommandRegister != 0 && (signed int)CommandRegister != 1 && (signed int)CommandRegister == 2 && (signed int)CommandRegister != 3 at file /Users/user/NVIDIA-OpenSMA/src/nv/emulation/pca9555.cpp line 164 column 18 function i2c_write' with solver Bitwuzla 0.8.2
Encoding remaining VCC(s) using bit-vector/floating-point arithmetic
Encoding to solver time: 0.049s
Solving with solver Bitwuzla 0.8.2
Runtime decision procedure: 0.006s
✓ PASSED: '(signed int)CommandRegister != 0 && (signed int)CommandRegister != 1 && (signed int)CommandRegister == 2 && (signed int)CommandRegister != 3 at file /Users/user/NVIDIA-OpenSMA/src/nv/emulation/pca9555.cpp line 164 column 18 function i2c_write'
Slicing time: 0.006s (removed 0 assignments)
No solver specified; defaulting to bitwuzla
Solving claim '(signed int)CommandRegister != 0 && (signed int)CommandRegister != 1 && (signed int)CommandRegister == 2 && (signed int)CommandRegister == 3 at file /Users/user/NVIDIA-OpenSMA/src/nv/emulation/pca9555.cpp line 164 column 18 function i2c_write' with solver Bitwuzla 0.8.2
Encoding remaining VCC(s) using bit-vector/floating-point arithmetic
Encoding to solver time: 0.049s
Solving with solver Bitwuzla 0.8.2
Runtime decision procedure: 0.006s
✓ PASSED: '(signed int)CommandRegister != 0 && (signed int)CommandRegister != 1 && (signed int)CommandRegister == 2 && (signed int)CommandRegister == 3 at file /Users/user/NVIDIA-OpenSMA/src/nv/emulation/pca9555.cpp line 164 column 18 function i2c_write'
Slicing time: 0.005s (removed 0 assignments)
No solver specified; defaulting to bitwuzla
Solving claim '(signed int)CommandRegister == 0 && (signed int)CommandRegister == 1 && (signed int)CommandRegister != 2 && (signed int)CommandRegister != 3 at file /Users/user/NVIDIA-OpenSMA/src/nv/emulation/pca9555.cpp line 164 column 18 function i2c_write' with solver Bitwuzla 0.8.2
Encoding remaining VCC(s) using bit-vector/floating-point arithmetic
Encoding to solver time: 0.049s
Solving with solver Bitwuzla 0.8.2
Runtime decision procedure: 0.006s
✓ PASSED: '(signed int)CommandRegister == 0 && (signed int)CommandRegister == 1 && (signed int)CommandRegister != 2 && (signed int)CommandRegister != 3 at file /Users/user/NVIDIA-OpenSMA/src/nv/emulation/pca9555.cpp line 164 column 18 function i2c_write'
Slicing time: 0.006s (removed 0 assignments)
No solver specified; defaulting to bitwuzla
Solving claim '(signed int)CommandRegister == 0 && (signed int)CommandRegister == 1 && (signed int)CommandRegister != 2 && (signed int)CommandRegister == 3 at file /Users/user/NVIDIA-OpenSMA/src/nv/emulation/pca9555.cpp line 164 column 18 function i2c_write' with solver Bitwuzla 0.8.2
Encoding remaining VCC(s) using bit-vector/floating-point arithmetic
Encoding to solver time: 0.050s
Solving with solver Bitwuzla 0.8.2
Runtime decision procedure: 0.006s
✓ PASSED: '(signed int)CommandRegister == 0 && (signed int)CommandRegister == 1 && (signed int)CommandRegister != 2 && (signed int)CommandRegister == 3 at file /Users/user/NVIDIA-OpenSMA/src/nv/emulation/pca9555.cpp line 164 column 18 function i2c_write'
Slicing time: 0.005s (removed 0 assignments)
No solver specified; defaulting to bitwuzla
Solving claim '(signed int)CommandRegister != 0 && (signed int)CommandRegister == 1 && (signed int)CommandRegister != 2 && (signed int)CommandRegister != 3 at file /Users/user/NVIDIA-OpenSMA/src/nv/emulation/pca9555.cpp line 164 column 18 function i2c_write' with solver Bitwuzla 0.8.2
Encoding remaining VCC(s) using bit-vector/floating-point arithmetic
Encoding to solver time: 0.050s
Solving with solver Bitwuzla 0.8.2
Runtime decision procedure: 0.005s
✓ PASSED: '(signed int)CommandRegister != 0 && (signed int)CommandRegister == 1 && (signed int)CommandRegister != 2 && (signed int)CommandRegister != 3 at file /Users/user/NVIDIA-OpenSMA/src/nv/emulation/pca9555.cpp line 164 column 18 function i2c_write'
Slicing time: 0.005s (removed 0 assignments)
No solver specified; defaulting to bitwuzla
Solving claim '(signed int)CommandRegister != 0 && (signed int)CommandRegister == 1 && (signed int)CommandRegister != 2 && (signed int)CommandRegister == 3 at file /Users/user/NVIDIA-OpenSMA/src/nv/emulation/pca9555.cpp line 164 column 18 function i2c_write' with solver Bitwuzla 0.8.2
Encoding remaining VCC(s) using bit-vector/floating-point arithmetic
Encoding to solver time: 0.048s
Solving with solver Bitwuzla 0.8.2
Runtime decision procedure: 0.006s
✓ PASSED: '(signed int)CommandRegister != 0 && (signed int)CommandRegister == 1 && (signed int)CommandRegister != 2 && (signed int)CommandRegister == 3 at file /Users/user/NVIDIA-OpenSMA/src/nv/emulation/pca9555.cpp line 164 column 18 function i2c_write'
Slicing time: 0.005s (removed 0 assignments)
No solver specified; defaulting to bitwuzla
Solving claim '(signed int)CommandRegister == 0 && (signed int)CommandRegister != 1 && (signed int)CommandRegister != 2 && (signed int)CommandRegister != 3 at file /Users/user/NVIDIA-OpenSMA/src/nv/emulation/pca9555.cpp line 164 column 18 function i2c_write' with solver Bitwuzla 0.8.2
Encoding remaining VCC(s) using bit-vector/floating-point arithmetic
Encoding to solver time: 0.049s
Solving with solver Bitwuzla 0.8.2
Runtime decision procedure: 0.007s
✓ PASSED: '(signed int)CommandRegister == 0 && (signed int)CommandRegister != 1 && (signed int)CommandRegister != 2 && (signed int)CommandRegister != 3 at file /Users/user/NVIDIA-OpenSMA/src/nv/emulation/pca9555.cpp line 164 column 18 function i2c_write'
Slicing time: 0.005s (removed 0 assignments)
No solver specified; defaulting to bitwuzla
Solving claim '(signed int)CommandRegister == 0 && (signed int)CommandRegister != 1 && (signed int)CommandRegister != 2 && (signed int)CommandRegister == 3 at file /Users/user/NVIDIA-OpenSMA/src/nv/emulation/pca9555.cpp line 164 column 18 function i2c_write' with solver Bitwuzla 0.8.2
Encoding remaining VCC(s) using bit-vector/floating-point arithmetic
Encoding to solver time: 0.048s
Solving with solver Bitwuzla 0.8.2
Runtime decision procedure: 0.006s
✓ PASSED: '(signed int)CommandRegister == 0 && (signed int)CommandRegister != 1 && (signed int)CommandRegister != 2 && (signed int)CommandRegister == 3 at file /Users/user/NVIDIA-OpenSMA/src/nv/emulation/pca9555.cpp line 164 column 18 function i2c_write'
Slicing time: 0.005s (removed 0 assignments)
No solver specified; defaulting to bitwuzla
Solving claim '(signed int)i < (signed int)data_length::1 && (signed int)CommandRegister == 0 && (signed int)CommandRegister == 1 && (signed int)CommandRegister != 2 at file /Users/user/NVIDIA-OpenSMA/src/nv/emulation/pca9555.cpp line 158 column 18 function i2c_write' with solver Bitwuzla 0.8.2
Encoding remaining VCC(s) using bit-vector/floating-point arithmetic
Encoding to solver time: 0.047s
Solving with solver Bitwuzla 0.8.2
Runtime decision procedure: 0.006s
✓ PASSED: '(signed int)i < (signed int)data_length::1 && (signed int)CommandRegister == 0 && (signed int)CommandRegister == 1 && (signed int)CommandRegister != 2 at file /Users/user/NVIDIA-OpenSMA/src/nv/emulation/pca9555.cpp line 158 column 18 function i2c_write'
Slicing time: 0.004s (removed 0 assignments)
No solver specified; defaulting to bitwuzla
Solving claim '(signed int)i < (signed int)data_length::1 && (signed int)CommandRegister == 0 && (signed int)CommandRegister == 1 && (signed int)CommandRegister == 2 at file /Users/user/NVIDIA-OpenSMA/src/nv/emulation/pca9555.cpp line 158 column 18 function i2c_write' with solver Bitwuzla 0.8.2
Encoding remaining VCC(s) using bit-vector/floating-point arithmetic
Encoding to solver time: 0.047s
Solving with solver Bitwuzla 0.8.2
Runtime decision procedure: 0.006s
✓ PASSED: '(signed int)i < (signed int)data_length::1 && (signed int)CommandRegister == 0 && (signed int)CommandRegister == 1 && (signed int)CommandRegister == 2 at file /Users/user/NVIDIA-OpenSMA/src/nv/emulation/pca9555.cpp line 158 column 18 function i2c_write'
Slicing time: 0.005s (removed 0 assignments)
No solver specified; defaulting to bitwuzla
Solving claim '(signed int)i < (signed int)data_length::1 && (signed int)CommandRegister != 0 && (signed int)CommandRegister == 1 && (signed int)CommandRegister != 2 at file /Users/user/NVIDIA-OpenSMA/src/nv/emulation/pca9555.cpp line 158 column 18 function i2c_write' with solver Bitwuzla 0.8.2
Encoding remaining VCC(s) using bit-vector/floating-point arithmetic
Encoding to solver time: 0.048s
Solving with solver Bitwuzla 0.8.2
Runtime decision procedure: 0.006s
✓ PASSED: '(signed int)i < (signed int)data_length::1 && (signed int)CommandRegister != 0 && (signed int)CommandRegister == 1 && (signed int)CommandRegister != 2 at file /Users/user/NVIDIA-OpenSMA/src/nv/emulation/pca9555.cpp line 158 column 18 function i2c_write'
Slicing time: 0.006s (removed 0 assignments)
No solver specified; defaulting to bitwuzla
Solving claim '(signed int)i < (signed int)data_length::1 && (signed int)CommandRegister != 0 && (signed int)CommandRegister == 1 && (signed int)CommandRegister == 2 at file /Users/user/NVIDIA-OpenSMA/src/nv/emulation/pca9555.cpp line 158 column 18 function i2c_write' with solver Bitwuzla 0.8.2
Encoding remaining VCC(s) using bit-vector/floating-point arithmetic
Encoding to solver time: 0.048s
Solving with solver Bitwuzla 0.8.2
Runtime decision procedure: 0.005s
✓ PASSED: '(signed int)i < (signed int)data_length::1 && (signed int)CommandRegister != 0 && (signed int)CommandRegister == 1 && (signed int)CommandRegister == 2 at file /Users/user/NVIDIA-OpenSMA/src/nv/emulation/pca9555.cpp line 158 column 18 function i2c_write'
Slicing time: 0.005s (removed 0 assignments)
No solver specified; defaulting to bitwuzla
Solving claim '(signed int)i < (signed int)data_length::1 && (signed int)CommandRegister == 0 && (signed int)CommandRegister != 1 && (signed int)CommandRegister != 2 at file /Users/user/NVIDIA-OpenSMA/src/nv/emulation/pca9555.cpp line 158 column 18 function i2c_write' with solver Bitwuzla 0.8.2
Encoding remaining VCC(s) using bit-vector/floating-point arithmetic
Encoding to solver time: 0.049s
Solving with solver Bitwuzla 0.8.2
Runtime decision procedure: 0.006s
✓ PASSED: '(signed int)i < (signed int)data_length::1 && (signed int)CommandRegister == 0 && (signed int)CommandRegister != 1 && (signed int)CommandRegister != 2 at file /Users/user/NVIDIA-OpenSMA/src/nv/emulation/pca9555.cpp line 158 column 18 function i2c_write'
Slicing time: 0.006s (removed 0 assignments)
No solver specified; defaulting to bitwuzla
Solving claim '(signed int)i < (signed int)data_length::1 && (signed int)CommandRegister == 0 && (signed int)CommandRegister != 1 && (signed int)CommandRegister == 2 at file /Users/user/NVIDIA-OpenSMA/src/nv/emulation/pca9555.cpp line 158 column 18 function i2c_write' with solver Bitwuzla 0.8.2
Encoding remaining VCC(s) using bit-vector/floating-point arithmetic
Encoding to solver time: 0.051s
Solving with solver Bitwuzla 0.8.2
Runtime decision procedure: 0.006s
✓ PASSED: '(signed int)i < (signed int)data_length::1 && (signed int)CommandRegister == 0 && (signed int)CommandRegister != 1 && (signed int)CommandRegister == 2 at file /Users/user/NVIDIA-OpenSMA/src/nv/emulation/pca9555.cpp line 158 column 18 function i2c_write'
Slicing time: 0.006s (removed 0 assignments)
No solver specified; defaulting to bitwuzla
Solving claim '(signed int)data_length::1 <= 3 && (signed int)i < (signed int)data_length::1 && (signed int)CommandRegister == 0 && (signed int)CommandRegister != 1 at file /Users/user/NVIDIA-OpenSMA/src/nv/emulation/pca9555.cpp line 151 column 18 function i2c_write' with solver Bitwuzla 0.8.2
Encoding remaining VCC(s) using bit-vector/floating-point arithmetic
Encoding to solver time: 0.049s
Solving with solver Bitwuzla 0.8.2
Runtime decision procedure: 0.007s
✓ PASSED: '(signed int)data_length::1 <= 3 && (signed int)i < (signed int)data_length::1 && (signed int)CommandRegister == 0 && (signed int)CommandRegister != 1 at file /Users/user/NVIDIA-OpenSMA/src/nv/emulation/pca9555.cpp line 151 column 18 function i2c_write'
Slicing time: 0.005s (removed 0 assignments)
No solver specified; defaulting to bitwuzla
Solving claim '(signed int)data_length::1 <= 3 && (signed int)i < (signed int)data_length::1 && (signed int)CommandRegister == 0 && (signed int)CommandRegister == 1 at file /Users/user/NVIDIA-OpenSMA/src/nv/emulation/pca9555.cpp line 151 column 18 function i2c_write' with solver Bitwuzla 0.8.2
Encoding remaining VCC(s) using bit-vector/floating-point arithmetic
Encoding to solver time: 0.048s
Solving with solver Bitwuzla 0.8.2
Runtime decision procedure: 0.006s
✓ PASSED: '(signed int)data_length::1 <= 3 && (signed int)i < (signed int)data_length::1 && (signed int)CommandRegister == 0 && (signed int)CommandRegister == 1 at file /Users/user/NVIDIA-OpenSMA/src/nv/emulation/pca9555.cpp line 151 column 18 function i2c_write'
Slicing time: 0.005s (removed 0 assignments)
No solver specified; defaulting to bitwuzla
Solving claim '(signed int)data_length::1 != 1 && (signed int)data_length::1 <= 3 && (signed int)i >= (signed int)data_length::1 at file /Users/user/NVIDIA-OpenSMA/src/nv/emulation/pca9555.cpp line 142 column 5 function i2c_write' with solver Bitwuzla 0.8.2
Encoding remaining VCC(s) using bit-vector/floating-point arithmetic
Encoding to solver time: 0.049s
Solving with solver Bitwuzla 0.8.2
Runtime decision procedure: 0.012s
✗ FAILED: '(signed int)data_length::1 != 1 && (signed int)data_length::1 <= 3 && (signed int)i >= (signed int)data_length::1 at file /Users/user/NVIDIA-OpenSMA/src/nv/emulation/pca9555.cpp line 142 column 5 function i2c_write'

[Counterexample]


State 1 file /Users/user/NVIDIA-OpenSMA/verification/harnesses/pca9555_harness.cpp line 91 column 5 function f_direction_constraint thread 0
----------------------------------------------------
  req_out = 0 (00000000)

State 2 file /Users/user/NVIDIA-OpenSMA/verification/harnesses/pca9555_harness.cpp line 92 column 5 function f_direction_constraint thread 0
----------------------------------------------------
  req_in = 255 (11111111)

State 4 file /Users/user/NVIDIA-OpenSMA/verification/harnesses/pca9555_harness.cpp line 96 column 5 function f_direction_constraint thread 0
----------------------------------------------------
  dev = { ._active_register=0, ._active_bank=0, ._new_command=1, .interrupt_low_vector={ .elems={ 255, 255 } },
    .state_at_last_interrupt_check={ .elems = { 0 } },
    ._gpio_pin_state={ .elems = { 0 } },
    ._gpio_output={ .elems={ 255, 255 } },
    ._gpio_inversion_enable={ .elems = { 0 } },
    ._gpio_direction_config={ .elems={ 255, 255 } },
    ._required_outputs={ .elems = { 0 } },
    ._required_inputs={ .elems={ 255, 0 } },
    .anon_pad$11=0 }

State 5 file /Users/user/NVIDIA-OpenSMA/verification/harnesses/pca9555_harness.cpp line 98 column 5 function f_direction_constraint thread 0
----------------------------------------------------
  bank = 0 (00000000 00000000 00000000 00000000)

State 7 file /Users/user/NVIDIA-OpenSMA/verification/harnesses/pca9555_harness.cpp line 99 column 5 function f_direction_constraint thread 0
----------------------------------------------------
  cmd = 6 (00000110)

State 8 file /Users/user/NVIDIA-OpenSMA/verification/harnesses/pca9555_harness.cpp line 101 column 5 function f_direction_constraint thread 0
----------------------------------------------------
  new_dir = 0 (00000000)

State 9 file /Users/user/NVIDIA-OpenSMA/verification/harnesses/pca9555_harness.cpp line 105 column 5 function f_direction_constraint thread 0
----------------------------------------------------
  *return_value$_operator[]$6 = { .elems={ cmd?1!0&0#1, 0, 0, 0, 0, 0, 0, 0, 0, 0, 0, 0, 0, 0, 0, 0, 0, 0, 0, 0, 0, 0, 0, 0, 0, 0, 0, 0, 0, 0, 0, 0, 0, 0, 0 } }

State 10 file /Users/user/NVIDIA-OpenSMA/verification/harnesses/pca9555_harness.cpp line 106 column 5 function f_direction_constraint thread 0
----------------------------------------------------
  *return_value$_operator[]$7 = { .elems = 0 }

State 13 file /Users/user/NVIDIA-OpenSMA/src/nv/emulation/pca9555.cpp line 319 column 5 function correct_direction_violations_and_apply thread 0
----------------------------------------------------
  *return_value$_at$1 = ( class nv::emulation::Pca9555 { unsigned int _active_register; unsigned int _active_bank; _Bool _new_command;  struct std::array<unsigned char, 2> { unsigned char [2] elems; }interrupt_low_vector;  struct std::array<unsigned char, 2> { unsigned char [2] elems; }state_at_last_interrupt_check;  struct std::array<unsigned char, 2> { unsigned char [2] elems; }_gpio_pin_state;  struct std::array<unsigned char, 2> { unsigned char [2] elems; }_gpio_output;  struct std::array<unsigned char, 2> { unsigned char [2] elems; }_gpio_inversion_enable;  struct std::array<unsigned char, 2> { unsigned char [2] elems; }_gpio_direction_config;  struct std::array<unsigned char, 2> { unsigned char [2] elems; }_required_outputs;  struct std::array<unsigned char, 2> { unsigned char [2] elems; }_required_inputs; unsigned _ExtInt(24) anon_pad$11; })(byte_update_little_endian((unsigned _ExtInt(224))({ ._active_register=0, ._active_bank=0, ._new_command=1, .interrupt_low_vector={ .elems={ 255, 255 } },
    .state_at_last_interrupt_check={ .elems = { 0 } },
    ._gpio_pin_state={ .elems = { 0 } },
    ._gpio_output={ .elems={ 255, 255 } },
    ._gpio_inversion_enable={ .elems = { 0 } },
    ._gpio_direction_config={ .elems={ 255, 255 } },
    ._required_outputs={ .elems = { 0 } },
    ._required_inputs={ .elems={ 255, 0 } },
    .anon_pad$11=0 }), 19, (unsigned char)((signed int)((unsigned char)((signed int)(byte_extract_little_endian((unsigned _ExtInt(224))({ ._active_register=0, ._active_bank=0, ._new_command=1, .interrupt_low_vector={ .elems={ 255, 255 } },
    .state_at_last_interrupt_check={ .elems = { 0 } },
    ._gpio_pin_state={ .elems = { 0 } },
    ._gpio_output={ .elems={ 255, 255 } },
    ._gpio_inversion_enable={ .elems = { 0 } },
    ._gpio_direction_config={ .elems={ 255, 255 } },
    ._required_outputs={ .elems = { 0 } },
    ._required_inputs={ .elems={ 255, 0 } },
    .anon_pad$11=0 }), 23)))) & (signed int)((unsigned char)(~((signed int)(byte_extract_little_endian((unsigned _ExtInt(224))({ ._active_register=0, ._active_bank=0, ._new_command=1, .interrupt_low_vector={ .elems={ 255, 255 } },
    .state_at_last_interrupt_check={ .elems = { 0 } },
    ._gpio_pin_state={ .elems = { 0 } },
    ._gpio_output={ .elems={ 255, 255 } },
    ._gpio_inversion_enable={ .elems = { 0 } },
    ._gpio_direction_config={ .elems={ 255, 255 } },
    ._required_outputs={ .elems = { 0 } },
    ._required_inputs={ .elems={ 255, 0 } },
    .anon_pad$11=0 }), 21))))))))

State 14 file /Users/user/NVIDIA-OpenSMA/src/nv/emulation/pca9555.cpp line 268 column 5 function propagate_output_or_direction_change thread 0
----------------------------------------------------
  *return_value$_at$1 = ( class nv::emulation::Pca9555 { unsigned int _active_register; unsigned int _active_bank; _Bool _new_command;  struct std::array<unsigned char, 2> { unsigned char [2] elems; }interrupt_low_vector;  struct std::array<unsigned char, 2> { unsigned char [2] elems; }state_at_last_interrupt_check;  struct std::array<unsigned char, 2> { unsigned char [2] elems; }_gpio_pin_state;  struct std::array<unsigned char, 2> { unsigned char [2] elems; }_gpio_output;  struct std::array<unsigned char, 2> { unsigned char [2] elems; }_gpio_inversion_enable;  struct std::array<unsigned char, 2> { unsigned char [2] elems; }_gpio_direction_config;  struct std::array<unsigned char, 2> { unsigned char [2] elems; }_required_outputs;  struct std::array<unsigned char, 2> { unsigned char [2] elems; }_required_inputs; unsigned _ExtInt(24) anon_pad$11; })(byte_update_little_endian((unsigned _ExtInt(224))({ ._active_register=0, ._active_bank=0, ._new_command=1, .interrupt_low_vector={ .elems={ 255, 255 } },
    .state_at_last_interrupt_check={ .elems = { 0 } },
    ._gpio_pin_state={ .elems = { 0 } },
    ._gpio_output={ .elems={ 255, 255 } },
    ._gpio_inversion_enable={ .elems = { 0 } },
    ._gpio_direction_config={ .elems={ 255, 255 } },
    ._required_outputs={ .elems = { 0 } },
    ._required_inputs={ .elems={ 255, 0 } },
    .anon_pad$11=0 }), 13, (unsigned char)((signed int)((unsigned char)((signed int)(byte_extract_little_endian((unsigned _ExtInt(224))({ ._active_register=0, ._active_bank=0, ._new_command=1, .interrupt_low_vector={ .elems={ 255, 255 } },
    .state_at_last_interrupt_check={ .elems = { 0 } },
    ._gpio_pin_state={ .elems = { 0 } },
    ._gpio_output={ .elems={ 255, 255 } },
    ._gpio_inversion_enable={ .elems = { 0 } },
    ._gpio_direction_config={ .elems={ 255, 255 } },
    ._required_outputs={ .elems = { 0 } },
    ._required_inputs={ .elems={ 255, 0 } },
    .anon_pad$11=0 }), 15)) & (signed int)((unsigned char)(~((signed int)(byte_extract_little_endian((unsigned _ExtInt(224))({ ._active_register=0, ._active_bank=0, ._new_command=1, .interrupt_low_vector={ .elems={ 255, 255 } },
    .state_at_last_interrupt_check={ .elems = { 0 } },
    ._gpio_pin_state={ .elems = { 0 } },
    ._gpio_output={ .elems={ 255, 255 } },
    ._gpio_inversion_enable={ .elems = { 0 } },
    ._gpio_direction_config={ .elems={ 255, 255 } },
    ._required_outputs={ .elems = { 0 } },
    ._required_inputs={ .elems={ 255, 0 } },
    .anon_pad$11=0 }), 19))))))) | (signed int)((unsigned char)((signed int)(byte_extract_little_endian((unsigned _ExtInt(224))({ ._active_register=0, ._active_bank=0, ._new_command=1, .interrupt_low_vector={ .elems={ 255, 255 } },
    .state_at_last_interrupt_check={ .elems = { 0 } },
    ._gpio_pin_state={ .elems = { 0 } },
    ._gpio_output={ .elems={ 255, 255 } },
    ._gpio_inversion_enable={ .elems = { 0 } },
    ._gpio_direction_config={ .elems={ 255, 255 } },
    ._required_outputs={ .elems = { 0 } },
    ._required_inputs={ .elems={ 255, 0 } },
    .anon_pad$11=0 }), 13)) & (signed int)(byte_extract_little_endian((unsigned _ExtInt(224))({ ._active_register=0, ._active_bank=0, ._new_command=1, .interrupt_low_vector={ .elems={ 255, 255 } },
    .state_at_last_interrupt_check={ .elems = { 0 } },
    ._gpio_pin_state={ .elems = { 0 } },
    ._gpio_output={ .elems={ 255, 255 } },
    ._gpio_inversion_enable={ .elems = { 0 } },
    ._gpio_direction_config={ .elems={ 255, 255 } },
    ._required_outputs={ .elems = { 0 } },
    ._required_inputs={ .elems={ 255, 0 } },
    .anon_pad$11=0 }), 19)))))))

State 15 file /Users/user/NVIDIA-OpenSMA/src/nv/emulation/pca9555.cpp line 307 column 5 function update_interrupts thread 0
----------------------------------------------------
  *return_value$_at$5 = ( class nv::emulation::Pca9555 { unsigned int _active_register; unsigned int _active_bank; _Bool _new_command;  struct std::array<unsigned char, 2> { unsigned char [2] elems; }interrupt_low_vector;  struct std::array<unsigned char, 2> { unsigned char [2] elems; }state_at_last_interrupt_check;  struct std::array<unsigned char, 2> { unsigned char [2] elems; }_gpio_pin_state;  struct std::array<unsigned char, 2> { unsigned char [2] elems; }_gpio_output;  struct std::array<unsigned char, 2> { unsigned char [2] elems; }_gpio_inversion_enable;  struct std::array<unsigned char, 2> { unsigned char [2] elems; }_gpio_direction_config;  struct std::array<unsigned char, 2> { unsigned char [2] elems; }_required_outputs;  struct std::array<unsigned char, 2> { unsigned char [2] elems; }_required_inputs; unsigned _ExtInt(24) anon_pad$11; })(byte_update_little_endian((unsigned _ExtInt(224))({ ._active_register=0, ._active_bank=0, ._new_command=1, .interrupt_low_vector={ .elems={ 255, 255 } },
    .state_at_last_interrupt_check={ .elems = { 0 } },
    ._gpio_pin_state={ .elems = { 0 } },
    ._gpio_output={ .elems={ 255, 255 } },
    ._gpio_inversion_enable={ .elems = { 0 } },
    ._gpio_direction_config={ .elems={ 255, 255 } },
    ._required_outputs={ .elems = { 0 } },
    ._required_inputs={ .elems={ 255, 0 } },
    .anon_pad$11=0 }), 11, byte_extract_little_endian((unsigned _ExtInt(224))({ ._active_register=0, ._active_bank=0, ._new_command=1, .interrupt_low_vector={ .elems={ 255, 255 } },
    .state_at_last_interrupt_check={ .elems = { 0 } },
    ._gpio_pin_state={ .elems = { 0 } },
    ._gpio_output={ .elems={ 255, 255 } },
    ._gpio_inversion_enable={ .elems = { 0 } },
    ._gpio_direction_config={ .elems={ 255, 255 } },
    ._required_outputs={ .elems = { 0 } },
    ._required_inputs={ .elems={ 255, 0 } },
    .anon_pad$11=0 }), 13)))

State 16 file /Users/user/NVIDIA-OpenSMA/src/nv/emulation/pca9555.cpp line 310 column 5 function update_interrupts thread 0
----------------------------------------------------
  *return_value$_at$7 = ( class nv::emulation::Pca9555 { unsigned int _active_register; unsigned int _active_bank; _Bool _new_command;  struct std::array<unsigned char, 2> { unsigned char [2] elems; }interrupt_low_vector;  struct std::array<unsigned char, 2> { unsigned char [2] elems; }state_at_last_interrupt_check;  struct std::array<unsigned char, 2> { unsigned char [2] elems; }_gpio_pin_state;  struct std::array<unsigned char, 2> { unsigned char [2] elems; }_gpio_output;  struct std::array<unsigned char, 2> { unsigned char [2] elems; }_gpio_inversion_enable;  struct std::array<unsigned char, 2> { unsigned char [2] elems; }_gpio_direction_config;  struct std::array<unsigned char, 2> { unsigned char [2] elems; }_required_outputs;  struct std::array<unsigned char, 2> { unsigned char [2] elems; }_required_inputs; unsigned _ExtInt(24) anon_pad$11; })(byte_update_little_endian((unsigned _ExtInt(224))({ ._active_register=0, ._active_bank=0, ._new_command=1, .interrupt_low_vector={ .elems={ 255, 255 } },
    .state_at_last_interrupt_check={ .elems = { 0 } },
    ._gpio_pin_state={ .elems = { 0 } },
    ._gpio_output={ .elems={ 255, 255 } },
    ._gpio_inversion_enable={ .elems = { 0 } },
    ._gpio_direction_config={ .elems={ 255, 255 } },
    ._required_outputs={ .elems = { 0 } },
    ._required_inputs={ .elems={ 255, 0 } },
    .anon_pad$11=0 }), 9, 255))

State 17 file /Users/user/NVIDIA-OpenSMA/src/nv/emulation/pca9555.cpp line 142 column 5 function i2c_write thread 0
----------------------------------------------------
Violated property:
  file /Users/user/NVIDIA-OpenSMA/src/nv/emulation/pca9555.cpp line 142 column 5 function i2c_write
  (signed int)data_length::1 != 1 && (signed int)data_length::1 <= 3 && (signed int)i >= (signed int)data_length::1

Slicing time: 0.005s (removed 0 assignments)
No solver specified; defaulting to bitwuzla
Solving claim '(signed int)CommandRegister == 0 && (signed int)CommandRegister == 1 && (signed int)CommandRegister == 2 && (signed int)CommandRegister != 3 at file /Users/user/NVIDIA-OpenSMA/src/nv/emulation/pca9555.cpp line 164 column 18 function i2c_write' with solver Bitwuzla 0.8.2
Encoding remaining VCC(s) using bit-vector/floating-point arithmetic
Encoding to solver time: 0.048s
Solving with solver Bitwuzla 0.8.2
Runtime decision procedure: 0.009s
✓ PASSED: '(signed int)CommandRegister == 0 && (signed int)CommandRegister == 1 && (signed int)CommandRegister == 2 && (signed int)CommandRegister != 3 at file /Users/user/NVIDIA-OpenSMA/src/nv/emulation/pca9555.cpp line 164 column 18 function i2c_write'
Slicing time: 0.005s (removed 0 assignments)
No solver specified; defaulting to bitwuzla
Solving claim '(signed int)CommandRegister == 0 && (signed int)CommandRegister == 1 && (signed int)CommandRegister == 2 && (signed int)CommandRegister == 3 at file /Users/user/NVIDIA-OpenSMA/src/nv/emulation/pca9555.cpp line 164 column 18 function i2c_write' with solver Bitwuzla 0.8.2
Encoding remaining VCC(s) using bit-vector/floating-point arithmetic
Encoding to solver time: 0.048s
Solving with solver Bitwuzla 0.8.2
Runtime decision procedure: 0.010s
✓ PASSED: '(signed int)CommandRegister == 0 && (signed int)CommandRegister == 1 && (signed int)CommandRegister == 2 && (signed int)CommandRegister == 3 at file /Users/user/NVIDIA-OpenSMA/src/nv/emulation/pca9555.cpp line 164 column 18 function i2c_write'
Slicing time: 0.006s (removed 0 assignments)
No solver specified; defaulting to bitwuzla
Solving claim '(signed int)CommandRegister != 0 && (signed int)CommandRegister == 1 && (signed int)CommandRegister == 2 && (signed int)CommandRegister != 3 at file /Users/user/NVIDIA-OpenSMA/src/nv/emulation/pca9555.cpp line 164 column 18 function i2c_write' with solver Bitwuzla 0.8.2
Encoding remaining VCC(s) using bit-vector/floating-point arithmetic
Encoding to solver time: 0.051s
Solving with solver Bitwuzla 0.8.2
Runtime decision procedure: 0.010s
✓ PASSED: '(signed int)CommandRegister != 0 && (signed int)CommandRegister == 1 && (signed int)CommandRegister == 2 && (signed int)CommandRegister != 3 at file /Users/user/NVIDIA-OpenSMA/src/nv/emulation/pca9555.cpp line 164 column 18 function i2c_write'
Slicing time: 0.005s (removed 0 assignments)
No solver specified; defaulting to bitwuzla
Solving claim '(signed int)CommandRegister != 0 && (signed int)CommandRegister == 1 && (signed int)CommandRegister == 2 && (signed int)CommandRegister == 3 at file /Users/user/NVIDIA-OpenSMA/src/nv/emulation/pca9555.cpp line 164 column 18 function i2c_write' with solver Bitwuzla 0.8.2
Encoding remaining VCC(s) using bit-vector/floating-point arithmetic
Encoding to solver time: 0.049s
Solving with solver Bitwuzla 0.8.2
Runtime decision procedure: 0.009s
✓ PASSED: '(signed int)CommandRegister != 0 && (signed int)CommandRegister == 1 && (signed int)CommandRegister == 2 && (signed int)CommandRegister == 3 at file /Users/user/NVIDIA-OpenSMA/src/nv/emulation/pca9555.cpp line 164 column 18 function i2c_write'
Slicing time: 0.005s (removed 0 assignments)
No solver specified; defaulting to bitwuzla
Solving claim '(signed int)CommandRegister == 0 && (signed int)CommandRegister != 1 && (signed int)CommandRegister == 2 && (signed int)CommandRegister != 3 at file /Users/user/NVIDIA-OpenSMA/src/nv/emulation/pca9555.cpp line 164 column 18 function i2c_write' with solver Bitwuzla 0.8.2
Encoding remaining VCC(s) using bit-vector/floating-point arithmetic
Encoding to solver time: 0.049s
Solving with solver Bitwuzla 0.8.2
Runtime decision procedure: 0.011s
✓ PASSED: '(signed int)CommandRegister == 0 && (signed int)CommandRegister != 1 && (signed int)CommandRegister == 2 && (signed int)CommandRegister != 3 at file /Users/user/NVIDIA-OpenSMA/src/nv/emulation/pca9555.cpp line 164 column 18 function i2c_write'
Slicing time: 0.005s (removed 0 assignments)
No solver specified; defaulting to bitwuzla
Solving claim '(signed int)CommandRegister == 0 && (signed int)CommandRegister != 1 && (signed int)CommandRegister == 2 && (signed int)CommandRegister == 3 at file /Users/user/NVIDIA-OpenSMA/src/nv/emulation/pca9555.cpp line 164 column 18 function i2c_write' with solver Bitwuzla 0.8.2
Encoding remaining VCC(s) using bit-vector/floating-point arithmetic
Encoding to solver time: 0.049s
Solving with solver Bitwuzla 0.8.2
Runtime decision procedure: 0.010s
✓ PASSED: '(signed int)CommandRegister == 0 && (signed int)CommandRegister != 1 && (signed int)CommandRegister == 2 && (signed int)CommandRegister == 3 at file /Users/user/NVIDIA-OpenSMA/src/nv/emulation/pca9555.cpp line 164 column 18 function i2c_write'
Slicing time: 0.006s (removed 0 assignments)
No solver specified; defaulting to bitwuzla
Solving claim '(signed int)CommandRegister != 0 && (signed int)CommandRegister != 1 && (signed int)CommandRegister == 2 && (signed int)CommandRegister != 3 at file /Users/user/NVIDIA-OpenSMA/src/nv/emulation/pca9555.cpp line 164 column 18 function i2c_write' with solver Bitwuzla 0.8.2
Encoding remaining VCC(s) using bit-vector/floating-point arithmetic
Encoding to solver time: 0.049s
Solving with solver Bitwuzla 0.8.2
Runtime decision procedure: 0.010s
✓ PASSED: '(signed int)CommandRegister != 0 && (signed int)CommandRegister != 1 && (signed int)CommandRegister == 2 && (signed int)CommandRegister != 3 at file /Users/user/NVIDIA-OpenSMA/src/nv/emulation/pca9555.cpp line 164 column 18 function i2c_write'
Slicing time: 0.005s (removed 0 assignments)
No solver specified; defaulting to bitwuzla
Solving claim '(signed int)CommandRegister != 0 && (signed int)CommandRegister != 1 && (signed int)CommandRegister == 2 && (signed int)CommandRegister == 3 at file /Users/user/NVIDIA-OpenSMA/src/nv/emulation/pca9555.cpp line 164 column 18 function i2c_write' with solver Bitwuzla 0.8.2
Encoding remaining VCC(s) using bit-vector/floating-point arithmetic
Encoding to solver time: 0.048s
Solving with solver Bitwuzla 0.8.2
Runtime decision procedure: 0.010s
✓ PASSED: '(signed int)CommandRegister != 0 && (signed int)CommandRegister != 1 && (signed int)CommandRegister == 2 && (signed int)CommandRegister == 3 at file /Users/user/NVIDIA-OpenSMA/src/nv/emulation/pca9555.cpp line 164 column 18 function i2c_write'
Slicing time: 0.005s (removed 0 assignments)
No solver specified; defaulting to bitwuzla
Solving claim '(signed int)CommandRegister == 0 && (signed int)CommandRegister == 1 && (signed int)CommandRegister != 2 && (signed int)CommandRegister != 3 at file /Users/user/NVIDIA-OpenSMA/src/nv/emulation/pca9555.cpp line 164 column 18 function i2c_write' with solver Bitwuzla 0.8.2
Encoding remaining VCC(s) using bit-vector/floating-point arithmetic
Encoding to solver time: 0.050s
Solving with solver Bitwuzla 0.8.2
Runtime decision procedure: 0.010s
✓ PASSED: '(signed int)CommandRegister == 0 && (signed int)CommandRegister == 1 && (signed int)CommandRegister != 2 && (signed int)CommandRegister != 3 at file /Users/user/NVIDIA-OpenSMA/src/nv/emulation/pca9555.cpp line 164 column 18 function i2c_write'
Slicing time: 0.006s (removed 0 assignments)
No solver specified; defaulting to bitwuzla
Solving claim '(signed int)CommandRegister == 0 && (signed int)CommandRegister == 1 && (signed int)CommandRegister != 2 && (signed int)CommandRegister == 3 at file /Users/user/NVIDIA-OpenSMA/src/nv/emulation/pca9555.cpp line 164 column 18 function i2c_write' with solver Bitwuzla 0.8.2
Encoding remaining VCC(s) using bit-vector/floating-point arithmetic
Encoding to solver time: 0.050s
Solving with solver Bitwuzla 0.8.2
Runtime decision procedure: 0.010s
✓ PASSED: '(signed int)CommandRegister == 0 && (signed int)CommandRegister == 1 && (signed int)CommandRegister != 2 && (signed int)CommandRegister == 3 at file /Users/user/NVIDIA-OpenSMA/src/nv/emulation/pca9555.cpp line 164 column 18 function i2c_write'
Slicing time: 0.005s (removed 0 assignments)
No solver specified; defaulting to bitwuzla
Solving claim '(signed int)CommandRegister != 0 && (signed int)CommandRegister == 1 && (signed int)CommandRegister != 2 && (signed int)CommandRegister != 3 at file /Users/user/NVIDIA-OpenSMA/src/nv/emulation/pca9555.cpp line 164 column 18 function i2c_write' with solver Bitwuzla 0.8.2
Encoding remaining VCC(s) using bit-vector/floating-point arithmetic
Encoding to solver time: 0.051s
Solving with solver Bitwuzla 0.8.2
Runtime decision procedure: 0.010s
✓ PASSED: '(signed int)CommandRegister != 0 && (signed int)CommandRegister == 1 && (signed int)CommandRegister != 2 && (signed int)CommandRegister != 3 at file /Users/user/NVIDIA-OpenSMA/src/nv/emulation/pca9555.cpp line 164 column 18 function i2c_write'
Slicing time: 0.005s (removed 0 assignments)
No solver specified; defaulting to bitwuzla
Solving claim '(signed int)CommandRegister != 0 && (signed int)CommandRegister == 1 && (signed int)CommandRegister != 2 && (signed int)CommandRegister == 3 at file /Users/user/NVIDIA-OpenSMA/src/nv/emulation/pca9555.cpp line 164 column 18 function i2c_write' with solver Bitwuzla 0.8.2
Encoding remaining VCC(s) using bit-vector/floating-point arithmetic
Encoding to solver time: 0.047s
Solving with solver Bitwuzla 0.8.2
Runtime decision procedure: 0.009s
✓ PASSED: '(signed int)CommandRegister != 0 && (signed int)CommandRegister == 1 && (signed int)CommandRegister != 2 && (signed int)CommandRegister == 3 at file /Users/user/NVIDIA-OpenSMA/src/nv/emulation/pca9555.cpp line 164 column 18 function i2c_write'
Slicing time: 0.006s (removed 0 assignments)
No solver specified; defaulting to bitwuzla
Solving claim '(signed int)CommandRegister == 0 && (signed int)CommandRegister != 1 && (signed int)CommandRegister != 2 && (signed int)CommandRegister != 3 at file /Users/user/NVIDIA-OpenSMA/src/nv/emulation/pca9555.cpp line 164 column 18 function i2c_write' with solver Bitwuzla 0.8.2
Encoding remaining VCC(s) using bit-vector/floating-point arithmetic
Encoding to solver time: 0.048s
Solving with solver Bitwuzla 0.8.2
Runtime decision procedure: 0.011s
✓ PASSED: '(signed int)CommandRegister == 0 && (signed int)CommandRegister != 1 && (signed int)CommandRegister != 2 && (signed int)CommandRegister != 3 at file /Users/user/NVIDIA-OpenSMA/src/nv/emulation/pca9555.cpp line 164 column 18 function i2c_write'
Slicing time: 0.005s (removed 0 assignments)
No solver specified; defaulting to bitwuzla
Solving claim '(signed int)CommandRegister == 0 && (signed int)CommandRegister != 1 && (signed int)CommandRegister != 2 && (signed int)CommandRegister == 3 at file /Users/user/NVIDIA-OpenSMA/src/nv/emulation/pca9555.cpp line 164 column 18 function i2c_write' with solver Bitwuzla 0.8.2
Encoding remaining VCC(s) using bit-vector/floating-point arithmetic
Encoding to solver time: 0.049s
Solving with solver Bitwuzla 0.8.2
Runtime decision procedure: 0.010s
✓ PASSED: '(signed int)CommandRegister == 0 && (signed int)CommandRegister != 1 && (signed int)CommandRegister != 2 && (signed int)CommandRegister == 3 at file /Users/user/NVIDIA-OpenSMA/src/nv/emulation/pca9555.cpp line 164 column 18 function i2c_write'
Slicing time: 0.006s (removed 0 assignments)
No solver specified; defaulting to bitwuzla
Solving claim '(signed int)i < (signed int)data_length::1 && (signed int)CommandRegister == 0 && (signed int)CommandRegister == 1 && (signed int)CommandRegister != 2 at file /Users/user/NVIDIA-OpenSMA/src/nv/emulation/pca9555.cpp line 158 column 18 function i2c_write' with solver Bitwuzla 0.8.2
Encoding remaining VCC(s) using bit-vector/floating-point arithmetic
Encoding to solver time: 0.050s
Solving with solver Bitwuzla 0.8.2
Runtime decision procedure: 0.010s
✓ PASSED: '(signed int)i < (signed int)data_length::1 && (signed int)CommandRegister == 0 && (signed int)CommandRegister == 1 && (signed int)CommandRegister != 2 at file /Users/user/NVIDIA-OpenSMA/src/nv/emulation/pca9555.cpp line 158 column 18 function i2c_write'
Slicing time: 0.005s (removed 0 assignments)
No solver specified; defaulting to bitwuzla
Solving claim '(signed int)i < (signed int)data_length::1 && (signed int)CommandRegister == 0 && (signed int)CommandRegister == 1 && (signed int)CommandRegister == 2 at file /Users/user/NVIDIA-OpenSMA/src/nv/emulation/pca9555.cpp line 158 column 18 function i2c_write' with solver Bitwuzla 0.8.2
Encoding remaining VCC(s) using bit-vector/floating-point arithmetic
Encoding to solver time: 0.048s
Solving with solver Bitwuzla 0.8.2
Runtime decision procedure: 0.010s
✓ PASSED: '(signed int)i < (signed int)data_length::1 && (signed int)CommandRegister == 0 && (signed int)CommandRegister == 1 && (signed int)CommandRegister == 2 at file /Users/user/NVIDIA-OpenSMA/src/nv/emulation/pca9555.cpp line 158 column 18 function i2c_write'
Slicing time: 0.005s (removed 0 assignments)
No solver specified; defaulting to bitwuzla
Solving claim '(signed int)i < (signed int)data_length::1 && (signed int)CommandRegister != 0 && (signed int)CommandRegister == 1 && (signed int)CommandRegister != 2 at file /Users/user/NVIDIA-OpenSMA/src/nv/emulation/pca9555.cpp line 158 column 18 function i2c_write' with solver Bitwuzla 0.8.2
Encoding remaining VCC(s) using bit-vector/floating-point arithmetic
Encoding to solver time: 0.049s
Solving with solver Bitwuzla 0.8.2
Runtime decision procedure: 0.009s
✓ PASSED: '(signed int)i < (signed int)data_length::1 && (signed int)CommandRegister != 0 && (signed int)CommandRegister == 1 && (signed int)CommandRegister != 2 at file /Users/user/NVIDIA-OpenSMA/src/nv/emulation/pca9555.cpp line 158 column 18 function i2c_write'
Slicing time: 0.005s (removed 0 assignments)
No solver specified; defaulting to bitwuzla
Solving claim '(signed int)i < (signed int)data_length::1 && (signed int)CommandRegister != 0 && (signed int)CommandRegister == 1 && (signed int)CommandRegister == 2 at file /Users/user/NVIDIA-OpenSMA/src/nv/emulation/pca9555.cpp line 158 column 18 function i2c_write' with solver Bitwuzla 0.8.2
Encoding remaining VCC(s) using bit-vector/floating-point arithmetic
Encoding to solver time: 0.048s
Solving with solver Bitwuzla 0.8.2
Runtime decision procedure: 0.010s
✓ PASSED: '(signed int)i < (signed int)data_length::1 && (signed int)CommandRegister != 0 && (signed int)CommandRegister == 1 && (signed int)CommandRegister == 2 at file /Users/user/NVIDIA-OpenSMA/src/nv/emulation/pca9555.cpp line 158 column 18 function i2c_write'
Slicing time: 0.005s (removed 0 assignments)
No solver specified; defaulting to bitwuzla
Solving claim '(signed int)i < (signed int)data_length::1 && (signed int)CommandRegister == 0 && (signed int)CommandRegister != 1 && (signed int)CommandRegister != 2 at file /Users/user/NVIDIA-OpenSMA/src/nv/emulation/pca9555.cpp line 158 column 18 function i2c_write' with solver Bitwuzla 0.8.2
Encoding remaining VCC(s) using bit-vector/floating-point arithmetic
Encoding to solver time: 0.050s
Solving with solver Bitwuzla 0.8.2
Runtime decision procedure: 0.011s
✓ PASSED: '(signed int)i < (signed int)data_length::1 && (signed int)CommandRegister == 0 && (signed int)CommandRegister != 1 && (signed int)CommandRegister != 2 at file /Users/user/NVIDIA-OpenSMA/src/nv/emulation/pca9555.cpp line 158 column 18 function i2c_write'
Slicing time: 0.005s (removed 0 assignments)
No solver specified; defaulting to bitwuzla
Solving claim '(signed int)i < (signed int)data_length::1 && (signed int)CommandRegister == 0 && (signed int)CommandRegister != 1 && (signed int)CommandRegister == 2 at file /Users/user/NVIDIA-OpenSMA/src/nv/emulation/pca9555.cpp line 158 column 18 function i2c_write' with solver Bitwuzla 0.8.2
Encoding remaining VCC(s) using bit-vector/floating-point arithmetic
Encoding to solver time: 0.049s
Solving with solver Bitwuzla 0.8.2
Runtime decision procedure: 0.010s
✓ PASSED: '(signed int)i < (signed int)data_length::1 && (signed int)CommandRegister == 0 && (signed int)CommandRegister != 1 && (signed int)CommandRegister == 2 at file /Users/user/NVIDIA-OpenSMA/src/nv/emulation/pca9555.cpp line 158 column 18 function i2c_write'
Slicing time: 0.005s (removed 0 assignments)
No solver specified; defaulting to bitwuzla
Solving claim '(signed int)data_length::1 <= 3 && (signed int)i < (signed int)data_length::1 && (signed int)CommandRegister == 0 && (signed int)CommandRegister != 1 at file /Users/user/NVIDIA-OpenSMA/src/nv/emulation/pca9555.cpp line 151 column 18 function i2c_write' with solver Bitwuzla 0.8.2
Encoding remaining VCC(s) using bit-vector/floating-point arithmetic
Encoding to solver time: 0.048s
Solving with solver Bitwuzla 0.8.2
Runtime decision procedure: 0.010s
✓ PASSED: '(signed int)data_length::1 <= 3 && (signed int)i < (signed int)data_length::1 && (signed int)CommandRegister == 0 && (signed int)CommandRegister != 1 at file /Users/user/NVIDIA-OpenSMA/src/nv/emulation/pca9555.cpp line 151 column 18 function i2c_write'
Slicing time: 0.005s (removed 0 assignments)
No solver specified; defaulting to bitwuzla
Solving claim '(signed int)data_length::1 <= 3 && (signed int)i < (signed int)data_length::1 && (signed int)CommandRegister == 0 && (signed int)CommandRegister == 1 at file /Users/user/NVIDIA-OpenSMA/src/nv/emulation/pca9555.cpp line 151 column 18 function i2c_write' with solver Bitwuzla 0.8.2
Encoding remaining VCC(s) using bit-vector/floating-point arithmetic
Encoding to solver time: 0.047s
Solving with solver Bitwuzla 0.8.2
Runtime decision procedure: 0.010s
✓ PASSED: '(signed int)data_length::1 <= 3 && (signed int)i < (signed int)data_length::1 && (signed int)CommandRegister == 0 && (signed int)CommandRegister == 1 at file /Users/user/NVIDIA-OpenSMA/src/nv/emulation/pca9555.cpp line 151 column 18 function i2c_write'
Slicing time: 0.005s (removed 0 assignments)
No solver specified; defaulting to bitwuzla
Solving claim '(signed int)data_length::1 != 1 && (signed int)data_length::1 <= 3 && (signed int)i >= (signed int)data_length::1 at file /Users/user/NVIDIA-OpenSMA/src/nv/emulation/pca9555.cpp line 142 column 5 function i2c_write' with solver Bitwuzla 0.8.2
Encoding remaining VCC(s) using bit-vector/floating-point arithmetic
Encoding to solver time: 0.047s
Solving with solver Bitwuzla 0.8.2
Runtime decision procedure: 0.010s
✗ FAILED: '(signed int)data_length::1 != 1 && (signed int)data_length::1 <= 3 && (signed int)i >= (signed int)data_length::1 at file /Users/user/NVIDIA-OpenSMA/src/nv/emulation/pca9555.cpp line 142 column 5 function i2c_write'

[Counterexample]


State 1 file /Users/user/NVIDIA-OpenSMA/verification/harnesses/pca9555_harness.cpp line 43 column 5 function f_totality thread 0
----------------------------------------------------
  init = 0 (00000000 00000000)

State 2 file /Users/user/NVIDIA-OpenSMA/verification/harnesses/pca9555_harness.cpp line 44 column 5 function f_totality thread 0
----------------------------------------------------
  out_m = 0 (00000000 00000000)

State 3 file /Users/user/NVIDIA-OpenSMA/verification/harnesses/pca9555_harness.cpp line 45 column 5 function f_totality thread 0
----------------------------------------------------
  in_m = 0 (00000000 00000000)

State 4 file /Users/user/NVIDIA-OpenSMA/verification/harnesses/pca9555_harness.cpp line 46 column 5 function f_totality thread 0
----------------------------------------------------
  dev = { ._active_register=0, ._active_bank=0, ._new_command=1, .interrupt_low_vector={ .elems={ 255, 255 } },
    .state_at_last_interrupt_check={ .elems = { 0 } },
    ._gpio_pin_state={ .elems = { 0 } },
    ._gpio_output={ .elems={ 255, 255 } },
    ._gpio_inversion_enable={ .elems = { 0 } },
    ._gpio_direction_config={ .elems={ 255, 255 } },
    ._required_outputs={ .elems = { 0 } },
    ._required_inputs={ .elems = { 0 } },
    .anon_pad$11=0 }

State 5 file /Users/user/NVIDIA-OpenSMA/src/nv/emulation/pca9555.cpp line 80 column 5 function i2c_read thread 0
----------------------------------------------------
  this->_new_command = { ._active_register=0, ._active_bank=0, ._new_command=0, .interrupt_low_vector={ .elems={ 255, 255 } },
    .state_at_last_interrupt_check={ .elems = { 0 } },
    ._gpio_pin_state={ .elems = { 0 } },
    ._gpio_output={ .elems={ 255, 255 } },
    ._gpio_inversion_enable={ .elems = { 0 } },
    ._gpio_direction_config={ .elems={ 255, 255 } },
    ._required_outputs={ .elems = { 0 } },
    ._required_inputs={ .elems = { 0 } },
    .anon_pad$11=0 }

State 6 file /Users/user/NVIDIA-OpenSMA/src/nv/emulation/pca9555.cpp line 87 column 13 function i2c_read thread 0
----------------------------------------------------
  *return_value$_at$3 = ( class nv::emulation::Pca9555 { unsigned int _active_register; unsigned int _active_bank; _Bool _new_command;  struct std::array<unsigned char, 2> { unsigned char [2] elems; }interrupt_low_vector;  struct std::array<unsigned char, 2> { unsigned char [2] elems; }state_at_last_interrupt_check;  struct std::array<unsigned char, 2> { unsigned char [2] elems; }_gpio_pin_state;  struct std::array<unsigned char, 2> { unsigned char [2] elems; }_gpio_output;  struct std::array<unsigned char, 2> { unsigned char [2] elems; }_gpio_inversion_enable;  struct std::array<unsigned char, 2> { unsigned char [2] elems; }_gpio_direction_config;  struct std::array<unsigned char, 2> { unsigned char [2] elems; }_required_outputs;  struct std::array<unsigned char, 2> { unsigned char [2] elems; }_required_inputs; unsigned _ExtInt(24) anon_pad$11; })(byte_update_little_endian((unsigned _ExtInt(224))({ ._active_register=0, ._active_bank=0, ._new_command=0, .interrupt_low_vector={ .elems={ 255, 255 } },
    .state_at_last_interrupt_check={ .elems = { 0 } },
    ._gpio_pin_state={ .elems = { 0 } },
    ._gpio_output={ .elems={ 255, 255 } },
    ._gpio_inversion_enable={ .elems = { 0 } },
    ._gpio_direction_config={ .elems={ 255, 255 } },
    ._required_outputs={ .elems = { 0 } },
    ._required_inputs={ .elems = { 0 } },
    .anon_pad$11=0 }), 9, 255))

State 7 file /Users/user/NVIDIA-OpenSMA/src/nv/emulation/pca9555.cpp line 338 column 5 function next_bank thread 0
----------------------------------------------------
  *bank::0 = { ._active_register=0, ._active_bank=1, ._new_command=0, .interrupt_low_vector={ .elems={ 255, 255 } },
    .state_at_last_interrupt_check={ .elems = { 0 } },
    ._gpio_pin_state={ .elems = { 0 } },
    ._gpio_output={ .elems={ 255, 255 } },
    ._gpio_inversion_enable={ .elems = { 0 } },
    ._gpio_direction_config={ .elems={ 255, 255 } },
    ._required_outputs={ .elems = { 0 } },
    ._required_inputs={ .elems = { 0 } },
    .anon_pad$11=0 }

State 8 file /Users/user/NVIDIA-OpenSMA/src/nv/emulation/pca9555.cpp line 80 column 5 function i2c_read thread 0
----------------------------------------------------
  this->_new_command = { ._active_register=0, ._active_bank=1, ._new_command=0, .interrupt_low_vector={ .elems={ 255, 255 } },
    .state_at_last_interrupt_check={ .elems = { 0 } },
    ._gpio_pin_state={ .elems = { 0 } },
    ._gpio_output={ .elems={ 255, 255 } },
    ._gpio_inversion_enable={ .elems = { 0 } },
    ._gpio_direction_config={ .elems={ 255, 255 } },
    ._required_outputs={ .elems = { 0 } },
    ._required_inputs={ .elems = { 0 } },
    .anon_pad$11=0 }

State 9 file /Users/user/NVIDIA-OpenSMA/src/nv/emulation/pca9555.cpp line 87 column 13 function i2c_read thread 0
----------------------------------------------------
  *return_value$_at$3 = ( class nv::emulation::Pca9555 { unsigned int _active_register; unsigned int _active_bank; _Bool _new_command;  struct std::array<unsigned char, 2> { unsigned char [2] elems; }interrupt_low_vector;  struct std::array<unsigned char, 2> { unsigned char [2] elems; }state_at_last_interrupt_check;  struct std::array<unsigned char, 2> { unsigned char [2] elems; }_gpio_pin_state;  struct std::array<unsigned char, 2> { unsigned char [2] elems; }_gpio_output;  struct std::array<unsigned char, 2> { unsigned char [2] elems; }_gpio_inversion_enable;  struct std::array<unsigned char, 2> { unsigned char [2] elems; }_gpio_direction_config;  struct std::array<unsigned char, 2> { unsigned char [2] elems; }_required_outputs;  struct std::array<unsigned char, 2> { unsigned char [2] elems; }_required_inputs; unsigned _ExtInt(24) anon_pad$11; })(byte_update_little_endian((unsigned _ExtInt(224))({ ._active_register=0, ._active_bank=1, ._new_command=0, .interrupt_low_vector={ .elems={ 255, 255 } },
    .state_at_last_interrupt_check={ .elems = { 0 } },
    ._gpio_pin_state={ .elems = { 0 } },
    ._gpio_output={ .elems={ 255, 255 } },
    ._gpio_inversion_enable={ .elems = { 0 } },
    ._gpio_direction_config={ .elems={ 255, 255 } },
    ._required_outputs={ .elems = { 0 } },
    ._required_inputs={ .elems = { 0 } },
    .anon_pad$11=0 }), 10, 255))

State 10 file /Users/user/NVIDIA-OpenSMA/src/nv/emulation/pca9555.cpp line 338 column 5 function next_bank thread 0
----------------------------------------------------
  *bank::0 = { ._active_register=0, ._active_bank=0, ._new_command=0, .interrupt_low_vector={ .elems={ 255, 255 } },
    .state_at_last_interrupt_check={ .elems = { 0 } },
    ._gpio_pin_state={ .elems = { 0 } },
    ._gpio_output={ .elems={ 255, 255 } },
    ._gpio_inversion_enable={ .elems = { 0 } },
    ._gpio_direction_config={ .elems={ 255, 255 } },
    ._required_outputs={ .elems = { 0 } },
    ._required_inputs={ .elems = { 0 } },
    .anon_pad$11=0 }

State 11 file /Users/user/NVIDIA-OpenSMA/verification/harnesses/pca9555_harness.cpp line 55 column 14 function f_totality thread 0
----------------------------------------------------
  *return_value$_operator[]$5 = { .elems={ nondet_symbol(symex::nondet27), 0, 0, 0, 0, 0, 0, 0, 0, 0, 0, 0, 0, 0, 0, 0, 0, 0, 0, 0, 0, 0, 0, 0, 0, 0, 0, 0, 0, 0, 0, 0, 0, 0, 0 } }

State 12 file /Users/user/NVIDIA-OpenSMA/verification/harnesses/pca9555_harness.cpp line 56 column 14 function f_totality thread 0
----------------------------------------------------
  *return_value$_operator[]$6 = { .elems = 0 }

State 15 file /Users/user/NVIDIA-OpenSMA/src/nv/emulation/pca9555.cpp line 128 column 9 function i2c_write thread 0
----------------------------------------------------
  this->_new_command = { ._active_register=0, ._active_bank=0, ._new_command=1, .interrupt_low_vector={ .elems={ 255, 255 } },
    .state_at_last_interrupt_check={ .elems = { 0 } },
    ._gpio_pin_state={ .elems = { 0 } },
    ._gpio_output={ .elems={ 255, 255 } },
    ._gpio_inversion_enable={ .elems = { 0 } },
    ._gpio_direction_config={ .elems={ 255, 255 } },
    ._required_outputs={ .elems = { 0 } },
    ._required_inputs={ .elems = { 0 } },
    .anon_pad$11=0 }

State 16 file /Users/user/NVIDIA-OpenSMA/src/nv/emulation/pca9555.cpp line 129 column 9 function i2c_write thread 0
----------------------------------------------------
  this->_active_register = { ._active_register=5, ._active_bank=0, ._new_command=1, .interrupt_low_vector={ .elems={ 255, 255 } },
    .state_at_last_interrupt_check={ .elems = { 0 } },
    ._gpio_pin_state={ .elems = { 0 } },
    ._gpio_output={ .elems={ 255, 255 } },
    ._gpio_inversion_enable={ .elems = { 0 } },
    ._gpio_direction_config={ .elems={ 255, 255 } },
    ._required_outputs={ .elems = { 0 } },
    ._required_inputs={ .elems = { 0 } },
    .anon_pad$11=0 }

State 17 file /Users/user/NVIDIA-OpenSMA/src/nv/emulation/pca9555.cpp line 130 column 9 function i2c_write thread 0
----------------------------------------------------
  this->_active_bank = { ._active_register=5, ._active_bank=0, ._new_command=1, .interrupt_low_vector={ .elems={ 255, 255 } },
    .state_at_last_interrupt_check={ .elems = { 0 } },
    ._gpio_pin_state={ .elems = { 0 } },
    ._gpio_output={ .elems={ 255, 255 } },
    ._gpio_inversion_enable={ .elems = { 0 } },
    ._gpio_direction_config={ .elems={ 255, 255 } },
    ._required_outputs={ .elems = { 0 } },
    ._required_inputs={ .elems = { 0 } },
    .anon_pad$11=0 }

State 20 file /Users/user/NVIDIA-OpenSMA/src/nv/emulation/pca9555.cpp line 142 column 5 function i2c_write thread 0
----------------------------------------------------
Violated property:
  file /Users/user/NVIDIA-OpenSMA/src/nv/emulation/pca9555.cpp line 142 column 5 function i2c_write
  (signed int)data_length::1 != 1 && (signed int)data_length::1 <= 3 && (signed int)i >= (signed int)data_length::1

Slicing time: 0.005s (removed 0 assignments)
No solver specified; defaulting to bitwuzla
Solving claim '(signed int)CommandRegister == 0 && (signed int)CommandRegister == 1 && (signed int)CommandRegister == 2 && (signed int)CommandRegister != 3 at file /Users/user/NVIDIA-OpenSMA/src/nv/emulation/pca9555.cpp line 164 column 18 function i2c_write' with solver Bitwuzla 0.8.2
Encoding remaining VCC(s) using bit-vector/floating-point arithmetic
Encoding to solver time: 0.048s
Solving with solver Bitwuzla 0.8.2
Runtime decision procedure: 0.008s
✓ PASSED: '(signed int)CommandRegister == 0 && (signed int)CommandRegister == 1 && (signed int)CommandRegister == 2 && (signed int)CommandRegister != 3 at file /Users/user/NVIDIA-OpenSMA/src/nv/emulation/pca9555.cpp line 164 column 18 function i2c_write'
Slicing time: 0.005s (removed 0 assignments)
No solver specified; defaulting to bitwuzla
Solving claim '(signed int)CommandRegister == 0 && (signed int)CommandRegister == 1 && (signed int)CommandRegister == 2 && (signed int)CommandRegister == 3 at file /Users/user/NVIDIA-OpenSMA/src/nv/emulation/pca9555.cpp line 164 column 18 function i2c_write' with solver Bitwuzla 0.8.2
Encoding remaining VCC(s) using bit-vector/floating-point arithmetic
Encoding to solver time: 0.048s
Solving with solver Bitwuzla 0.8.2
Runtime decision procedure: 0.009s
✓ PASSED: '(signed int)CommandRegister == 0 && (signed int)CommandRegister == 1 && (signed int)CommandRegister == 2 && (signed int)CommandRegister == 3 at file /Users/user/NVIDIA-OpenSMA/src/nv/emulation/pca9555.cpp line 164 column 18 function i2c_write'
Slicing time: 0.005s (removed 0 assignments)
No solver specified; defaulting to bitwuzla
Solving claim '(signed int)CommandRegister != 0 && (signed int)CommandRegister == 1 && (signed int)CommandRegister == 2 && (signed int)CommandRegister != 3 at file /Users/user/NVIDIA-OpenSMA/src/nv/emulation/pca9555.cpp line 164 column 18 function i2c_write' with solver Bitwuzla 0.8.2
Encoding remaining VCC(s) using bit-vector/floating-point arithmetic
Encoding to solver time: 0.049s
Solving with solver Bitwuzla 0.8.2
Runtime decision procedure: 0.009s
✓ PASSED: '(signed int)CommandRegister != 0 && (signed int)CommandRegister == 1 && (signed int)CommandRegister == 2 && (signed int)CommandRegister != 3 at file /Users/user/NVIDIA-OpenSMA/src/nv/emulation/pca9555.cpp line 164 column 18 function i2c_write'
Slicing time: 0.005s (removed 0 assignments)
No solver specified; defaulting to bitwuzla
Solving claim '(signed int)CommandRegister != 0 && (signed int)CommandRegister == 1 && (signed int)CommandRegister == 2 && (signed int)CommandRegister == 3 at file /Users/user/NVIDIA-OpenSMA/src/nv/emulation/pca9555.cpp line 164 column 18 function i2c_write' with solver Bitwuzla 0.8.2
Encoding remaining VCC(s) using bit-vector/floating-point arithmetic
Encoding to solver time: 0.047s
Solving with solver Bitwuzla 0.8.2
Runtime decision procedure: 0.009s
✓ PASSED: '(signed int)CommandRegister != 0 && (signed int)CommandRegister == 1 && (signed int)CommandRegister == 2 && (signed int)CommandRegister == 3 at file /Users/user/NVIDIA-OpenSMA/src/nv/emulation/pca9555.cpp line 164 column 18 function i2c_write'
Slicing time: 0.005s (removed 0 assignments)
No solver specified; defaulting to bitwuzla
Solving claim '(signed int)CommandRegister == 0 && (signed int)CommandRegister != 1 && (signed int)CommandRegister == 2 && (signed int)CommandRegister != 3 at file /Users/user/NVIDIA-OpenSMA/src/nv/emulation/pca9555.cpp line 164 column 18 function i2c_write' with solver Bitwuzla 0.8.2
Encoding remaining VCC(s) using bit-vector/floating-point arithmetic
Encoding to solver time: 0.048s
Solving with solver Bitwuzla 0.8.2
Runtime decision procedure: 0.009s
✓ PASSED: '(signed int)CommandRegister == 0 && (signed int)CommandRegister != 1 && (signed int)CommandRegister == 2 && (signed int)CommandRegister != 3 at file /Users/user/NVIDIA-OpenSMA/src/nv/emulation/pca9555.cpp line 164 column 18 function i2c_write'
Slicing time: 0.005s (removed 0 assignments)
No solver specified; defaulting to bitwuzla
Solving claim '(signed int)CommandRegister == 0 && (signed int)CommandRegister != 1 && (signed int)CommandRegister == 2 && (signed int)CommandRegister == 3 at file /Users/user/NVIDIA-OpenSMA/src/nv/emulation/pca9555.cpp line 164 column 18 function i2c_write' with solver Bitwuzla 0.8.2
Encoding remaining VCC(s) using bit-vector/floating-point arithmetic
Encoding to solver time: 0.048s
Solving with solver Bitwuzla 0.8.2
Runtime decision procedure: 0.008s
✓ PASSED: '(signed int)CommandRegister == 0 && (signed int)CommandRegister != 1 && (signed int)CommandRegister == 2 && (signed int)CommandRegister == 3 at file /Users/user/NVIDIA-OpenSMA/src/nv/emulation/pca9555.cpp line 164 column 18 function i2c_write'
Slicing time: 0.005s (removed 0 assignments)
No solver specified; defaulting to bitwuzla
Solving claim '(signed int)CommandRegister != 0 && (signed int)CommandRegister != 1 && (signed int)CommandRegister == 2 && (signed int)CommandRegister != 3 at file /Users/user/NVIDIA-OpenSMA/src/nv/emulation/pca9555.cpp line 164 column 18 function i2c_write' with solver Bitwuzla 0.8.2
Encoding remaining VCC(s) using bit-vector/floating-point arithmetic
Encoding to solver time: 0.047s
Solving with solver Bitwuzla 0.8.2
Runtime decision procedure: 0.009s
✓ PASSED: '(signed int)CommandRegister != 0 && (signed int)CommandRegister != 1 && (signed int)CommandRegister == 2 && (signed int)CommandRegister != 3 at file /Users/user/NVIDIA-OpenSMA/src/nv/emulation/pca9555.cpp line 164 column 18 function i2c_write'
Slicing time: 0.006s (removed 0 assignments)
No solver specified; defaulting to bitwuzla
Solving claim '(signed int)CommandRegister != 0 && (signed int)CommandRegister != 1 && (signed int)CommandRegister == 2 && (signed int)CommandRegister == 3 at file /Users/user/NVIDIA-OpenSMA/src/nv/emulation/pca9555.cpp line 164 column 18 function i2c_write' with solver Bitwuzla 0.8.2
Encoding remaining VCC(s) using bit-vector/floating-point arithmetic
Encoding to solver time: 0.048s
Solving with solver Bitwuzla 0.8.2
Runtime decision procedure: 0.009s
✓ PASSED: '(signed int)CommandRegister != 0 && (signed int)CommandRegister != 1 && (signed int)CommandRegister == 2 && (signed int)CommandRegister == 3 at file /Users/user/NVIDIA-OpenSMA/src/nv/emulation/pca9555.cpp line 164 column 18 function i2c_write'
Slicing time: 0.004s (removed 0 assignments)
No solver specified; defaulting to bitwuzla
Solving claim '(signed int)CommandRegister == 0 && (signed int)CommandRegister == 1 && (signed int)CommandRegister != 2 && (signed int)CommandRegister != 3 at file /Users/user/NVIDIA-OpenSMA/src/nv/emulation/pca9555.cpp line 164 column 18 function i2c_write' with solver Bitwuzla 0.8.2
Encoding remaining VCC(s) using bit-vector/floating-point arithmetic
Encoding to solver time: 0.048s
Solving with solver Bitwuzla 0.8.2
Runtime decision procedure: 0.008s
✓ PASSED: '(signed int)CommandRegister == 0 && (signed int)CommandRegister == 1 && (signed int)CommandRegister != 2 && (signed int)CommandRegister != 3 at file /Users/user/NVIDIA-OpenSMA/src/nv/emulation/pca9555.cpp line 164 column 18 function i2c_write'
Slicing time: 0.006s (removed 0 assignments)
No solver specified; defaulting to bitwuzla
Solving claim '(signed int)CommandRegister == 0 && (signed int)CommandRegister == 1 && (signed int)CommandRegister != 2 && (signed int)CommandRegister == 3 at file /Users/user/NVIDIA-OpenSMA/src/nv/emulation/pca9555.cpp line 164 column 18 function i2c_write' with solver Bitwuzla 0.8.2
Encoding remaining VCC(s) using bit-vector/floating-point arithmetic
Encoding to solver time: 0.049s
Solving with solver Bitwuzla 0.8.2
Runtime decision procedure: 0.008s
✓ PASSED: '(signed int)CommandRegister == 0 && (signed int)CommandRegister == 1 && (signed int)CommandRegister != 2 && (signed int)CommandRegister == 3 at file /Users/user/NVIDIA-OpenSMA/src/nv/emulation/pca9555.cpp line 164 column 18 function i2c_write'
Slicing time: 0.005s (removed 0 assignments)
No solver specified; defaulting to bitwuzla
Solving claim '(signed int)CommandRegister != 0 && (signed int)CommandRegister == 1 && (signed int)CommandRegister != 2 && (signed int)CommandRegister != 3 at file /Users/user/NVIDIA-OpenSMA/src/nv/emulation/pca9555.cpp line 164 column 18 function i2c_write' with solver Bitwuzla 0.8.2
Encoding remaining VCC(s) using bit-vector/floating-point arithmetic
Encoding to solver time: 0.047s
Solving with solver Bitwuzla 0.8.2
Runtime decision procedure: 0.009s
✓ PASSED: '(signed int)CommandRegister != 0 && (signed int)CommandRegister == 1 && (signed int)CommandRegister != 2 && (signed int)CommandRegister != 3 at file /Users/user/NVIDIA-OpenSMA/src/nv/emulation/pca9555.cpp line 164 column 18 function i2c_write'
Slicing time: 0.005s (removed 0 assignments)
No solver specified; defaulting to bitwuzla
Solving claim '(signed int)CommandRegister != 0 && (signed int)CommandRegister == 1 && (signed int)CommandRegister != 2 && (signed int)CommandRegister == 3 at file /Users/user/NVIDIA-OpenSMA/src/nv/emulation/pca9555.cpp line 164 column 18 function i2c_write' with solver Bitwuzla 0.8.2
Encoding remaining VCC(s) using bit-vector/floating-point arithmetic
Encoding to solver time: 0.047s
Solving with solver Bitwuzla 0.8.2
Runtime decision procedure: 0.009s
✓ PASSED: '(signed int)CommandRegister != 0 && (signed int)CommandRegister == 1 && (signed int)CommandRegister != 2 && (signed int)CommandRegister == 3 at file /Users/user/NVIDIA-OpenSMA/src/nv/emulation/pca9555.cpp line 164 column 18 function i2c_write'
Slicing time: 0.005s (removed 0 assignments)
No solver specified; defaulting to bitwuzla
Solving claim '(signed int)CommandRegister == 0 && (signed int)CommandRegister != 1 && (signed int)CommandRegister != 2 && (signed int)CommandRegister != 3 at file /Users/user/NVIDIA-OpenSMA/src/nv/emulation/pca9555.cpp line 164 column 18 function i2c_write' with solver Bitwuzla 0.8.2
Encoding remaining VCC(s) using bit-vector/floating-point arithmetic
Encoding to solver time: 0.047s
Solving with solver Bitwuzla 0.8.2
Runtime decision procedure: 0.009s
✓ PASSED: '(signed int)CommandRegister == 0 && (signed int)CommandRegister != 1 && (signed int)CommandRegister != 2 && (signed int)CommandRegister != 3 at file /Users/user/NVIDIA-OpenSMA/src/nv/emulation/pca9555.cpp line 164 column 18 function i2c_write'
Slicing time: 0.005s (removed 0 assignments)
No solver specified; defaulting to bitwuzla
Solving claim '(signed int)CommandRegister == 0 && (signed int)CommandRegister != 1 && (signed int)CommandRegister != 2 && (signed int)CommandRegister == 3 at file /Users/user/NVIDIA-OpenSMA/src/nv/emulation/pca9555.cpp line 164 column 18 function i2c_write' with solver Bitwuzla 0.8.2
Encoding remaining VCC(s) using bit-vector/floating-point arithmetic
Encoding to solver time: 0.051s
Solving with solver Bitwuzla 0.8.2
Runtime decision procedure: 0.009s
✓ PASSED: '(signed int)CommandRegister == 0 && (signed int)CommandRegister != 1 && (signed int)CommandRegister != 2 && (signed int)CommandRegister == 3 at file /Users/user/NVIDIA-OpenSMA/src/nv/emulation/pca9555.cpp line 164 column 18 function i2c_write'
Slicing time: 0.006s (removed 0 assignments)
No solver specified; defaulting to bitwuzla
Solving claim '(signed int)i < (signed int)data_length::1 && (signed int)CommandRegister == 0 && (signed int)CommandRegister == 1 && (signed int)CommandRegister != 2 at file /Users/user/NVIDIA-OpenSMA/src/nv/emulation/pca9555.cpp line 158 column 18 function i2c_write' with solver Bitwuzla 0.8.2
Encoding remaining VCC(s) using bit-vector/floating-point arithmetic
Encoding to solver time: 0.048s
Solving with solver Bitwuzla 0.8.2
Runtime decision procedure: 0.009s
✓ PASSED: '(signed int)i < (signed int)data_length::1 && (signed int)CommandRegister == 0 && (signed int)CommandRegister == 1 && (signed int)CommandRegister != 2 at file /Users/user/NVIDIA-OpenSMA/src/nv/emulation/pca9555.cpp line 158 column 18 function i2c_write'
Slicing time: 0.005s (removed 0 assignments)
No solver specified; defaulting to bitwuzla
Solving claim '(signed int)i < (signed int)data_length::1 && (signed int)CommandRegister == 0 && (signed int)CommandRegister == 1 && (signed int)CommandRegister == 2 at file /Users/user/NVIDIA-OpenSMA/src/nv/emulation/pca9555.cpp line 158 column 18 function i2c_write' with solver Bitwuzla 0.8.2
Encoding remaining VCC(s) using bit-vector/floating-point arithmetic
Encoding to solver time: 0.048s
Solving with solver Bitwuzla 0.8.2
Runtime decision procedure: 0.009s
✓ PASSED: '(signed int)i < (signed int)data_length::1 && (signed int)CommandRegister == 0 && (signed int)CommandRegister == 1 && (signed int)CommandRegister == 2 at file /Users/user/NVIDIA-OpenSMA/src/nv/emulation/pca9555.cpp line 158 column 18 function i2c_write'
Slicing time: 0.005s (removed 0 assignments)
No solver specified; defaulting to bitwuzla
Solving claim '(signed int)i < (signed int)data_length::1 && (signed int)CommandRegister != 0 && (signed int)CommandRegister == 1 && (signed int)CommandRegister != 2 at file /Users/user/NVIDIA-OpenSMA/src/nv/emulation/pca9555.cpp line 158 column 18 function i2c_write' with solver Bitwuzla 0.8.2
Encoding remaining VCC(s) using bit-vector/floating-point arithmetic
Encoding to solver time: 0.049s
Solving with solver Bitwuzla 0.8.2
Runtime decision procedure: 0.008s
✓ PASSED: '(signed int)i < (signed int)data_length::1 && (signed int)CommandRegister != 0 && (signed int)CommandRegister == 1 && (signed int)CommandRegister != 2 at file /Users/user/NVIDIA-OpenSMA/src/nv/emulation/pca9555.cpp line 158 column 18 function i2c_write'
Slicing time: 0.005s (removed 0 assignments)
No solver specified; defaulting to bitwuzla
Solving claim '(signed int)i < (signed int)data_length::1 && (signed int)CommandRegister != 0 && (signed int)CommandRegister == 1 && (signed int)CommandRegister == 2 at file /Users/user/NVIDIA-OpenSMA/src/nv/emulation/pca9555.cpp line 158 column 18 function i2c_write' with solver Bitwuzla 0.8.2
Encoding remaining VCC(s) using bit-vector/floating-point arithmetic
Encoding to solver time: 0.047s
Solving with solver Bitwuzla 0.8.2
Runtime decision procedure: 0.008s
✓ PASSED: '(signed int)i < (signed int)data_length::1 && (signed int)CommandRegister != 0 && (signed int)CommandRegister == 1 && (signed int)CommandRegister == 2 at file /Users/user/NVIDIA-OpenSMA/src/nv/emulation/pca9555.cpp line 158 column 18 function i2c_write'
Slicing time: 0.005s (removed 0 assignments)
No solver specified; defaulting to bitwuzla
Solving claim '(signed int)i < (signed int)data_length::1 && (signed int)CommandRegister == 0 && (signed int)CommandRegister != 1 && (signed int)CommandRegister != 2 at file /Users/user/NVIDIA-OpenSMA/src/nv/emulation/pca9555.cpp line 158 column 18 function i2c_write' with solver Bitwuzla 0.8.2
Encoding remaining VCC(s) using bit-vector/floating-point arithmetic
Encoding to solver time: 0.048s
Solving with solver Bitwuzla 0.8.2
Runtime decision procedure: 0.009s
✓ PASSED: '(signed int)i < (signed int)data_length::1 && (signed int)CommandRegister == 0 && (signed int)CommandRegister != 1 && (signed int)CommandRegister != 2 at file /Users/user/NVIDIA-OpenSMA/src/nv/emulation/pca9555.cpp line 158 column 18 function i2c_write'
Slicing time: 0.005s (removed 0 assignments)
No solver specified; defaulting to bitwuzla
Solving claim '(signed int)i < (signed int)data_length::1 && (signed int)CommandRegister == 0 && (signed int)CommandRegister != 1 && (signed int)CommandRegister == 2 at file /Users/user/NVIDIA-OpenSMA/src/nv/emulation/pca9555.cpp line 158 column 18 function i2c_write' with solver Bitwuzla 0.8.2
Encoding remaining VCC(s) using bit-vector/floating-point arithmetic
Encoding to solver time: 0.048s
Solving with solver Bitwuzla 0.8.2
Runtime decision procedure: 0.008s
✓ PASSED: '(signed int)i < (signed int)data_length::1 && (signed int)CommandRegister == 0 && (signed int)CommandRegister != 1 && (signed int)CommandRegister == 2 at file /Users/user/NVIDIA-OpenSMA/src/nv/emulation/pca9555.cpp line 158 column 18 function i2c_write'
Slicing time: 0.005s (removed 0 assignments)
No solver specified; defaulting to bitwuzla
Solving claim '(signed int)data_length::1 <= 3 && (signed int)i < (signed int)data_length::1 && (signed int)CommandRegister == 0 && (signed int)CommandRegister != 1 at file /Users/user/NVIDIA-OpenSMA/src/nv/emulation/pca9555.cpp line 151 column 18 function i2c_write' with solver Bitwuzla 0.8.2
Encoding remaining VCC(s) using bit-vector/floating-point arithmetic
Encoding to solver time: 0.048s
Solving with solver Bitwuzla 0.8.2
Runtime decision procedure: 0.009s
✓ PASSED: '(signed int)data_length::1 <= 3 && (signed int)i < (signed int)data_length::1 && (signed int)CommandRegister == 0 && (signed int)CommandRegister != 1 at file /Users/user/NVIDIA-OpenSMA/src/nv/emulation/pca9555.cpp line 151 column 18 function i2c_write'
Slicing time: 0.005s (removed 0 assignments)
No solver specified; defaulting to bitwuzla
Solving claim '(signed int)data_length::1 <= 3 && (signed int)i < (signed int)data_length::1 && (signed int)CommandRegister == 0 && (signed int)CommandRegister == 1 at file /Users/user/NVIDIA-OpenSMA/src/nv/emulation/pca9555.cpp line 151 column 18 function i2c_write' with solver Bitwuzla 0.8.2
Encoding remaining VCC(s) using bit-vector/floating-point arithmetic
Encoding to solver time: 0.047s
Solving with solver Bitwuzla 0.8.2
Runtime decision procedure: 0.009s
✓ PASSED: '(signed int)data_length::1 <= 3 && (signed int)i < (signed int)data_length::1 && (signed int)CommandRegister == 0 && (signed int)CommandRegister == 1 at file /Users/user/NVIDIA-OpenSMA/src/nv/emulation/pca9555.cpp line 151 column 18 function i2c_write'
Slicing time: 0.005s (removed 0 assignments)
No solver specified; defaulting to bitwuzla
Solving claim '(signed int)this->_active_register == 0 && (signed int)this->_active_register == 1 && (signed int)this->_active_register == 2 && (signed int)this->_active_register != 3 at file /Users/user/NVIDIA-OpenSMA/src/nv/emulation/pca9555.cpp line 101 column 14 function i2c_read' with solver Bitwuzla 0.8.2
Encoding remaining VCC(s) using bit-vector/floating-point arithmetic
Encoding to solver time: 0.048s
Solving with solver Bitwuzla 0.8.2
Runtime decision procedure: 0.005s
✓ PASSED: '(signed int)this->_active_register == 0 && (signed int)this->_active_register == 1 && (signed int)this->_active_register == 2 && (signed int)this->_active_register != 3 at file /Users/user/NVIDIA-OpenSMA/src/nv/emulation/pca9555.cpp line 101 column 14 function i2c_read'
Slicing time: 0.006s (removed 0 assignments)
No solver specified; defaulting to bitwuzla
Solving claim '(signed int)this->_active_register == 0 && (signed int)this->_active_register == 1 && (signed int)this->_active_register == 2 && (signed int)this->_active_register == 3 at file /Users/user/NVIDIA-OpenSMA/src/nv/emulation/pca9555.cpp line 101 column 14 function i2c_read' with solver Bitwuzla 0.8.2
Encoding remaining VCC(s) using bit-vector/floating-point arithmetic
Encoding to solver time: 0.048s
Solving with solver Bitwuzla 0.8.2
Runtime decision procedure: 0.005s
✓ PASSED: '(signed int)this->_active_register == 0 && (signed int)this->_active_register == 1 && (signed int)this->_active_register == 2 && (signed int)this->_active_register == 3 at file /Users/user/NVIDIA-OpenSMA/src/nv/emulation/pca9555.cpp line 101 column 14 function i2c_read'
Slicing time: 0.005s (removed 0 assignments)
No solver specified; defaulting to bitwuzla
Solving claim '(signed int)this->_active_register != 0 && (signed int)this->_active_register == 1 && (signed int)this->_active_register == 2 && (signed int)this->_active_register != 3 at file /Users/user/NVIDIA-OpenSMA/src/nv/emulation/pca9555.cpp line 101 column 14 function i2c_read' with solver Bitwuzla 0.8.2
Encoding remaining VCC(s) using bit-vector/floating-point arithmetic
Encoding to solver time: 0.048s
Solving with solver Bitwuzla 0.8.2
Runtime decision procedure: 0.005s
✓ PASSED: '(signed int)this->_active_register != 0 && (signed int)this->_active_register == 1 && (signed int)this->_active_register == 2 && (signed int)this->_active_register != 3 at file /Users/user/NVIDIA-OpenSMA/src/nv/emulation/pca9555.cpp line 101 column 14 function i2c_read'
Slicing time: 0.006s (removed 0 assignments)
No solver specified; defaulting to bitwuzla
Solving claim '(signed int)this->_active_register != 0 && (signed int)this->_active_register == 1 && (signed int)this->_active_register == 2 && (signed int)this->_active_register == 3 at file /Users/user/NVIDIA-OpenSMA/src/nv/emulation/pca9555.cpp line 101 column 14 function i2c_read' with solver Bitwuzla 0.8.2
Encoding remaining VCC(s) using bit-vector/floating-point arithmetic
Encoding to solver time: 0.047s
Solving with solver Bitwuzla 0.8.2
Runtime decision procedure: 0.006s
✓ PASSED: '(signed int)this->_active_register != 0 && (signed int)this->_active_register == 1 && (signed int)this->_active_register == 2 && (signed int)this->_active_register == 3 at file /Users/user/NVIDIA-OpenSMA/src/nv/emulation/pca9555.cpp line 101 column 14 function i2c_read'
Slicing time: 0.005s (removed 0 assignments)
No solver specified; defaulting to bitwuzla
Solving claim '(signed int)this->_active_register == 0 && (signed int)this->_active_register != 1 && (signed int)this->_active_register == 2 && (signed int)this->_active_register != 3 at file /Users/user/NVIDIA-OpenSMA/src/nv/emulation/pca9555.cpp line 101 column 14 function i2c_read' with solver Bitwuzla 0.8.2
Encoding remaining VCC(s) using bit-vector/floating-point arithmetic
Encoding to solver time: 0.047s
Solving with solver Bitwuzla 0.8.2
Runtime decision procedure: 0.006s
✓ PASSED: '(signed int)this->_active_register == 0 && (signed int)this->_active_register != 1 && (signed int)this->_active_register == 2 && (signed int)this->_active_register != 3 at file /Users/user/NVIDIA-OpenSMA/src/nv/emulation/pca9555.cpp line 101 column 14 function i2c_read'
Slicing time: 0.005s (removed 0 assignments)
No solver specified; defaulting to bitwuzla
Solving claim '(signed int)this->_active_register == 0 && (signed int)this->_active_register != 1 && (signed int)this->_active_register == 2 && (signed int)this->_active_register == 3 at file /Users/user/NVIDIA-OpenSMA/src/nv/emulation/pca9555.cpp line 101 column 14 function i2c_read' with solver Bitwuzla 0.8.2
Encoding remaining VCC(s) using bit-vector/floating-point arithmetic
Encoding to solver time: 0.048s
Solving with solver Bitwuzla 0.8.2
Runtime decision procedure: 0.005s
✓ PASSED: '(signed int)this->_active_register == 0 && (signed int)this->_active_register != 1 && (signed int)this->_active_register == 2 && (signed int)this->_active_register == 3 at file /Users/user/NVIDIA-OpenSMA/src/nv/emulation/pca9555.cpp line 101 column 14 function i2c_read'
Slicing time: 0.005s (removed 0 assignments)
No solver specified; defaulting to bitwuzla
Solving claim '(signed int)this->_active_register != 0 && (signed int)this->_active_register != 1 && (signed int)this->_active_register == 2 && (signed int)this->_active_register != 3 at file /Users/user/NVIDIA-OpenSMA/src/nv/emulation/pca9555.cpp line 101 column 14 function i2c_read' with solver Bitwuzla 0.8.2
Encoding remaining VCC(s) using bit-vector/floating-point arithmetic
Encoding to solver time: 0.047s
Solving with solver Bitwuzla 0.8.2
Runtime decision procedure: 0.005s
✓ PASSED: '(signed int)this->_active_register != 0 && (signed int)this->_active_register != 1 && (signed int)this->_active_register == 2 && (signed int)this->_active_register != 3 at file /Users/user/NVIDIA-OpenSMA/src/nv/emulation/pca9555.cpp line 101 column 14 function i2c_read'
Slicing time: 0.005s (removed 0 assignments)
No solver specified; defaulting to bitwuzla
Solving claim '(signed int)this->_active_register != 0 && (signed int)this->_active_register != 1 && (signed int)this->_active_register == 2 && (signed int)this->_active_register == 3 at file /Users/user/NVIDIA-OpenSMA/src/nv/emulation/pca9555.cpp line 101 column 14 function i2c_read' with solver Bitwuzla 0.8.2
Encoding remaining VCC(s) using bit-vector/floating-point arithmetic
Encoding to solver time: 0.049s
Solving with solver Bitwuzla 0.8.2
Runtime decision procedure: 0.005s
✓ PASSED: '(signed int)this->_active_register != 0 && (signed int)this->_active_register != 1 && (signed int)this->_active_register == 2 && (signed int)this->_active_register == 3 at file /Users/user/NVIDIA-OpenSMA/src/nv/emulation/pca9555.cpp line 101 column 14 function i2c_read'
Slicing time: 0.005s (removed 0 assignments)
No solver specified; defaulting to bitwuzla
Solving claim '(signed int)this->_active_register == 0 && (signed int)this->_active_register == 1 && (signed int)this->_active_register != 2 && (signed int)this->_active_register != 3 at file /Users/user/NVIDIA-OpenSMA/src/nv/emulation/pca9555.cpp line 101 column 14 function i2c_read' with solver Bitwuzla 0.8.2
Encoding remaining VCC(s) using bit-vector/floating-point arithmetic
Encoding to solver time: 0.049s
Solving with solver Bitwuzla 0.8.2
Runtime decision procedure: 0.005s
✓ PASSED: '(signed int)this->_active_register == 0 && (signed int)this->_active_register == 1 && (signed int)this->_active_register != 2 && (signed int)this->_active_register != 3 at file /Users/user/NVIDIA-OpenSMA/src/nv/emulation/pca9555.cpp line 101 column 14 function i2c_read'
Slicing time: 0.005s (removed 0 assignments)
No solver specified; defaulting to bitwuzla
Solving claim '(signed int)this->_active_register == 0 && (signed int)this->_active_register == 1 && (signed int)this->_active_register != 2 && (signed int)this->_active_register == 3 at file /Users/user/NVIDIA-OpenSMA/src/nv/emulation/pca9555.cpp line 101 column 14 function i2c_read' with solver Bitwuzla 0.8.2
Encoding remaining VCC(s) using bit-vector/floating-point arithmetic
Encoding to solver time: 0.047s
Solving with solver Bitwuzla 0.8.2
Runtime decision procedure: 0.006s
✓ PASSED: '(signed int)this->_active_register == 0 && (signed int)this->_active_register == 1 && (signed int)this->_active_register != 2 && (signed int)this->_active_register == 3 at file /Users/user/NVIDIA-OpenSMA/src/nv/emulation/pca9555.cpp line 101 column 14 function i2c_read'
Slicing time: 0.005s (removed 0 assignments)
No solver specified; defaulting to bitwuzla
Solving claim '(signed int)this->_active_register != 0 && (signed int)this->_active_register == 1 && (signed int)this->_active_register != 2 && (signed int)this->_active_register != 3 at file /Users/user/NVIDIA-OpenSMA/src/nv/emulation/pca9555.cpp line 101 column 14 function i2c_read' with solver Bitwuzla 0.8.2
Encoding remaining VCC(s) using bit-vector/floating-point arithmetic
Encoding to solver time: 0.047s
Solving with solver Bitwuzla 0.8.2
Runtime decision procedure: 0.005s
✓ PASSED: '(signed int)this->_active_register != 0 && (signed int)this->_active_register == 1 && (signed int)this->_active_register != 2 && (signed int)this->_active_register != 3 at file /Users/user/NVIDIA-OpenSMA/src/nv/emulation/pca9555.cpp line 101 column 14 function i2c_read'
Slicing time: 0.005s (removed 0 assignments)
No solver specified; defaulting to bitwuzla
Solving claim '(signed int)this->_active_register != 0 && (signed int)this->_active_register == 1 && (signed int)this->_active_register != 2 && (signed int)this->_active_register == 3 at file /Users/user/NVIDIA-OpenSMA/src/nv/emulation/pca9555.cpp line 101 column 14 function i2c_read' with solver Bitwuzla 0.8.2
Encoding remaining VCC(s) using bit-vector/floating-point arithmetic
Encoding to solver time: 0.048s
Solving with solver Bitwuzla 0.8.2
Runtime decision procedure: 0.005s
✓ PASSED: '(signed int)this->_active_register != 0 && (signed int)this->_active_register == 1 && (signed int)this->_active_register != 2 && (signed int)this->_active_register == 3 at file /Users/user/NVIDIA-OpenSMA/src/nv/emulation/pca9555.cpp line 101 column 14 function i2c_read'
Slicing time: 0.006s (removed 0 assignments)
No solver specified; defaulting to bitwuzla
Solving claim '(signed int)this->_active_register == 0 && (signed int)this->_active_register != 1 && (signed int)this->_active_register != 2 && (signed int)this->_active_register != 3 at file /Users/user/NVIDIA-OpenSMA/src/nv/emulation/pca9555.cpp line 101 column 14 function i2c_read' with solver Bitwuzla 0.8.2
Encoding remaining VCC(s) using bit-vector/floating-point arithmetic
Encoding to solver time: 0.047s
Solving with solver Bitwuzla 0.8.2
Runtime decision procedure: 0.006s
✓ PASSED: '(signed int)this->_active_register == 0 && (signed int)this->_active_register != 1 && (signed int)this->_active_register != 2 && (signed int)this->_active_register != 3 at file /Users/user/NVIDIA-OpenSMA/src/nv/emulation/pca9555.cpp line 101 column 14 function i2c_read'
Slicing time: 0.005s (removed 0 assignments)
No solver specified; defaulting to bitwuzla
Solving claim '(signed int)this->_active_register == 0 && (signed int)this->_active_register != 1 && (signed int)this->_active_register != 2 && (signed int)this->_active_register == 3 at file /Users/user/NVIDIA-OpenSMA/src/nv/emulation/pca9555.cpp line 101 column 14 function i2c_read' with solver Bitwuzla 0.8.2
Encoding remaining VCC(s) using bit-vector/floating-point arithmetic
Encoding to solver time: 0.048s
Solving with solver Bitwuzla 0.8.2
Runtime decision procedure: 0.005s
✓ PASSED: '(signed int)this->_active_register == 0 && (signed int)this->_active_register != 1 && (signed int)this->_active_register != 2 && (signed int)this->_active_register == 3 at file /Users/user/NVIDIA-OpenSMA/src/nv/emulation/pca9555.cpp line 101 column 14 function i2c_read'
Slicing time: 0.005s (removed 0 assignments)
No solver specified; defaulting to bitwuzla
Solving claim '(signed int)this->_active_register != 0 && (signed int)this->_active_register != 1 && (signed int)this->_active_register != 2 && (signed int)this->_active_register != 3 at file /Users/user/NVIDIA-OpenSMA/src/nv/emulation/pca9555.cpp line 101 column 14 function i2c_read' with solver Bitwuzla 0.8.2
Encoding remaining VCC(s) using bit-vector/floating-point arithmetic
Encoding to solver time: 0.047s
Solving with solver Bitwuzla 0.8.2
Runtime decision procedure: 0.005s
✓ PASSED: '(signed int)this->_active_register != 0 && (signed int)this->_active_register != 1 && (signed int)this->_active_register != 2 && (signed int)this->_active_register != 3 at file /Users/user/NVIDIA-OpenSMA/src/nv/emulation/pca9555.cpp line 101 column 14 function i2c_read'
Slicing time: 0.005s (removed 0 assignments)
No solver specified; defaulting to bitwuzla
Solving claim '(signed int)this->_active_register != 0 && (signed int)this->_active_register != 1 && (signed int)this->_active_register != 2 && (signed int)this->_active_register == 3 at file /Users/user/NVIDIA-OpenSMA/src/nv/emulation/pca9555.cpp line 101 column 14 function i2c_read' with solver Bitwuzla 0.8.2
Encoding remaining VCC(s) using bit-vector/floating-point arithmetic
Encoding to solver time: 0.048s
Solving with solver Bitwuzla 0.8.2
Runtime decision procedure: 0.006s
✓ PASSED: '(signed int)this->_active_register != 0 && (signed int)this->_active_register != 1 && (signed int)this->_active_register != 2 && (signed int)this->_active_register == 3 at file /Users/user/NVIDIA-OpenSMA/src/nv/emulation/pca9555.cpp line 101 column 14 function i2c_read'
Slicing time: 0.005s (removed 0 assignments)
No solver specified; defaulting to bitwuzla
Solving claim '(this->_new_command || !new_transaction::1) && (signed int)this->_active_register == 0 && (signed int)this->_active_register == 1 && (signed int)this->_active_register != 2 at file /Users/user/NVIDIA-OpenSMA/src/nv/emulation/pca9555.cpp line 96 column 14 function i2c_read' with solver Bitwuzla 0.8.2
Encoding remaining VCC(s) using bit-vector/floating-point arithmetic
Encoding to solver time: 0.049s
Solving with solver Bitwuzla 0.8.2
Runtime decision procedure: 0.005s
✓ PASSED: '(this->_new_command || !new_transaction::1) && (signed int)this->_active_register == 0 && (signed int)this->_active_register == 1 && (signed int)this->_active_register != 2 at file /Users/user/NVIDIA-OpenSMA/src/nv/emulation/pca9555.cpp line 96 column 14 function i2c_read'
Slicing time: 0.005s (removed 0 assignments)
No solver specified; defaulting to bitwuzla
Solving claim '(this->_new_command || !new_transaction::1) && (signed int)this->_active_register == 0 && (signed int)this->_active_register == 1 && (signed int)this->_active_register == 2 at file /Users/user/NVIDIA-OpenSMA/src/nv/emulation/pca9555.cpp line 96 column 14 function i2c_read' with solver Bitwuzla 0.8.2
Encoding remaining VCC(s) using bit-vector/floating-point arithmetic
Encoding to solver time: 0.048s
Solving with solver Bitwuzla 0.8.2
Runtime decision procedure: 0.005s
✓ PASSED: '(this->_new_command || !new_transaction::1) && (signed int)this->_active_register == 0 && (signed int)this->_active_register == 1 && (signed int)this->_active_register == 2 at file /Users/user/NVIDIA-OpenSMA/src/nv/emulation/pca9555.cpp line 96 column 14 function i2c_read'
Slicing time: 0.005s (removed 0 assignments)
No solver specified; defaulting to bitwuzla
Solving claim '(this->_new_command || !new_transaction::1) && (signed int)this->_active_register != 0 && (signed int)this->_active_register == 1 && (signed int)this->_active_register != 2 at file /Users/user/NVIDIA-OpenSMA/src/nv/emulation/pca9555.cpp line 96 column 14 function i2c_read' with solver Bitwuzla 0.8.2
Encoding remaining VCC(s) using bit-vector/floating-point arithmetic
Encoding to solver time: 0.049s
Solving with solver Bitwuzla 0.8.2
Runtime decision procedure: 0.005s
✓ PASSED: '(this->_new_command || !new_transaction::1) && (signed int)this->_active_register != 0 && (signed int)this->_active_register == 1 && (signed int)this->_active_register != 2 at file /Users/user/NVIDIA-OpenSMA/src/nv/emulation/pca9555.cpp line 96 column 14 function i2c_read'
Slicing time: 0.005s (removed 0 assignments)
No solver specified; defaulting to bitwuzla
Solving claim '(this->_new_command || !new_transaction::1) && (signed int)this->_active_register != 0 && (signed int)this->_active_register == 1 && (signed int)this->_active_register == 2 at file /Users/user/NVIDIA-OpenSMA/src/nv/emulation/pca9555.cpp line 96 column 14 function i2c_read' with solver Bitwuzla 0.8.2
Encoding remaining VCC(s) using bit-vector/floating-point arithmetic
Encoding to solver time: 0.047s
Solving with solver Bitwuzla 0.8.2
Runtime decision procedure: 0.005s
✓ PASSED: '(this->_new_command || !new_transaction::1) && (signed int)this->_active_register != 0 && (signed int)this->_active_register == 1 && (signed int)this->_active_register == 2 at file /Users/user/NVIDIA-OpenSMA/src/nv/emulation/pca9555.cpp line 96 column 14 function i2c_read'
Slicing time: 0.006s (removed 0 assignments)
No solver specified; defaulting to bitwuzla
Solving claim '(this->_new_command || !new_transaction::1) && (signed int)this->_active_register == 0 && (signed int)this->_active_register != 1 && (signed int)this->_active_register != 2 at file /Users/user/NVIDIA-OpenSMA/src/nv/emulation/pca9555.cpp line 96 column 14 function i2c_read' with solver Bitwuzla 0.8.2
Encoding remaining VCC(s) using bit-vector/floating-point arithmetic
Encoding to solver time: 0.048s
Solving with solver Bitwuzla 0.8.2
Runtime decision procedure: 0.005s
✓ PASSED: '(this->_new_command || !new_transaction::1) && (signed int)this->_active_register == 0 && (signed int)this->_active_register != 1 && (signed int)this->_active_register != 2 at file /Users/user/NVIDIA-OpenSMA/src/nv/emulation/pca9555.cpp line 96 column 14 function i2c_read'
Slicing time: 0.005s (removed 0 assignments)
No solver specified; defaulting to bitwuzla
Solving claim '(this->_new_command || !new_transaction::1) && (signed int)this->_active_register == 0 && (signed int)this->_active_register != 1 && (signed int)this->_active_register == 2 at file /Users/user/NVIDIA-OpenSMA/src/nv/emulation/pca9555.cpp line 96 column 14 function i2c_read' with solver Bitwuzla 0.8.2
Encoding remaining VCC(s) using bit-vector/floating-point arithmetic
Encoding to solver time: 0.047s
Solving with solver Bitwuzla 0.8.2
Runtime decision procedure: 0.005s
✓ PASSED: '(this->_new_command || !new_transaction::1) && (signed int)this->_active_register == 0 && (signed int)this->_active_register != 1 && (signed int)this->_active_register == 2 at file /Users/user/NVIDIA-OpenSMA/src/nv/emulation/pca9555.cpp line 96 column 14 function i2c_read'
Slicing time: 0.005s (removed 0 assignments)
No solver specified; defaulting to bitwuzla
Solving claim '(this->_new_command || !new_transaction::1) && (signed int)this->_active_register != 0 && (signed int)this->_active_register != 1 && (signed int)this->_active_register != 2 at file /Users/user/NVIDIA-OpenSMA/src/nv/emulation/pca9555.cpp line 96 column 14 function i2c_read' with solver Bitwuzla 0.8.2
Encoding remaining VCC(s) using bit-vector/floating-point arithmetic
Encoding to solver time: 0.047s
Solving with solver Bitwuzla 0.8.2
Runtime decision procedure: 0.005s
✓ PASSED: '(this->_new_command || !new_transaction::1) && (signed int)this->_active_register != 0 && (signed int)this->_active_register != 1 && (signed int)this->_active_register != 2 at file /Users/user/NVIDIA-OpenSMA/src/nv/emulation/pca9555.cpp line 96 column 14 function i2c_read'
Slicing time: 0.005s (removed 0 assignments)
No solver specified; defaulting to bitwuzla
Solving claim '(this->_new_command || !new_transaction::1) && (signed int)this->_active_register != 0 && (signed int)this->_active_register != 1 && (signed int)this->_active_register == 2 at file /Users/user/NVIDIA-OpenSMA/src/nv/emulation/pca9555.cpp line 96 column 14 function i2c_read' with solver Bitwuzla 0.8.2
Encoding remaining VCC(s) using bit-vector/floating-point arithmetic
Encoding to solver time: 0.047s
Solving with solver Bitwuzla 0.8.2
Runtime decision procedure: 0.005s
✓ PASSED: '(this->_new_command || !new_transaction::1) && (signed int)this->_active_register != 0 && (signed int)this->_active_register != 1 && (signed int)this->_active_register == 2 at file /Users/user/NVIDIA-OpenSMA/src/nv/emulation/pca9555.cpp line 96 column 14 function i2c_read'
Slicing time: 0.005s (removed 0 assignments)
No solver specified; defaulting to bitwuzla
Solving claim '(this->_new_command || !new_transaction::1) && (signed int)this->_active_register == 0 && (signed int)this->_active_register != 1 at file /Users/user/NVIDIA-OpenSMA/src/nv/emulation/pca9555.cpp line 91 column 14 function i2c_read' with solver Bitwuzla 0.8.2
Encoding remaining VCC(s) using bit-vector/floating-point arithmetic
Encoding to solver time: 0.048s
Solving with solver Bitwuzla 0.8.2
Runtime decision procedure: 0.005s
✓ PASSED: '(this->_new_command || !new_transaction::1) && (signed int)this->_active_register == 0 && (signed int)this->_active_register != 1 at file /Users/user/NVIDIA-OpenSMA/src/nv/emulation/pca9555.cpp line 91 column 14 function i2c_read'
Slicing time: 0.005s (removed 0 assignments)
No solver specified; defaulting to bitwuzla
Solving claim '(this->_new_command || !new_transaction::1) && (signed int)this->_active_register == 0 && (signed int)this->_active_register == 1 at file /Users/user/NVIDIA-OpenSMA/src/nv/emulation/pca9555.cpp line 91 column 14 function i2c_read' with solver Bitwuzla 0.8.2
Encoding remaining VCC(s) using bit-vector/floating-point arithmetic
Encoding to solver time: 0.048s
Solving with solver Bitwuzla 0.8.2
Runtime decision procedure: 0.005s
✓ PASSED: '(this->_new_command || !new_transaction::1) && (signed int)this->_active_register == 0 && (signed int)this->_active_register == 1 at file /Users/user/NVIDIA-OpenSMA/src/nv/emulation/pca9555.cpp line 91 column 14 function i2c_read'
Slicing time: 0.005s (removed 0 assignments)
No solver specified; defaulting to bitwuzla
Solving claim '(this->_new_command || !new_transaction::1) && (signed int)this->_active_register != 0 && (signed int)this->_active_register != 1 at file /Users/user/NVIDIA-OpenSMA/src/nv/emulation/pca9555.cpp line 91 column 14 function i2c_read' with solver Bitwuzla 0.8.2
Encoding remaining VCC(s) using bit-vector/floating-point arithmetic
Encoding to solver time: 0.048s
Solving with solver Bitwuzla 0.8.2
Runtime decision procedure: 0.005s
✓ PASSED: '(this->_new_command || !new_transaction::1) && (signed int)this->_active_register != 0 && (signed int)this->_active_register != 1 at file /Users/user/NVIDIA-OpenSMA/src/nv/emulation/pca9555.cpp line 91 column 14 function i2c_read'
Slicing time: 0.005s (removed 0 assignments)
No solver specified; defaulting to bitwuzla
Solving claim '(this->_new_command || !new_transaction::1) && (signed int)this->_active_register != 0 && (signed int)this->_active_register == 1 at file /Users/user/NVIDIA-OpenSMA/src/nv/emulation/pca9555.cpp line 91 column 14 function i2c_read' with solver Bitwuzla 0.8.2
Encoding remaining VCC(s) using bit-vector/floating-point arithmetic
Encoding to solver time: 0.048s
Solving with solver Bitwuzla 0.8.2
Runtime decision procedure: 0.005s
✓ PASSED: '(this->_new_command || !new_transaction::1) && (signed int)this->_active_register != 0 && (signed int)this->_active_register == 1 at file /Users/user/NVIDIA-OpenSMA/src/nv/emulation/pca9555.cpp line 91 column 14 function i2c_read'
Slicing time: 0.005s (removed 0 assignments)
No solver specified; defaulting to bitwuzla
Solving claim '(this->_new_command || !new_transaction::1) && (signed int)this->_active_register != 0 at file /Users/user/NVIDIA-OpenSMA/src/nv/emulation/pca9555.cpp line 83 column 14 function i2c_read' with solver Bitwuzla 0.8.2
Encoding remaining VCC(s) using bit-vector/floating-point arithmetic
Encoding to solver time: 0.049s
Solving with solver Bitwuzla 0.8.2
Runtime decision procedure: 0.005s
✓ PASSED: '(this->_new_command || !new_transaction::1) && (signed int)this->_active_register != 0 at file /Users/user/NVIDIA-OpenSMA/src/nv/emulation/pca9555.cpp line 83 column 14 function i2c_read'
Slicing time: 0.006s (removed 0 assignments)
No solver specified; defaulting to bitwuzla
Solving claim '(signed int)this->_active_register == 0 && (signed int)this->_active_register == 1 && (signed int)this->_active_register == 2 && (signed int)this->_active_register != 3 at file /Users/user/NVIDIA-OpenSMA/src/nv/emulation/pca9555.cpp line 101 column 14 function i2c_read' with solver Bitwuzla 0.8.2
Encoding remaining VCC(s) using bit-vector/floating-point arithmetic
Encoding to solver time: 0.049s
Solving with solver Bitwuzla 0.8.2
Runtime decision procedure: 0.003s
✓ PASSED: '(signed int)this->_active_register == 0 && (signed int)this->_active_register == 1 && (signed int)this->_active_register == 2 && (signed int)this->_active_register != 3 at file /Users/user/NVIDIA-OpenSMA/src/nv/emulation/pca9555.cpp line 101 column 14 function i2c_read'
Slicing time: 0.005s (removed 0 assignments)
No solver specified; defaulting to bitwuzla
Solving claim '(signed int)this->_active_register == 0 && (signed int)this->_active_register == 1 && (signed int)this->_active_register == 2 && (signed int)this->_active_register == 3 at file /Users/user/NVIDIA-OpenSMA/src/nv/emulation/pca9555.cpp line 101 column 14 function i2c_read' with solver Bitwuzla 0.8.2
Encoding remaining VCC(s) using bit-vector/floating-point arithmetic
Encoding to solver time: 0.048s
Solving with solver Bitwuzla 0.8.2
Runtime decision procedure: 0.003s
✓ PASSED: '(signed int)this->_active_register == 0 && (signed int)this->_active_register == 1 && (signed int)this->_active_register == 2 && (signed int)this->_active_register == 3 at file /Users/user/NVIDIA-OpenSMA/src/nv/emulation/pca9555.cpp line 101 column 14 function i2c_read'
Slicing time: 0.005s (removed 0 assignments)
No solver specified; defaulting to bitwuzla
Solving claim '(signed int)this->_active_register != 0 && (signed int)this->_active_register == 1 && (signed int)this->_active_register == 2 && (signed int)this->_active_register != 3 at file /Users/user/NVIDIA-OpenSMA/src/nv/emulation/pca9555.cpp line 101 column 14 function i2c_read' with solver Bitwuzla 0.8.2
Encoding remaining VCC(s) using bit-vector/floating-point arithmetic
Encoding to solver time: 0.047s
Solving with solver Bitwuzla 0.8.2
Runtime decision procedure: 0.003s
✓ PASSED: '(signed int)this->_active_register != 0 && (signed int)this->_active_register == 1 && (signed int)this->_active_register == 2 && (signed int)this->_active_register != 3 at file /Users/user/NVIDIA-OpenSMA/src/nv/emulation/pca9555.cpp line 101 column 14 function i2c_read'
Slicing time: 0.005s (removed 0 assignments)
No solver specified; defaulting to bitwuzla
Solving claim '(signed int)this->_active_register != 0 && (signed int)this->_active_register == 1 && (signed int)this->_active_register == 2 && (signed int)this->_active_register == 3 at file /Users/user/NVIDIA-OpenSMA/src/nv/emulation/pca9555.cpp line 101 column 14 function i2c_read' with solver Bitwuzla 0.8.2
Encoding remaining VCC(s) using bit-vector/floating-point arithmetic
Encoding to solver time: 0.048s
Solving with solver Bitwuzla 0.8.2
Runtime decision procedure: 0.003s
✓ PASSED: '(signed int)this->_active_register != 0 && (signed int)this->_active_register == 1 && (signed int)this->_active_register == 2 && (signed int)this->_active_register == 3 at file /Users/user/NVIDIA-OpenSMA/src/nv/emulation/pca9555.cpp line 101 column 14 function i2c_read'
Slicing time: 0.004s (removed 0 assignments)
No solver specified; defaulting to bitwuzla
Solving claim '(signed int)this->_active_register == 0 && (signed int)this->_active_register != 1 && (signed int)this->_active_register == 2 && (signed int)this->_active_register != 3 at file /Users/user/NVIDIA-OpenSMA/src/nv/emulation/pca9555.cpp line 101 column 14 function i2c_read' with solver Bitwuzla 0.8.2
Encoding remaining VCC(s) using bit-vector/floating-point arithmetic
Encoding to solver time: 0.048s
Solving with solver Bitwuzla 0.8.2
Runtime decision procedure: 0.003s
✓ PASSED: '(signed int)this->_active_register == 0 && (signed int)this->_active_register != 1 && (signed int)this->_active_register == 2 && (signed int)this->_active_register != 3 at file /Users/user/NVIDIA-OpenSMA/src/nv/emulation/pca9555.cpp line 101 column 14 function i2c_read'
Slicing time: 0.006s (removed 0 assignments)
No solver specified; defaulting to bitwuzla
Solving claim '(signed int)this->_active_register == 0 && (signed int)this->_active_register != 1 && (signed int)this->_active_register == 2 && (signed int)this->_active_register == 3 at file /Users/user/NVIDIA-OpenSMA/src/nv/emulation/pca9555.cpp line 101 column 14 function i2c_read' with solver Bitwuzla 0.8.2
Encoding remaining VCC(s) using bit-vector/floating-point arithmetic
Encoding to solver time: 0.048s
Solving with solver Bitwuzla 0.8.2
Runtime decision procedure: 0.003s
✓ PASSED: '(signed int)this->_active_register == 0 && (signed int)this->_active_register != 1 && (signed int)this->_active_register == 2 && (signed int)this->_active_register == 3 at file /Users/user/NVIDIA-OpenSMA/src/nv/emulation/pca9555.cpp line 101 column 14 function i2c_read'
Slicing time: 0.005s (removed 0 assignments)
No solver specified; defaulting to bitwuzla
Solving claim '(signed int)this->_active_register != 0 && (signed int)this->_active_register != 1 && (signed int)this->_active_register == 2 && (signed int)this->_active_register != 3 at file /Users/user/NVIDIA-OpenSMA/src/nv/emulation/pca9555.cpp line 101 column 14 function i2c_read' with solver Bitwuzla 0.8.2
Encoding remaining VCC(s) using bit-vector/floating-point arithmetic
Encoding to solver time: 0.048s
Solving with solver Bitwuzla 0.8.2
Runtime decision procedure: 0.003s
✓ PASSED: '(signed int)this->_active_register != 0 && (signed int)this->_active_register != 1 && (signed int)this->_active_register == 2 && (signed int)this->_active_register != 3 at file /Users/user/NVIDIA-OpenSMA/src/nv/emulation/pca9555.cpp line 101 column 14 function i2c_read'
Slicing time: 0.005s (removed 0 assignments)
No solver specified; defaulting to bitwuzla
Solving claim '(signed int)this->_active_register != 0 && (signed int)this->_active_register != 1 && (signed int)this->_active_register == 2 && (signed int)this->_active_register == 3 at file /Users/user/NVIDIA-OpenSMA/src/nv/emulation/pca9555.cpp line 101 column 14 function i2c_read' with solver Bitwuzla 0.8.2
Encoding remaining VCC(s) using bit-vector/floating-point arithmetic
Encoding to solver time: 0.048s
Solving with solver Bitwuzla 0.8.2
Runtime decision procedure: 0.003s
✓ PASSED: '(signed int)this->_active_register != 0 && (signed int)this->_active_register != 1 && (signed int)this->_active_register == 2 && (signed int)this->_active_register == 3 at file /Users/user/NVIDIA-OpenSMA/src/nv/emulation/pca9555.cpp line 101 column 14 function i2c_read'
Slicing time: 0.005s (removed 0 assignments)
No solver specified; defaulting to bitwuzla
Solving claim '(signed int)this->_active_register == 0 && (signed int)this->_active_register == 1 && (signed int)this->_active_register != 2 && (signed int)this->_active_register != 3 at file /Users/user/NVIDIA-OpenSMA/src/nv/emulation/pca9555.cpp line 101 column 14 function i2c_read' with solver Bitwuzla 0.8.2
Encoding remaining VCC(s) using bit-vector/floating-point arithmetic
Encoding to solver time: 0.050s
Solving with solver Bitwuzla 0.8.2
Runtime decision procedure: 0.003s
✓ PASSED: '(signed int)this->_active_register == 0 && (signed int)this->_active_register == 1 && (signed int)this->_active_register != 2 && (signed int)this->_active_register != 3 at file /Users/user/NVIDIA-OpenSMA/src/nv/emulation/pca9555.cpp line 101 column 14 function i2c_read'
Slicing time: 0.006s (removed 0 assignments)
No solver specified; defaulting to bitwuzla
Solving claim '(signed int)this->_active_register == 0 && (signed int)this->_active_register == 1 && (signed int)this->_active_register != 2 && (signed int)this->_active_register == 3 at file /Users/user/NVIDIA-OpenSMA/src/nv/emulation/pca9555.cpp line 101 column 14 function i2c_read' with solver Bitwuzla 0.8.2
Encoding remaining VCC(s) using bit-vector/floating-point arithmetic
Encoding to solver time: 0.049s
Solving with solver Bitwuzla 0.8.2
Runtime decision procedure: 0.003s
✓ PASSED: '(signed int)this->_active_register == 0 && (signed int)this->_active_register == 1 && (signed int)this->_active_register != 2 && (signed int)this->_active_register == 3 at file /Users/user/NVIDIA-OpenSMA/src/nv/emulation/pca9555.cpp line 101 column 14 function i2c_read'
Slicing time: 0.005s (removed 0 assignments)
No solver specified; defaulting to bitwuzla
Solving claim '(signed int)this->_active_register != 0 && (signed int)this->_active_register == 1 && (signed int)this->_active_register != 2 && (signed int)this->_active_register != 3 at file /Users/user/NVIDIA-OpenSMA/src/nv/emulation/pca9555.cpp line 101 column 14 function i2c_read' with solver Bitwuzla 0.8.2
Encoding remaining VCC(s) using bit-vector/floating-point arithmetic
Encoding to solver time: 0.049s
Solving with solver Bitwuzla 0.8.2
Runtime decision procedure: 0.003s
✓ PASSED: '(signed int)this->_active_register != 0 && (signed int)this->_active_register == 1 && (signed int)this->_active_register != 2 && (signed int)this->_active_register != 3 at file /Users/user/NVIDIA-OpenSMA/src/nv/emulation/pca9555.cpp line 101 column 14 function i2c_read'
Slicing time: 0.005s (removed 0 assignments)
No solver specified; defaulting to bitwuzla
Solving claim '(signed int)this->_active_register != 0 && (signed int)this->_active_register == 1 && (signed int)this->_active_register != 2 && (signed int)this->_active_register == 3 at file /Users/user/NVIDIA-OpenSMA/src/nv/emulation/pca9555.cpp line 101 column 14 function i2c_read' with solver Bitwuzla 0.8.2
Encoding remaining VCC(s) using bit-vector/floating-point arithmetic
Encoding to solver time: 0.049s
Solving with solver Bitwuzla 0.8.2
Runtime decision procedure: 0.003s
✓ PASSED: '(signed int)this->_active_register != 0 && (signed int)this->_active_register == 1 && (signed int)this->_active_register != 2 && (signed int)this->_active_register == 3 at file /Users/user/NVIDIA-OpenSMA/src/nv/emulation/pca9555.cpp line 101 column 14 function i2c_read'
Slicing time: 0.005s (removed 0 assignments)
No solver specified; defaulting to bitwuzla
Solving claim '(signed int)this->_active_register == 0 && (signed int)this->_active_register != 1 && (signed int)this->_active_register != 2 && (signed int)this->_active_register != 3 at file /Users/user/NVIDIA-OpenSMA/src/nv/emulation/pca9555.cpp line 101 column 14 function i2c_read' with solver Bitwuzla 0.8.2
Encoding remaining VCC(s) using bit-vector/floating-point arithmetic
Encoding to solver time: 0.048s
Solving with solver Bitwuzla 0.8.2
Runtime decision procedure: 0.005s
✓ PASSED: '(signed int)this->_active_register == 0 && (signed int)this->_active_register != 1 && (signed int)this->_active_register != 2 && (signed int)this->_active_register != 3 at file /Users/user/NVIDIA-OpenSMA/src/nv/emulation/pca9555.cpp line 101 column 14 function i2c_read'
Slicing time: 0.006s (removed 0 assignments)
No solver specified; defaulting to bitwuzla
Solving claim '(signed int)this->_active_register == 0 && (signed int)this->_active_register != 1 && (signed int)this->_active_register != 2 && (signed int)this->_active_register == 3 at file /Users/user/NVIDIA-OpenSMA/src/nv/emulation/pca9555.cpp line 101 column 14 function i2c_read' with solver Bitwuzla 0.8.2
Encoding remaining VCC(s) using bit-vector/floating-point arithmetic
Encoding to solver time: 0.049s
Solving with solver Bitwuzla 0.8.2
Runtime decision procedure: 0.003s
✓ PASSED: '(signed int)this->_active_register == 0 && (signed int)this->_active_register != 1 && (signed int)this->_active_register != 2 && (signed int)this->_active_register == 3 at file /Users/user/NVIDIA-OpenSMA/src/nv/emulation/pca9555.cpp line 101 column 14 function i2c_read'
Slicing time: 0.005s (removed 0 assignments)
No solver specified; defaulting to bitwuzla
Solving claim '(signed int)this->_active_register != 0 && (signed int)this->_active_register != 1 && (signed int)this->_active_register != 2 && (signed int)this->_active_register != 3 at file /Users/user/NVIDIA-OpenSMA/src/nv/emulation/pca9555.cpp line 101 column 14 function i2c_read' with solver Bitwuzla 0.8.2
Encoding remaining VCC(s) using bit-vector/floating-point arithmetic
Encoding to solver time: 0.048s
Solving with solver Bitwuzla 0.8.2
Runtime decision procedure: 0.003s
✓ PASSED: '(signed int)this->_active_register != 0 && (signed int)this->_active_register != 1 && (signed int)this->_active_register != 2 && (signed int)this->_active_register != 3 at file /Users/user/NVIDIA-OpenSMA/src/nv/emulation/pca9555.cpp line 101 column 14 function i2c_read'
Slicing time: 0.005s (removed 0 assignments)
No solver specified; defaulting to bitwuzla
Solving claim '(signed int)this->_active_register != 0 && (signed int)this->_active_register != 1 && (signed int)this->_active_register != 2 && (signed int)this->_active_register == 3 at file /Users/user/NVIDIA-OpenSMA/src/nv/emulation/pca9555.cpp line 101 column 14 function i2c_read' with solver Bitwuzla 0.8.2
Encoding remaining VCC(s) using bit-vector/floating-point arithmetic
Encoding to solver time: 0.047s
Solving with solver Bitwuzla 0.8.2
Runtime decision procedure: 0.003s
✓ PASSED: '(signed int)this->_active_register != 0 && (signed int)this->_active_register != 1 && (signed int)this->_active_register != 2 && (signed int)this->_active_register == 3 at file /Users/user/NVIDIA-OpenSMA/src/nv/emulation/pca9555.cpp line 101 column 14 function i2c_read'
Slicing time: 0.005s (removed 0 assignments)
No solver specified; defaulting to bitwuzla
Solving claim '(this->_new_command || !new_transaction::1) && (signed int)this->_active_register == 0 && (signed int)this->_active_register == 1 && (signed int)this->_active_register != 2 at file /Users/user/NVIDIA-OpenSMA/src/nv/emulation/pca9555.cpp line 96 column 14 function i2c_read' with solver Bitwuzla 0.8.2
Encoding remaining VCC(s) using bit-vector/floating-point arithmetic
Encoding to solver time: 0.049s
Solving with solver Bitwuzla 0.8.2
Runtime decision procedure: 0.003s
✓ PASSED: '(this->_new_command || !new_transaction::1) && (signed int)this->_active_register == 0 && (signed int)this->_active_register == 1 && (signed int)this->_active_register != 2 at file /Users/user/NVIDIA-OpenSMA/src/nv/emulation/pca9555.cpp line 96 column 14 function i2c_read'
Slicing time: 0.005s (removed 0 assignments)
No solver specified; defaulting to bitwuzla
Solving claim '(this->_new_command || !new_transaction::1) && (signed int)this->_active_register == 0 && (signed int)this->_active_register == 1 && (signed int)this->_active_register == 2 at file /Users/user/NVIDIA-OpenSMA/src/nv/emulation/pca9555.cpp line 96 column 14 function i2c_read' with solver Bitwuzla 0.8.2
Encoding remaining VCC(s) using bit-vector/floating-point arithmetic
Encoding to solver time: 0.049s
Solving with solver Bitwuzla 0.8.2
Runtime decision procedure: 0.003s
✓ PASSED: '(this->_new_command || !new_transaction::1) && (signed int)this->_active_register == 0 && (signed int)this->_active_register == 1 && (signed int)this->_active_register == 2 at file /Users/user/NVIDIA-OpenSMA/src/nv/emulation/pca9555.cpp line 96 column 14 function i2c_read'
Slicing time: 0.006s (removed 0 assignments)
No solver specified; defaulting to bitwuzla
Solving claim '!this->_new_command && new_transaction::1 && (signed int)this->_active_register == 0 && (signed int)this->_active_register == 1 && (signed int)this->_active_register != 2 at file /Users/user/NVIDIA-OpenSMA/src/nv/emulation/pca9555.cpp line 96 column 14 function i2c_read' with solver Bitwuzla 0.8.2
Encoding remaining VCC(s) using bit-vector/floating-point arithmetic
Encoding to solver time: 0.047s
Solving with solver Bitwuzla 0.8.2
Runtime decision procedure: 0.003s
✓ PASSED: '!this->_new_command && new_transaction::1 && (signed int)this->_active_register == 0 && (signed int)this->_active_register == 1 && (signed int)this->_active_register != 2 at file /Users/user/NVIDIA-OpenSMA/src/nv/emulation/pca9555.cpp line 96 column 14 function i2c_read'
Slicing time: 0.005s (removed 0 assignments)
No solver specified; defaulting to bitwuzla
Solving claim '!this->_new_command && new_transaction::1 && (signed int)this->_active_register == 0 && (signed int)this->_active_register == 1 && (signed int)this->_active_register == 2 at file /Users/user/NVIDIA-OpenSMA/src/nv/emulation/pca9555.cpp line 96 column 14 function i2c_read' with solver Bitwuzla 0.8.2
Encoding remaining VCC(s) using bit-vector/floating-point arithmetic
Encoding to solver time: 0.048s
Solving with solver Bitwuzla 0.8.2
Runtime decision procedure: 0.003s
✓ PASSED: '!this->_new_command && new_transaction::1 && (signed int)this->_active_register == 0 && (signed int)this->_active_register == 1 && (signed int)this->_active_register == 2 at file /Users/user/NVIDIA-OpenSMA/src/nv/emulation/pca9555.cpp line 96 column 14 function i2c_read'
Slicing time: 0.005s (removed 0 assignments)
No solver specified; defaulting to bitwuzla
Solving claim '(this->_new_command || !new_transaction::1) && (signed int)this->_active_register != 0 && (signed int)this->_active_register == 1 && (signed int)this->_active_register != 2 at file /Users/user/NVIDIA-OpenSMA/src/nv/emulation/pca9555.cpp line 96 column 14 function i2c_read' with solver Bitwuzla 0.8.2
Encoding remaining VCC(s) using bit-vector/floating-point arithmetic
Encoding to solver time: 0.047s
Solving with solver Bitwuzla 0.8.2
Runtime decision procedure: 0.003s
✓ PASSED: '(this->_new_command || !new_transaction::1) && (signed int)this->_active_register != 0 && (signed int)this->_active_register == 1 && (signed int)this->_active_register != 2 at file /Users/user/NVIDIA-OpenSMA/src/nv/emulation/pca9555.cpp line 96 column 14 function i2c_read'
Slicing time: 0.006s (removed 0 assignments)
No solver specified; defaulting to bitwuzla
Solving claim '(this->_new_command || !new_transaction::1) && (signed int)this->_active_register != 0 && (signed int)this->_active_register == 1 && (signed int)this->_active_register == 2 at file /Users/user/NVIDIA-OpenSMA/src/nv/emulation/pca9555.cpp line 96 column 14 function i2c_read' with solver Bitwuzla 0.8.2
Encoding remaining VCC(s) using bit-vector/floating-point arithmetic
Encoding to solver time: 0.048s
Solving with solver Bitwuzla 0.8.2
Runtime decision procedure: 0.003s
✓ PASSED: '(this->_new_command || !new_transaction::1) && (signed int)this->_active_register != 0 && (signed int)this->_active_register == 1 && (signed int)this->_active_register == 2 at file /Users/user/NVIDIA-OpenSMA/src/nv/emulation/pca9555.cpp line 96 column 14 function i2c_read'
Slicing time: 0.005s (removed 0 assignments)
No solver specified; defaulting to bitwuzla
Solving claim '!this->_new_command && new_transaction::1 && (signed int)this->_active_register != 0 && (signed int)this->_active_register == 1 && (signed int)this->_active_register != 2 at file /Users/user/NVIDIA-OpenSMA/src/nv/emulation/pca9555.cpp line 96 column 14 function i2c_read' with solver Bitwuzla 0.8.2
Encoding remaining VCC(s) using bit-vector/floating-point arithmetic
Encoding to solver time: 0.048s
Solving with solver Bitwuzla 0.8.2
Runtime decision procedure: 0.003s
✓ PASSED: '!this->_new_command && new_transaction::1 && (signed int)this->_active_register != 0 && (signed int)this->_active_register == 1 && (signed int)this->_active_register != 2 at file /Users/user/NVIDIA-OpenSMA/src/nv/emulation/pca9555.cpp line 96 column 14 function i2c_read'
Slicing time: 0.005s (removed 0 assignments)
No solver specified; defaulting to bitwuzla
Solving claim '!this->_new_command && new_transaction::1 && (signed int)this->_active_register != 0 && (signed int)this->_active_register == 1 && (signed int)this->_active_register == 2 at file /Users/user/NVIDIA-OpenSMA/src/nv/emulation/pca9555.cpp line 96 column 14 function i2c_read' with solver Bitwuzla 0.8.2
Encoding remaining VCC(s) using bit-vector/floating-point arithmetic
Encoding to solver time: 0.048s
Solving with solver Bitwuzla 0.8.2
Runtime decision procedure: 0.003s
✓ PASSED: '!this->_new_command && new_transaction::1 && (signed int)this->_active_register != 0 && (signed int)this->_active_register == 1 && (signed int)this->_active_register == 2 at file /Users/user/NVIDIA-OpenSMA/src/nv/emulation/pca9555.cpp line 96 column 14 function i2c_read'
Slicing time: 0.006s (removed 0 assignments)
No solver specified; defaulting to bitwuzla
Solving claim '(this->_new_command || !new_transaction::1) && (signed int)this->_active_register == 0 && (signed int)this->_active_register != 1 && (signed int)this->_active_register != 2 at file /Users/user/NVIDIA-OpenSMA/src/nv/emulation/pca9555.cpp line 96 column 14 function i2c_read' with solver Bitwuzla 0.8.2
Encoding remaining VCC(s) using bit-vector/floating-point arithmetic
Encoding to solver time: 0.049s
Solving with solver Bitwuzla 0.8.2
Runtime decision procedure: 0.003s
✓ PASSED: '(this->_new_command || !new_transaction::1) && (signed int)this->_active_register == 0 && (signed int)this->_active_register != 1 && (signed int)this->_active_register != 2 at file /Users/user/NVIDIA-OpenSMA/src/nv/emulation/pca9555.cpp line 96 column 14 function i2c_read'
Slicing time: 0.005s (removed 0 assignments)
No solver specified; defaulting to bitwuzla
Solving claim '(this->_new_command || !new_transaction::1) && (signed int)this->_active_register == 0 && (signed int)this->_active_register != 1 && (signed int)this->_active_register == 2 at file /Users/user/NVIDIA-OpenSMA/src/nv/emulation/pca9555.cpp line 96 column 14 function i2c_read' with solver Bitwuzla 0.8.2
Encoding remaining VCC(s) using bit-vector/floating-point arithmetic
Encoding to solver time: 0.049s
Solving with solver Bitwuzla 0.8.2
Runtime decision procedure: 0.003s
✓ PASSED: '(this->_new_command || !new_transaction::1) && (signed int)this->_active_register == 0 && (signed int)this->_active_register != 1 && (signed int)this->_active_register == 2 at file /Users/user/NVIDIA-OpenSMA/src/nv/emulation/pca9555.cpp line 96 column 14 function i2c_read'
Slicing time: 0.005s (removed 0 assignments)
No solver specified; defaulting to bitwuzla
Solving claim '!this->_new_command && new_transaction::1 && (signed int)this->_active_register == 0 && (signed int)this->_active_register != 1 && (signed int)this->_active_register != 2 at file /Users/user/NVIDIA-OpenSMA/src/nv/emulation/pca9555.cpp line 96 column 14 function i2c_read' with solver Bitwuzla 0.8.2
Encoding remaining VCC(s) using bit-vector/floating-point arithmetic
Encoding to solver time: 0.049s
Solving with solver Bitwuzla 0.8.2
Runtime decision procedure: 0.006s
✓ PASSED: '!this->_new_command && new_transaction::1 && (signed int)this->_active_register == 0 && (signed int)this->_active_register != 1 && (signed int)this->_active_register != 2 at file /Users/user/NVIDIA-OpenSMA/src/nv/emulation/pca9555.cpp line 96 column 14 function i2c_read'
Slicing time: 0.005s (removed 0 assignments)
No solver specified; defaulting to bitwuzla
Solving claim '!this->_new_command && new_transaction::1 && (signed int)this->_active_register == 0 && (signed int)this->_active_register != 1 && (signed int)this->_active_register == 2 at file /Users/user/NVIDIA-OpenSMA/src/nv/emulation/pca9555.cpp line 96 column 14 function i2c_read' with solver Bitwuzla 0.8.2
Encoding remaining VCC(s) using bit-vector/floating-point arithmetic
Encoding to solver time: 0.046s
Solving with solver Bitwuzla 0.8.2
Runtime decision procedure: 0.003s
✓ PASSED: '!this->_new_command && new_transaction::1 && (signed int)this->_active_register == 0 && (signed int)this->_active_register != 1 && (signed int)this->_active_register == 2 at file /Users/user/NVIDIA-OpenSMA/src/nv/emulation/pca9555.cpp line 96 column 14 function i2c_read'
Slicing time: 0.005s (removed 0 assignments)
No solver specified; defaulting to bitwuzla
Solving claim '(this->_new_command || !new_transaction::1) && (signed int)this->_active_register != 0 && (signed int)this->_active_register != 1 && (signed int)this->_active_register != 2 at file /Users/user/NVIDIA-OpenSMA/src/nv/emulation/pca9555.cpp line 96 column 14 function i2c_read' with solver Bitwuzla 0.8.2
Encoding remaining VCC(s) using bit-vector/floating-point arithmetic
Encoding to solver time: 0.048s
Solving with solver Bitwuzla 0.8.2
Runtime decision procedure: 0.003s
✓ PASSED: '(this->_new_command || !new_transaction::1) && (signed int)this->_active_register != 0 && (signed int)this->_active_register != 1 && (signed int)this->_active_register != 2 at file /Users/user/NVIDIA-OpenSMA/src/nv/emulation/pca9555.cpp line 96 column 14 function i2c_read'
Slicing time: 0.006s (removed 0 assignments)
No solver specified; defaulting to bitwuzla
Solving claim '(this->_new_command || !new_transaction::1) && (signed int)this->_active_register != 0 && (signed int)this->_active_register != 1 && (signed int)this->_active_register == 2 at file /Users/user/NVIDIA-OpenSMA/src/nv/emulation/pca9555.cpp line 96 column 14 function i2c_read' with solver Bitwuzla 0.8.2
Encoding remaining VCC(s) using bit-vector/floating-point arithmetic
Encoding to solver time: 0.048s
Solving with solver Bitwuzla 0.8.2
Runtime decision procedure: 0.003s
✓ PASSED: '(this->_new_command || !new_transaction::1) && (signed int)this->_active_register != 0 && (signed int)this->_active_register != 1 && (signed int)this->_active_register == 2 at file /Users/user/NVIDIA-OpenSMA/src/nv/emulation/pca9555.cpp line 96 column 14 function i2c_read'
Slicing time: 0.005s (removed 0 assignments)
No solver specified; defaulting to bitwuzla
Solving claim '!this->_new_command && new_transaction::1 && (signed int)this->_active_register != 0 && (signed int)this->_active_register != 1 && (signed int)this->_active_register != 2 at file /Users/user/NVIDIA-OpenSMA/src/nv/emulation/pca9555.cpp line 96 column 14 function i2c_read' with solver Bitwuzla 0.8.2
Encoding remaining VCC(s) using bit-vector/floating-point arithmetic
Encoding to solver time: 0.049s
Solving with solver Bitwuzla 0.8.2
Runtime decision procedure: 0.003s
✓ PASSED: '!this->_new_command && new_transaction::1 && (signed int)this->_active_register != 0 && (signed int)this->_active_register != 1 && (signed int)this->_active_register != 2 at file /Users/user/NVIDIA-OpenSMA/src/nv/emulation/pca9555.cpp line 96 column 14 function i2c_read'
Slicing time: 0.005s (removed 0 assignments)
No solver specified; defaulting to bitwuzla
Solving claim '!this->_new_command && new_transaction::1 && (signed int)this->_active_register != 0 && (signed int)this->_active_register != 1 && (signed int)this->_active_register == 2 at file /Users/user/NVIDIA-OpenSMA/src/nv/emulation/pca9555.cpp line 96 column 14 function i2c_read' with solver Bitwuzla 0.8.2
Encoding remaining VCC(s) using bit-vector/floating-point arithmetic
Encoding to solver time: 0.048s
Solving with solver Bitwuzla 0.8.2
Runtime decision procedure: 0.003s
✓ PASSED: '!this->_new_command && new_transaction::1 && (signed int)this->_active_register != 0 && (signed int)this->_active_register != 1 && (signed int)this->_active_register == 2 at file /Users/user/NVIDIA-OpenSMA/src/nv/emulation/pca9555.cpp line 96 column 14 function i2c_read'
Slicing time: 0.005s (removed 0 assignments)
No solver specified; defaulting to bitwuzla
Solving claim '(this->_new_command || !new_transaction::1) && (signed int)this->_active_register == 0 && (signed int)this->_active_register != 1 at file /Users/user/NVIDIA-OpenSMA/src/nv/emulation/pca9555.cpp line 91 column 14 function i2c_read' with solver Bitwuzla 0.8.2
Encoding remaining VCC(s) using bit-vector/floating-point arithmetic
Encoding to solver time: 0.049s
Solving with solver Bitwuzla 0.8.2
Runtime decision procedure: 0.003s
✓ PASSED: '(this->_new_command || !new_transaction::1) && (signed int)this->_active_register == 0 && (signed int)this->_active_register != 1 at file /Users/user/NVIDIA-OpenSMA/src/nv/emulation/pca9555.cpp line 91 column 14 function i2c_read'
Slicing time: 0.005s (removed 0 assignments)
No solver specified; defaulting to bitwuzla
Solving claim '(this->_new_command || !new_transaction::1) && (signed int)this->_active_register == 0 && (signed int)this->_active_register == 1 at file /Users/user/NVIDIA-OpenSMA/src/nv/emulation/pca9555.cpp line 91 column 14 function i2c_read' with solver Bitwuzla 0.8.2
Encoding remaining VCC(s) using bit-vector/floating-point arithmetic
Encoding to solver time: 0.049s
Solving with solver Bitwuzla 0.8.2
Runtime decision procedure: 0.003s
✓ PASSED: '(this->_new_command || !new_transaction::1) && (signed int)this->_active_register == 0 && (signed int)this->_active_register == 1 at file /Users/user/NVIDIA-OpenSMA/src/nv/emulation/pca9555.cpp line 91 column 14 function i2c_read'
Slicing time: 0.005s (removed 0 assignments)
No solver specified; defaulting to bitwuzla
Solving claim '!this->_new_command && new_transaction::1 && (signed int)this->_active_register == 0 && (signed int)this->_active_register != 1 at file /Users/user/NVIDIA-OpenSMA/src/nv/emulation/pca9555.cpp line 91 column 14 function i2c_read' with solver Bitwuzla 0.8.2
Encoding remaining VCC(s) using bit-vector/floating-point arithmetic
Encoding to solver time: 0.048s
Solving with solver Bitwuzla 0.8.2
Runtime decision procedure: 0.006s
✓ PASSED: '!this->_new_command && new_transaction::1 && (signed int)this->_active_register == 0 && (signed int)this->_active_register != 1 at file /Users/user/NVIDIA-OpenSMA/src/nv/emulation/pca9555.cpp line 91 column 14 function i2c_read'
Slicing time: 0.005s (removed 0 assignments)
No solver specified; defaulting to bitwuzla
Solving claim '!this->_new_command && new_transaction::1 && (signed int)this->_active_register == 0 && (signed int)this->_active_register == 1 at file /Users/user/NVIDIA-OpenSMA/src/nv/emulation/pca9555.cpp line 91 column 14 function i2c_read' with solver Bitwuzla 0.8.2
Encoding remaining VCC(s) using bit-vector/floating-point arithmetic
Encoding to solver time: 0.047s
Solving with solver Bitwuzla 0.8.2
Runtime decision procedure: 0.003s
✓ PASSED: '!this->_new_command && new_transaction::1 && (signed int)this->_active_register == 0 && (signed int)this->_active_register == 1 at file /Users/user/NVIDIA-OpenSMA/src/nv/emulation/pca9555.cpp line 91 column 14 function i2c_read'
Slicing time: 0.005s (removed 0 assignments)
No solver specified; defaulting to bitwuzla
Solving claim '(this->_new_command || !new_transaction::1) && (signed int)this->_active_register != 0 && (signed int)this->_active_register != 1 at file /Users/user/NVIDIA-OpenSMA/src/nv/emulation/pca9555.cpp line 91 column 14 function i2c_read' with solver Bitwuzla 0.8.2
Encoding remaining VCC(s) using bit-vector/floating-point arithmetic
Encoding to solver time: 0.048s
Solving with solver Bitwuzla 0.8.2
Runtime decision procedure: 0.003s
✓ PASSED: '(this->_new_command || !new_transaction::1) && (signed int)this->_active_register != 0 && (signed int)this->_active_register != 1 at file /Users/user/NVIDIA-OpenSMA/src/nv/emulation/pca9555.cpp line 91 column 14 function i2c_read'
Slicing time: 0.005s (removed 0 assignments)
No solver specified; defaulting to bitwuzla
Solving claim '(this->_new_command || !new_transaction::1) && (signed int)this->_active_register != 0 && (signed int)this->_active_register == 1 at file /Users/user/NVIDIA-OpenSMA/src/nv/emulation/pca9555.cpp line 91 column 14 function i2c_read' with solver Bitwuzla 0.8.2
Encoding remaining VCC(s) using bit-vector/floating-point arithmetic
Encoding to solver time: 0.047s
Solving with solver Bitwuzla 0.8.2
Runtime decision procedure: 0.002s
✓ PASSED: '(this->_new_command || !new_transaction::1) && (signed int)this->_active_register != 0 && (signed int)this->_active_register == 1 at file /Users/user/NVIDIA-OpenSMA/src/nv/emulation/pca9555.cpp line 91 column 14 function i2c_read'
Slicing time: 0.005s (removed 0 assignments)
No solver specified; defaulting to bitwuzla
Solving claim '!this->_new_command && new_transaction::1 && (signed int)this->_active_register != 0 && (signed int)this->_active_register != 1 at file /Users/user/NVIDIA-OpenSMA/src/nv/emulation/pca9555.cpp line 91 column 14 function i2c_read' with solver Bitwuzla 0.8.2
Encoding remaining VCC(s) using bit-vector/floating-point arithmetic
Encoding to solver time: 0.048s
Solving with solver Bitwuzla 0.8.2
Runtime decision procedure: 0.003s
✓ PASSED: '!this->_new_command && new_transaction::1 && (signed int)this->_active_register != 0 && (signed int)this->_active_register != 1 at file /Users/user/NVIDIA-OpenSMA/src/nv/emulation/pca9555.cpp line 91 column 14 function i2c_read'
Slicing time: 0.005s (removed 0 assignments)
No solver specified; defaulting to bitwuzla
Solving claim '!this->_new_command && new_transaction::1 && (signed int)this->_active_register != 0 && (signed int)this->_active_register == 1 at file /Users/user/NVIDIA-OpenSMA/src/nv/emulation/pca9555.cpp line 91 column 14 function i2c_read' with solver Bitwuzla 0.8.2
Encoding remaining VCC(s) using bit-vector/floating-point arithmetic
Encoding to solver time: 0.050s
Solving with solver Bitwuzla 0.8.2
Runtime decision procedure: 0.003s
✓ PASSED: '!this->_new_command && new_transaction::1 && (signed int)this->_active_register != 0 && (signed int)this->_active_register == 1 at file /Users/user/NVIDIA-OpenSMA/src/nv/emulation/pca9555.cpp line 91 column 14 function i2c_read'
Slicing time: 0.005s (removed 0 assignments)
No solver specified; defaulting to bitwuzla
Solving claim '(this->_new_command || !new_transaction::1) && (signed int)this->_active_register != 0 at file /Users/user/NVIDIA-OpenSMA/src/nv/emulation/pca9555.cpp line 83 column 14 function i2c_read' with solver Bitwuzla 0.8.2
Encoding remaining VCC(s) using bit-vector/floating-point arithmetic
Encoding to solver time: 0.049s
Solving with solver Bitwuzla 0.8.2
Runtime decision procedure: 0.003s
✓ PASSED: '(this->_new_command || !new_transaction::1) && (signed int)this->_active_register != 0 at file /Users/user/NVIDIA-OpenSMA/src/nv/emulation/pca9555.cpp line 83 column 14 function i2c_read'
Slicing time: 0.005s (removed 0 assignments)
No solver specified; defaulting to bitwuzla
Solving claim '!this->_new_command && new_transaction::1 && (signed int)this->_active_register != 0 at file /Users/user/NVIDIA-OpenSMA/src/nv/emulation/pca9555.cpp line 83 column 14 function i2c_read' with solver Bitwuzla 0.8.2
Encoding remaining VCC(s) using bit-vector/floating-point arithmetic
Encoding to solver time: 0.050s
Solving with solver Bitwuzla 0.8.2
Runtime decision procedure: 0.003s
✓ PASSED: '!this->_new_command && new_transaction::1 && (signed int)this->_active_register != 0 at file /Users/user/NVIDIA-OpenSMA/src/nv/emulation/pca9555.cpp line 83 column 14 function i2c_read'
Slicing time: 0.005s (removed 0 assignments)
No solver specified; defaulting to bitwuzla
Solving claim '!this->_new_command && new_transaction::1 at file /Users/user/NVIDIA-OpenSMA/src/nv/emulation/pca9555.cpp line 75 column 5 function i2c_read' with solver Bitwuzla 0.8.2
Encoding remaining VCC(s) using bit-vector/floating-point arithmetic
Encoding to solver time: 0.048s
Solving with solver Bitwuzla 0.8.2
Runtime decision procedure: 0.003s
✓ PASSED: '!this->_new_command && new_transaction::1 at file /Users/user/NVIDIA-OpenSMA/src/nv/emulation/pca9555.cpp line 75 column 5 function i2c_read'
Properties: 305 verified ✓ 302 passed, ✗ 3 failed
Solver: Bitwuzla 0.8.2 • Decision procedure total time: 7.687s • Avg: 0.025s/property

VERIFICATION FAILED

Bug found (k = 2)
Checking base case, k = 3
Starting Bounded Model Checking
✓ PASSED: '!this->_new_command && new_transaction::1' at file /Users/user/NVIDIA-OpenSMA/src/nv/emulation/pca9555.cpp line 75 column 5 function i2c_read
✓ PASSED: '!this->_new_command && new_transaction::1 && (signed int)this->_active_register != 0' at file /Users/user/NVIDIA-OpenSMA/src/nv/emulation/pca9555.cpp line 83 column 14 function i2c_read
✓ PASSED: '!this->_new_command && new_transaction::1 && (signed int)this->_active_register != 0 && (signed int)this->_active_register == 1' at file /Users/user/NVIDIA-OpenSMA/src/nv/emulation/pca9555.cpp line 91 column 14 function i2c_read
✓ PASSED: '!this->_new_command && new_transaction::1 && (signed int)this->_active_register != 0 && (signed int)this->_active_register != 1' at file /Users/user/NVIDIA-OpenSMA/src/nv/emulation/pca9555.cpp line 91 column 14 function i2c_read
✓ PASSED: '!this->_new_command && new_transaction::1 && (signed int)this->_active_register == 0 && (signed int)this->_active_register == 1' at file /Users/user/NVIDIA-OpenSMA/src/nv/emulation/pca9555.cpp line 91 column 14 function i2c_read
✓ PASSED: '!this->_new_command && new_transaction::1 && (signed int)this->_active_register == 0 && (signed int)this->_active_register != 1' at file /Users/user/NVIDIA-OpenSMA/src/nv/emulation/pca9555.cpp line 91 column 14 function i2c_read
✓ PASSED: '!this->_new_command && new_transaction::1 && (signed int)this->_active_register != 0 && (signed int)this->_active_register != 1 && (signed int)this->_active_register == 2' at file /Users/user/NVIDIA-OpenSMA/src/nv/emulation/pca9555.cpp line 96 column 14 function i2c_read
✓ PASSED: '!this->_new_command && new_transaction::1 && (signed int)this->_active_register != 0 && (signed int)this->_active_register != 1 && (signed int)this->_active_register != 2' at file /Users/user/NVIDIA-OpenSMA/src/nv/emulation/pca9555.cpp line 96 column 14 function i2c_read
✓ PASSED: '!this->_new_command && new_transaction::1 && (signed int)this->_active_register == 0 && (signed int)this->_active_register != 1 && (signed int)this->_active_register == 2' at file /Users/user/NVIDIA-OpenSMA/src/nv/emulation/pca9555.cpp line 96 column 14 function i2c_read
✓ PASSED: '!this->_new_command && new_transaction::1 && (signed int)this->_active_register == 0 && (signed int)this->_active_register != 1 && (signed int)this->_active_register != 2' at file /Users/user/NVIDIA-OpenSMA/src/nv/emulation/pca9555.cpp line 96 column 14 function i2c_read
✓ PASSED: '!this->_new_command && new_transaction::1 && (signed int)this->_active_register != 0 && (signed int)this->_active_register == 1 && (signed int)this->_active_register == 2' at file /Users/user/NVIDIA-OpenSMA/src/nv/emulation/pca9555.cpp line 96 column 14 function i2c_read
✓ PASSED: '!this->_new_command && new_transaction::1 && (signed int)this->_active_register != 0 && (signed int)this->_active_register == 1 && (signed int)this->_active_register != 2' at file /Users/user/NVIDIA-OpenSMA/src/nv/emulation/pca9555.cpp line 96 column 14 function i2c_read
✓ PASSED: '!this->_new_command && new_transaction::1 && (signed int)this->_active_register == 0 && (signed int)this->_active_register == 1 && (signed int)this->_active_register == 2' at file /Users/user/NVIDIA-OpenSMA/src/nv/emulation/pca9555.cpp line 96 column 14 function i2c_read
✓ PASSED: '!this->_new_command && new_transaction::1 && (signed int)this->_active_register == 0 && (signed int)this->_active_register == 1 && (signed int)this->_active_register != 2' at file /Users/user/NVIDIA-OpenSMA/src/nv/emulation/pca9555.cpp line 96 column 14 function i2c_read
✓ PASSED: '(signed int)data_length::1 == 1 && (signed int)data_length::1 <= 3' at file /Users/user/NVIDIA-OpenSMA/src/nv/emulation/pca9555.cpp line 138 column 5 function i2c_write
✓ PASSED: '(signed int)data_length::1 == 1 && (signed int)data_length::1 > 3' at file /Users/user/NVIDIA-OpenSMA/src/nv/emulation/pca9555.cpp line 138 column 5 function i2c_write
✓ PASSED: '(signed int)data_length::1 != 1 && (signed int)data_length::1 > 3' at file /Users/user/NVIDIA-OpenSMA/src/nv/emulation/pca9555.cpp line 138 column 5 function i2c_write
✓ PASSED: '(signed int)data_length::1 == 1 && (signed int)data_length::1 > 3 && (signed int)i >= (signed int)data_length::1' at file /Users/user/NVIDIA-OpenSMA/src/nv/emulation/pca9555.cpp line 142 column 5 function i2c_write
✓ PASSED: '(signed int)data_length::1 == 1 && (signed int)data_length::1 > 3 && (signed int)i < (signed int)data_length::1' at file /Users/user/NVIDIA-OpenSMA/src/nv/emulation/pca9555.cpp line 142 column 5 function i2c_write
✓ PASSED: '(signed int)data_length::1 != 1 && (signed int)data_length::1 > 3 && (signed int)i >= (signed int)data_length::1' at file /Users/user/NVIDIA-OpenSMA/src/nv/emulation/pca9555.cpp line 142 column 5 function i2c_write
✓ PASSED: '(signed int)data_length::1 != 1 && (signed int)data_length::1 > 3 && (signed int)i < (signed int)data_length::1' at file /Users/user/NVIDIA-OpenSMA/src/nv/emulation/pca9555.cpp line 142 column 5 function i2c_write
✓ PASSED: '(signed int)data_length::1 == 1 && (signed int)data_length::1 <= 3 && (signed int)i >= (signed int)data_length::1' at file /Users/user/NVIDIA-OpenSMA/src/nv/emulation/pca9555.cpp line 142 column 5 function i2c_write
✓ PASSED: '(signed int)data_length::1 == 1 && (signed int)data_length::1 <= 3 && (signed int)i < (signed int)data_length::1' at file /Users/user/NVIDIA-OpenSMA/src/nv/emulation/pca9555.cpp line 142 column 5 function i2c_write
✓ PASSED: '(signed int)data_length::1 == 1 && (signed int)data_length::1 > 3 && (signed int)i < (signed int)data_length::1 && (signed int)CommandRegister == 0' at file /Users/user/NVIDIA-OpenSMA/src/nv/emulation/pca9555.cpp line 147 column 18 function i2c_write
✓ PASSED: '(signed int)data_length::1 == 1 && (signed int)data_length::1 > 3 && (signed int)i < (signed int)data_length::1 && (signed int)CommandRegister != 0' at file /Users/user/NVIDIA-OpenSMA/src/nv/emulation/pca9555.cpp line 147 column 18 function i2c_write
✓ PASSED: '(signed int)data_length::1 != 1 && (signed int)data_length::1 > 3 && (signed int)i < (signed int)data_length::1 && (signed int)CommandRegister == 0' at file /Users/user/NVIDIA-OpenSMA/src/nv/emulation/pca9555.cpp line 147 column 18 function i2c_write
✓ PASSED: '(signed int)data_length::1 != 1 && (signed int)data_length::1 > 3 && (signed int)i < (signed int)data_length::1 && (signed int)CommandRegister != 0' at file /Users/user/NVIDIA-OpenSMA/src/nv/emulation/pca9555.cpp line 147 column 18 function i2c_write
✓ PASSED: '(signed int)data_length::1 == 1 && (signed int)data_length::1 <= 3 && (signed int)i < (signed int)data_length::1 && (signed int)CommandRegister == 0' at file /Users/user/NVIDIA-OpenSMA/src/nv/emulation/pca9555.cpp line 147 column 18 function i2c_write
✓ PASSED: '(signed int)data_length::1 == 1 && (signed int)data_length::1 <= 3 && (signed int)i < (signed int)data_length::1 && (signed int)CommandRegister != 0' at file /Users/user/NVIDIA-OpenSMA/src/nv/emulation/pca9555.cpp line 147 column 18 function i2c_write
✓ PASSED: '(signed int)data_length::1 == 1 && (signed int)data_length::1 > 3 && (signed int)i >= (signed int)data_length::1 && (signed int)CommandRegister == 0' at file /Users/user/NVIDIA-OpenSMA/src/nv/emulation/pca9555.cpp line 147 column 18 function i2c_write
✓ PASSED: '(signed int)data_length::1 == 1 && (signed int)data_length::1 > 3 && (signed int)i >= (signed int)data_length::1 && (signed int)CommandRegister != 0' at file /Users/user/NVIDIA-OpenSMA/src/nv/emulation/pca9555.cpp line 147 column 18 function i2c_write
✓ PASSED: '(signed int)data_length::1 != 1 && (signed int)data_length::1 > 3 && (signed int)i >= (signed int)data_length::1 && (signed int)CommandRegister == 0' at file /Users/user/NVIDIA-OpenSMA/src/nv/emulation/pca9555.cpp line 147 column 18 function i2c_write
✓ PASSED: '(signed int)data_length::1 != 1 && (signed int)data_length::1 > 3 && (signed int)i >= (signed int)data_length::1 && (signed int)CommandRegister != 0' at file /Users/user/NVIDIA-OpenSMA/src/nv/emulation/pca9555.cpp line 147 column 18 function i2c_write
✓ PASSED: '(signed int)data_length::1 == 1 && (signed int)data_length::1 <= 3 && (signed int)i >= (signed int)data_length::1 && (signed int)CommandRegister == 0' at file /Users/user/NVIDIA-OpenSMA/src/nv/emulation/pca9555.cpp line 147 column 18 function i2c_write
✓ PASSED: '(signed int)data_length::1 == 1 && (signed int)data_length::1 <= 3 && (signed int)i >= (signed int)data_length::1 && (signed int)CommandRegister != 0' at file /Users/user/NVIDIA-OpenSMA/src/nv/emulation/pca9555.cpp line 147 column 18 function i2c_write
✓ PASSED: '(signed int)data_length::1 != 1 && (signed int)data_length::1 <= 3 && (signed int)i >= (signed int)data_length::1 && (signed int)CommandRegister == 0' at file /Users/user/NVIDIA-OpenSMA/src/nv/emulation/pca9555.cpp line 147 column 18 function i2c_write
✓ PASSED: '(signed int)data_length::1 != 1 && (signed int)data_length::1 <= 3 && (signed int)i >= (signed int)data_length::1 && (signed int)CommandRegister != 0' at file /Users/user/NVIDIA-OpenSMA/src/nv/emulation/pca9555.cpp line 147 column 18 function i2c_write
✓ PASSED: '(signed int)data_length::1 > 3 && (signed int)i < (signed int)data_length::1 && (signed int)CommandRegister != 0 && (signed int)CommandRegister == 1' at file /Users/user/NVIDIA-OpenSMA/src/nv/emulation/pca9555.cpp line 151 column 18 function i2c_write
✓ PASSED: '(signed int)data_length::1 > 3 && (signed int)i < (signed int)data_length::1 && (signed int)CommandRegister != 0 && (signed int)CommandRegister != 1' at file /Users/user/NVIDIA-OpenSMA/src/nv/emulation/pca9555.cpp line 151 column 18 function i2c_write
✓ PASSED: '(signed int)data_length::1 > 3 && (signed int)i >= (signed int)data_length::1 && (signed int)CommandRegister != 0 && (signed int)CommandRegister == 1' at file /Users/user/NVIDIA-OpenSMA/src/nv/emulation/pca9555.cpp line 151 column 18 function i2c_write
✓ PASSED: '(signed int)data_length::1 > 3 && (signed int)i >= (signed int)data_length::1 && (signed int)CommandRegister != 0 && (signed int)CommandRegister != 1' at file /Users/user/NVIDIA-OpenSMA/src/nv/emulation/pca9555.cpp line 151 column 18 function i2c_write
✓ PASSED: '(signed int)data_length::1 <= 3 && (signed int)i >= (signed int)data_length::1 && (signed int)CommandRegister != 0 && (signed int)CommandRegister == 1' at file /Users/user/NVIDIA-OpenSMA/src/nv/emulation/pca9555.cpp line 151 column 18 function i2c_write
✓ PASSED: '(signed int)data_length::1 <= 3 && (signed int)i >= (signed int)data_length::1 && (signed int)CommandRegister != 0 && (signed int)CommandRegister != 1' at file /Users/user/NVIDIA-OpenSMA/src/nv/emulation/pca9555.cpp line 151 column 18 function i2c_write
✓ PASSED: '(signed int)data_length::1 > 3 && (signed int)i < (signed int)data_length::1 && (signed int)CommandRegister == 0 && (signed int)CommandRegister == 1' at file /Users/user/NVIDIA-OpenSMA/src/nv/emulation/pca9555.cpp line 151 column 18 function i2c_write
✓ PASSED: '(signed int)data_length::1 > 3 && (signed int)i < (signed int)data_length::1 && (signed int)CommandRegister == 0 && (signed int)CommandRegister != 1' at file /Users/user/NVIDIA-OpenSMA/src/nv/emulation/pca9555.cpp line 151 column 18 function i2c_write
✓ PASSED: '(signed int)data_length::1 > 3 && (signed int)i >= (signed int)data_length::1 && (signed int)CommandRegister == 0 && (signed int)CommandRegister == 1' at file /Users/user/NVIDIA-OpenSMA/src/nv/emulation/pca9555.cpp line 151 column 18 function i2c_write
✓ PASSED: '(signed int)data_length::1 > 3 && (signed int)i >= (signed int)data_length::1 && (signed int)CommandRegister == 0 && (signed int)CommandRegister != 1' at file /Users/user/NVIDIA-OpenSMA/src/nv/emulation/pca9555.cpp line 151 column 18 function i2c_write
✓ PASSED: '(signed int)data_length::1 <= 3 && (signed int)i >= (signed int)data_length::1 && (signed int)CommandRegister == 0 && (signed int)CommandRegister == 1' at file /Users/user/NVIDIA-OpenSMA/src/nv/emulation/pca9555.cpp line 151 column 18 function i2c_write
✓ PASSED: '(signed int)data_length::1 <= 3 && (signed int)i >= (signed int)data_length::1 && (signed int)CommandRegister == 0 && (signed int)CommandRegister != 1' at file /Users/user/NVIDIA-OpenSMA/src/nv/emulation/pca9555.cpp line 151 column 18 function i2c_write
✓ PASSED: '(signed int)i >= (signed int)data_length::1 && (signed int)CommandRegister != 0 && (signed int)CommandRegister != 1 && (signed int)CommandRegister == 2' at file /Users/user/NVIDIA-OpenSMA/src/nv/emulation/pca9555.cpp line 158 column 18 function i2c_write
✓ PASSED: '(signed int)i >= (signed int)data_length::1 && (signed int)CommandRegister != 0 && (signed int)CommandRegister != 1 && (signed int)CommandRegister != 2' at file /Users/user/NVIDIA-OpenSMA/src/nv/emulation/pca9555.cpp line 158 column 18 function i2c_write
✓ PASSED: '(signed int)i >= (signed int)data_length::1 && (signed int)CommandRegister == 0 && (signed int)CommandRegister != 1 && (signed int)CommandRegister == 2' at file /Users/user/NVIDIA-OpenSMA/src/nv/emulation/pca9555.cpp line 158 column 18 function i2c_write
✓ PASSED: '(signed int)i >= (signed int)data_length::1 && (signed int)CommandRegister == 0 && (signed int)CommandRegister != 1 && (signed int)CommandRegister != 2' at file /Users/user/NVIDIA-OpenSMA/src/nv/emulation/pca9555.cpp line 158 column 18 function i2c_write
✓ PASSED: '(signed int)i >= (signed int)data_length::1 && (signed int)CommandRegister != 0 && (signed int)CommandRegister == 1 && (signed int)CommandRegister == 2' at file /Users/user/NVIDIA-OpenSMA/src/nv/emulation/pca9555.cpp line 158 column 18 function i2c_write
✓ PASSED: '(signed int)i >= (signed int)data_length::1 && (signed int)CommandRegister != 0 && (signed int)CommandRegister == 1 && (signed int)CommandRegister != 2' at file /Users/user/NVIDIA-OpenSMA/src/nv/emulation/pca9555.cpp line 158 column 18 function i2c_write
✓ PASSED: '(signed int)i >= (signed int)data_length::1 && (signed int)CommandRegister == 0 && (signed int)CommandRegister == 1 && (signed int)CommandRegister == 2' at file /Users/user/NVIDIA-OpenSMA/src/nv/emulation/pca9555.cpp line 158 column 18 function i2c_write
✓ PASSED: '(signed int)i >= (signed int)data_length::1 && (signed int)CommandRegister == 0 && (signed int)CommandRegister == 1 && (signed int)CommandRegister != 2' at file /Users/user/NVIDIA-OpenSMA/src/nv/emulation/pca9555.cpp line 158 column 18 function i2c_write
Unwinding loop 7 iteration 1   file /Users/user/NVIDIA-OpenSMA/src/nv/emulation/pca9555.cpp line 142 column 5 function i2c_write
✓ PASSED: '(signed int)data_length::1 == 1 && (signed int)data_length::1 > 3 && (signed int)i >= (signed int)data_length::1' at file /Users/user/NVIDIA-OpenSMA/src/nv/emulation/pca9555.cpp line 142 column 5 function i2c_write
✓ PASSED: '(signed int)data_length::1 == 1 && (signed int)data_length::1 > 3 && (signed int)i < (signed int)data_length::1' at file /Users/user/NVIDIA-OpenSMA/src/nv/emulation/pca9555.cpp line 142 column 5 function i2c_write
✓ PASSED: '(signed int)data_length::1 != 1 && (signed int)data_length::1 > 3 && (signed int)i >= (signed int)data_length::1' at file /Users/user/NVIDIA-OpenSMA/src/nv/emulation/pca9555.cpp line 142 column 5 function i2c_write
✓ PASSED: '(signed int)data_length::1 != 1 && (signed int)data_length::1 > 3 && (signed int)i < (signed int)data_length::1' at file /Users/user/NVIDIA-OpenSMA/src/nv/emulation/pca9555.cpp line 142 column 5 function i2c_write
✓ PASSED: '(signed int)data_length::1 == 1 && (signed int)data_length::1 <= 3 && (signed int)i >= (signed int)data_length::1' at file /Users/user/NVIDIA-OpenSMA/src/nv/emulation/pca9555.cpp line 142 column 5 function i2c_write
✓ PASSED: '(signed int)data_length::1 == 1 && (signed int)data_length::1 <= 3 && (signed int)i < (signed int)data_length::1' at file /Users/user/NVIDIA-OpenSMA/src/nv/emulation/pca9555.cpp line 142 column 5 function i2c_write
✓ PASSED: '(signed int)data_length::1 == 1 && (signed int)data_length::1 <= 3' at file /Users/user/NVIDIA-OpenSMA/src/nv/emulation/pca9555.cpp line 138 column 5 function i2c_write
✓ PASSED: '(signed int)data_length::1 == 1 && (signed int)data_length::1 > 3' at file /Users/user/NVIDIA-OpenSMA/src/nv/emulation/pca9555.cpp line 138 column 5 function i2c_write
✓ PASSED: '(signed int)data_length::1 != 1 && (signed int)data_length::1 > 3' at file /Users/user/NVIDIA-OpenSMA/src/nv/emulation/pca9555.cpp line 138 column 5 function i2c_write
✓ PASSED: '(signed int)data_length::1 == 1 && (signed int)data_length::1 > 3 && (signed int)i >= (signed int)data_length::1' at file /Users/user/NVIDIA-OpenSMA/src/nv/emulation/pca9555.cpp line 142 column 5 function i2c_write
✓ PASSED: '(signed int)data_length::1 == 1 && (signed int)data_length::1 > 3 && (signed int)i < (signed int)data_length::1' at file /Users/user/NVIDIA-OpenSMA/src/nv/emulation/pca9555.cpp line 142 column 5 function i2c_write
✓ PASSED: '(signed int)data_length::1 != 1 && (signed int)data_length::1 > 3 && (signed int)i >= (signed int)data_length::1' at file /Users/user/NVIDIA-OpenSMA/src/nv/emulation/pca9555.cpp line 142 column 5 function i2c_write
✓ PASSED: '(signed int)data_length::1 != 1 && (signed int)data_length::1 > 3 && (signed int)i < (signed int)data_length::1' at file /Users/user/NVIDIA-OpenSMA/src/nv/emulation/pca9555.cpp line 142 column 5 function i2c_write
✓ PASSED: '(signed int)data_length::1 == 1 && (signed int)data_length::1 <= 3 && (signed int)i >= (signed int)data_length::1' at file /Users/user/NVIDIA-OpenSMA/src/nv/emulation/pca9555.cpp line 142 column 5 function i2c_write
✓ PASSED: '(signed int)data_length::1 == 1 && (signed int)data_length::1 <= 3 && (signed int)i < (signed int)data_length::1' at file /Users/user/NVIDIA-OpenSMA/src/nv/emulation/pca9555.cpp line 142 column 5 function i2c_write
✓ PASSED: '(signed int)data_length::1 == 1 && (signed int)data_length::1 > 3 && (signed int)i < (signed int)data_length::1 && (signed int)CommandRegister == 0' at file /Users/user/NVIDIA-OpenSMA/src/nv/emulation/pca9555.cpp line 147 column 18 function i2c_write
✓ PASSED: '(signed int)data_length::1 == 1 && (signed int)data_length::1 > 3 && (signed int)i < (signed int)data_length::1 && (signed int)CommandRegister != 0' at file /Users/user/NVIDIA-OpenSMA/src/nv/emulation/pca9555.cpp line 147 column 18 function i2c_write
✓ PASSED: '(signed int)data_length::1 != 1 && (signed int)data_length::1 > 3 && (signed int)i < (signed int)data_length::1 && (signed int)CommandRegister == 0' at file /Users/user/NVIDIA-OpenSMA/src/nv/emulation/pca9555.cpp line 147 column 18 function i2c_write
✓ PASSED: '(signed int)data_length::1 != 1 && (signed int)data_length::1 > 3 && (signed int)i < (signed int)data_length::1 && (signed int)CommandRegister != 0' at file /Users/user/NVIDIA-OpenSMA/src/nv/emulation/pca9555.cpp line 147 column 18 function i2c_write
✓ PASSED: '(signed int)data_length::1 == 1 && (signed int)data_length::1 <= 3 && (signed int)i < (signed int)data_length::1 && (signed int)CommandRegister == 0' at file /Users/user/NVIDIA-OpenSMA/src/nv/emulation/pca9555.cpp line 147 column 18 function i2c_write
✓ PASSED: '(signed int)data_length::1 == 1 && (signed int)data_length::1 <= 3 && (signed int)i < (signed int)data_length::1 && (signed int)CommandRegister != 0' at file /Users/user/NVIDIA-OpenSMA/src/nv/emulation/pca9555.cpp line 147 column 18 function i2c_write
✓ PASSED: '(signed int)data_length::1 == 1 && (signed int)data_length::1 > 3 && (signed int)i >= (signed int)data_length::1 && (signed int)CommandRegister == 0' at file /Users/user/NVIDIA-OpenSMA/src/nv/emulation/pca9555.cpp line 147 column 18 function i2c_write
✓ PASSED: '(signed int)data_length::1 == 1 && (signed int)data_length::1 > 3 && (signed int)i >= (signed int)data_length::1 && (signed int)CommandRegister != 0' at file /Users/user/NVIDIA-OpenSMA/src/nv/emulation/pca9555.cpp line 147 column 18 function i2c_write
✓ PASSED: '(signed int)data_length::1 != 1 && (signed int)data_length::1 > 3 && (signed int)i >= (signed int)data_length::1 && (signed int)CommandRegister == 0' at file /Users/user/NVIDIA-OpenSMA/src/nv/emulation/pca9555.cpp line 147 column 18 function i2c_write
✓ PASSED: '(signed int)data_length::1 != 1 && (signed int)data_length::1 > 3 && (signed int)i >= (signed int)data_length::1 && (signed int)CommandRegister != 0' at file /Users/user/NVIDIA-OpenSMA/src/nv/emulation/pca9555.cpp line 147 column 18 function i2c_write
✓ PASSED: '(signed int)data_length::1 == 1 && (signed int)data_length::1 <= 3 && (signed int)i >= (signed int)data_length::1 && (signed int)CommandRegister == 0' at file /Users/user/NVIDIA-OpenSMA/src/nv/emulation/pca9555.cpp line 147 column 18 function i2c_write
✓ PASSED: '(signed int)data_length::1 == 1 && (signed int)data_length::1 <= 3 && (signed int)i >= (signed int)data_length::1 && (signed int)CommandRegister != 0' at file /Users/user/NVIDIA-OpenSMA/src/nv/emulation/pca9555.cpp line 147 column 18 function i2c_write
✓ PASSED: '(signed int)data_length::1 != 1 && (signed int)data_length::1 <= 3 && (signed int)i >= (signed int)data_length::1 && (signed int)CommandRegister == 0' at file /Users/user/NVIDIA-OpenSMA/src/nv/emulation/pca9555.cpp line 147 column 18 function i2c_write
✓ PASSED: '(signed int)data_length::1 != 1 && (signed int)data_length::1 <= 3 && (signed int)i >= (signed int)data_length::1 && (signed int)CommandRegister != 0' at file /Users/user/NVIDIA-OpenSMA/src/nv/emulation/pca9555.cpp line 147 column 18 function i2c_write
✓ PASSED: '(signed int)data_length::1 > 3 && (signed int)i < (signed int)data_length::1 && (signed int)CommandRegister != 0 && (signed int)CommandRegister == 1' at file /Users/user/NVIDIA-OpenSMA/src/nv/emulation/pca9555.cpp line 151 column 18 function i2c_write
✓ PASSED: '(signed int)data_length::1 > 3 && (signed int)i < (signed int)data_length::1 && (signed int)CommandRegister != 0 && (signed int)CommandRegister != 1' at file /Users/user/NVIDIA-OpenSMA/src/nv/emulation/pca9555.cpp line 151 column 18 function i2c_write
✓ PASSED: '(signed int)data_length::1 > 3 && (signed int)i >= (signed int)data_length::1 && (signed int)CommandRegister != 0 && (signed int)CommandRegister == 1' at file /Users/user/NVIDIA-OpenSMA/src/nv/emulation/pca9555.cpp line 151 column 18 function i2c_write
✓ PASSED: '(signed int)data_length::1 > 3 && (signed int)i >= (signed int)data_length::1 && (signed int)CommandRegister != 0 && (signed int)CommandRegister != 1' at file /Users/user/NVIDIA-OpenSMA/src/nv/emulation/pca9555.cpp line 151 column 18 function i2c_write
✓ PASSED: '(signed int)data_length::1 <= 3 && (signed int)i >= (signed int)data_length::1 && (signed int)CommandRegister != 0 && (signed int)CommandRegister == 1' at file /Users/user/NVIDIA-OpenSMA/src/nv/emulation/pca9555.cpp line 151 column 18 function i2c_write
✓ PASSED: '(signed int)data_length::1 <= 3 && (signed int)i >= (signed int)data_length::1 && (signed int)CommandRegister != 0 && (signed int)CommandRegister != 1' at file /Users/user/NVIDIA-OpenSMA/src/nv/emulation/pca9555.cpp line 151 column 18 function i2c_write
✓ PASSED: '(signed int)data_length::1 > 3 && (signed int)i < (signed int)data_length::1 && (signed int)CommandRegister == 0 && (signed int)CommandRegister == 1' at file /Users/user/NVIDIA-OpenSMA/src/nv/emulation/pca9555.cpp line 151 column 18 function i2c_write
✓ PASSED: '(signed int)data_length::1 > 3 && (signed int)i < (signed int)data_length::1 && (signed int)CommandRegister == 0 && (signed int)CommandRegister != 1' at file /Users/user/NVIDIA-OpenSMA/src/nv/emulation/pca9555.cpp line 151 column 18 function i2c_write
✓ PASSED: '(signed int)data_length::1 > 3 && (signed int)i >= (signed int)data_length::1 && (signed int)CommandRegister == 0 && (signed int)CommandRegister == 1' at file /Users/user/NVIDIA-OpenSMA/src/nv/emulation/pca9555.cpp line 151 column 18 function i2c_write
✓ PASSED: '(signed int)data_length::1 > 3 && (signed int)i >= (signed int)data_length::1 && (signed int)CommandRegister == 0 && (signed int)CommandRegister != 1' at file /Users/user/NVIDIA-OpenSMA/src/nv/emulation/pca9555.cpp line 151 column 18 function i2c_write
✓ PASSED: '(signed int)data_length::1 <= 3 && (signed int)i >= (signed int)data_length::1 && (signed int)CommandRegister == 0 && (signed int)CommandRegister == 1' at file /Users/user/NVIDIA-OpenSMA/src/nv/emulation/pca9555.cpp line 151 column 18 function i2c_write
✓ PASSED: '(signed int)data_length::1 <= 3 && (signed int)i >= (signed int)data_length::1 && (signed int)CommandRegister == 0 && (signed int)CommandRegister != 1' at file /Users/user/NVIDIA-OpenSMA/src/nv/emulation/pca9555.cpp line 151 column 18 function i2c_write
✓ PASSED: '(signed int)i >= (signed int)data_length::1 && (signed int)CommandRegister != 0 && (signed int)CommandRegister != 1 && (signed int)CommandRegister == 2' at file /Users/user/NVIDIA-OpenSMA/src/nv/emulation/pca9555.cpp line 158 column 18 function i2c_write
✓ PASSED: '(signed int)i >= (signed int)data_length::1 && (signed int)CommandRegister != 0 && (signed int)CommandRegister != 1 && (signed int)CommandRegister != 2' at file /Users/user/NVIDIA-OpenSMA/src/nv/emulation/pca9555.cpp line 158 column 18 function i2c_write
✓ PASSED: '(signed int)i >= (signed int)data_length::1 && (signed int)CommandRegister == 0 && (signed int)CommandRegister != 1 && (signed int)CommandRegister == 2' at file /Users/user/NVIDIA-OpenSMA/src/nv/emulation/pca9555.cpp line 158 column 18 function i2c_write
✓ PASSED: '(signed int)i >= (signed int)data_length::1 && (signed int)CommandRegister == 0 && (signed int)CommandRegister != 1 && (signed int)CommandRegister != 2' at file /Users/user/NVIDIA-OpenSMA/src/nv/emulation/pca9555.cpp line 158 column 18 function i2c_write
✓ PASSED: '(signed int)i >= (signed int)data_length::1 && (signed int)CommandRegister != 0 && (signed int)CommandRegister == 1 && (signed int)CommandRegister == 2' at file /Users/user/NVIDIA-OpenSMA/src/nv/emulation/pca9555.cpp line 158 column 18 function i2c_write
✓ PASSED: '(signed int)i >= (signed int)data_length::1 && (signed int)CommandRegister != 0 && (signed int)CommandRegister == 1 && (signed int)CommandRegister != 2' at file /Users/user/NVIDIA-OpenSMA/src/nv/emulation/pca9555.cpp line 158 column 18 function i2c_write
✓ PASSED: '(signed int)i >= (signed int)data_length::1 && (signed int)CommandRegister == 0 && (signed int)CommandRegister == 1 && (signed int)CommandRegister == 2' at file /Users/user/NVIDIA-OpenSMA/src/nv/emulation/pca9555.cpp line 158 column 18 function i2c_write
✓ PASSED: '(signed int)i >= (signed int)data_length::1 && (signed int)CommandRegister == 0 && (signed int)CommandRegister == 1 && (signed int)CommandRegister != 2' at file /Users/user/NVIDIA-OpenSMA/src/nv/emulation/pca9555.cpp line 158 column 18 function i2c_write
Unwinding loop 7 iteration 1   file /Users/user/NVIDIA-OpenSMA/src/nv/emulation/pca9555.cpp line 142 column 5 function i2c_write
✓ PASSED: '(signed int)data_length::1 == 1 && (signed int)data_length::1 > 3 && (signed int)i >= (signed int)data_length::1' at file /Users/user/NVIDIA-OpenSMA/src/nv/emulation/pca9555.cpp line 142 column 5 function i2c_write
✓ PASSED: '(signed int)data_length::1 == 1 && (signed int)data_length::1 > 3 && (signed int)i < (signed int)data_length::1' at file /Users/user/NVIDIA-OpenSMA/src/nv/emulation/pca9555.cpp line 142 column 5 function i2c_write
✓ PASSED: '(signed int)data_length::1 != 1 && (signed int)data_length::1 > 3 && (signed int)i >= (signed int)data_length::1' at file /Users/user/NVIDIA-OpenSMA/src/nv/emulation/pca9555.cpp line 142 column 5 function i2c_write
✓ PASSED: '(signed int)data_length::1 != 1 && (signed int)data_length::1 > 3 && (signed int)i < (signed int)data_length::1' at file /Users/user/NVIDIA-OpenSMA/src/nv/emulation/pca9555.cpp line 142 column 5 function i2c_write
✓ PASSED: '(signed int)data_length::1 == 1 && (signed int)data_length::1 <= 3 && (signed int)i >= (signed int)data_length::1' at file /Users/user/NVIDIA-OpenSMA/src/nv/emulation/pca9555.cpp line 142 column 5 function i2c_write
✓ PASSED: '(signed int)data_length::1 == 1 && (signed int)data_length::1 <= 3 && (signed int)i < (signed int)data_length::1' at file /Users/user/NVIDIA-OpenSMA/src/nv/emulation/pca9555.cpp line 142 column 5 function i2c_write
✓ PASSED: '(signed int)data_length::1 == 1 && (signed int)data_length::1 <= 3' at file /Users/user/NVIDIA-OpenSMA/src/nv/emulation/pca9555.cpp line 138 column 5 function i2c_write
✓ PASSED: '(signed int)data_length::1 == 1 && (signed int)data_length::1 > 3' at file /Users/user/NVIDIA-OpenSMA/src/nv/emulation/pca9555.cpp line 138 column 5 function i2c_write
✓ PASSED: '(signed int)data_length::1 != 1 && (signed int)data_length::1 > 3' at file /Users/user/NVIDIA-OpenSMA/src/nv/emulation/pca9555.cpp line 138 column 5 function i2c_write
✓ PASSED: '(signed int)data_length::1 == 1 && (signed int)data_length::1 > 3 && (signed int)i >= (signed int)data_length::1' at file /Users/user/NVIDIA-OpenSMA/src/nv/emulation/pca9555.cpp line 142 column 5 function i2c_write
✓ PASSED: '(signed int)data_length::1 == 1 && (signed int)data_length::1 > 3 && (signed int)i < (signed int)data_length::1' at file /Users/user/NVIDIA-OpenSMA/src/nv/emulation/pca9555.cpp line 142 column 5 function i2c_write
✓ PASSED: '(signed int)data_length::1 != 1 && (signed int)data_length::1 > 3 && (signed int)i >= (signed int)data_length::1' at file /Users/user/NVIDIA-OpenSMA/src/nv/emulation/pca9555.cpp line 142 column 5 function i2c_write
✓ PASSED: '(signed int)data_length::1 != 1 && (signed int)data_length::1 > 3 && (signed int)i < (signed int)data_length::1' at file /Users/user/NVIDIA-OpenSMA/src/nv/emulation/pca9555.cpp line 142 column 5 function i2c_write
✓ PASSED: '(signed int)data_length::1 == 1 && (signed int)data_length::1 <= 3 && (signed int)i >= (signed int)data_length::1' at file /Users/user/NVIDIA-OpenSMA/src/nv/emulation/pca9555.cpp line 142 column 5 function i2c_write
✓ PASSED: '(signed int)data_length::1 == 1 && (signed int)data_length::1 <= 3 && (signed int)i < (signed int)data_length::1' at file /Users/user/NVIDIA-OpenSMA/src/nv/emulation/pca9555.cpp line 142 column 5 function i2c_write
✓ PASSED: '(signed int)data_length::1 == 1 && (signed int)data_length::1 > 3 && (signed int)i < (signed int)data_length::1 && (signed int)CommandRegister == 0' at file /Users/user/NVIDIA-OpenSMA/src/nv/emulation/pca9555.cpp line 147 column 18 function i2c_write
✓ PASSED: '(signed int)data_length::1 == 1 && (signed int)data_length::1 > 3 && (signed int)i < (signed int)data_length::1 && (signed int)CommandRegister != 0' at file /Users/user/NVIDIA-OpenSMA/src/nv/emulation/pca9555.cpp line 147 column 18 function i2c_write
✓ PASSED: '(signed int)data_length::1 != 1 && (signed int)data_length::1 > 3 && (signed int)i < (signed int)data_length::1 && (signed int)CommandRegister == 0' at file /Users/user/NVIDIA-OpenSMA/src/nv/emulation/pca9555.cpp line 147 column 18 function i2c_write
✓ PASSED: '(signed int)data_length::1 != 1 && (signed int)data_length::1 > 3 && (signed int)i < (signed int)data_length::1 && (signed int)CommandRegister != 0' at file /Users/user/NVIDIA-OpenSMA/src/nv/emulation/pca9555.cpp line 147 column 18 function i2c_write
✓ PASSED: '(signed int)data_length::1 == 1 && (signed int)data_length::1 <= 3 && (signed int)i < (signed int)data_length::1 && (signed int)CommandRegister == 0' at file /Users/user/NVIDIA-OpenSMA/src/nv/emulation/pca9555.cpp line 147 column 18 function i2c_write
✓ PASSED: '(signed int)data_length::1 == 1 && (signed int)data_length::1 <= 3 && (signed int)i < (signed int)data_length::1 && (signed int)CommandRegister != 0' at file /Users/user/NVIDIA-OpenSMA/src/nv/emulation/pca9555.cpp line 147 column 18 function i2c_write
✓ PASSED: '(signed int)data_length::1 == 1 && (signed int)data_length::1 > 3 && (signed int)i >= (signed int)data_length::1 && (signed int)CommandRegister == 0' at file /Users/user/NVIDIA-OpenSMA/src/nv/emulation/pca9555.cpp line 147 column 18 function i2c_write
✓ PASSED: '(signed int)data_length::1 == 1 && (signed int)data_length::1 > 3 && (signed int)i >= (signed int)data_length::1 && (signed int)CommandRegister != 0' at file /Users/user/NVIDIA-OpenSMA/src/nv/emulation/pca9555.cpp line 147 column 18 function i2c_write
✓ PASSED: '(signed int)data_length::1 != 1 && (signed int)data_length::1 > 3 && (signed int)i >= (signed int)data_length::1 && (signed int)CommandRegister == 0' at file /Users/user/NVIDIA-OpenSMA/src/nv/emulation/pca9555.cpp line 147 column 18 function i2c_write
✓ PASSED: '(signed int)data_length::1 != 1 && (signed int)data_length::1 > 3 && (signed int)i >= (signed int)data_length::1 && (signed int)CommandRegister != 0' at file /Users/user/NVIDIA-OpenSMA/src/nv/emulation/pca9555.cpp line 147 column 18 function i2c_write
✓ PASSED: '(signed int)data_length::1 == 1 && (signed int)data_length::1 <= 3 && (signed int)i >= (signed int)data_length::1 && (signed int)CommandRegister == 0' at file /Users/user/NVIDIA-OpenSMA/src/nv/emulation/pca9555.cpp line 147 column 18 function i2c_write
✓ PASSED: '(signed int)data_length::1 == 1 && (signed int)data_length::1 <= 3 && (signed int)i >= (signed int)data_length::1 && (signed int)CommandRegister != 0' at file /Users/user/NVIDIA-OpenSMA/src/nv/emulation/pca9555.cpp line 147 column 18 function i2c_write
✓ PASSED: '(signed int)data_length::1 != 1 && (signed int)data_length::1 <= 3 && (signed int)i >= (signed int)data_length::1 && (signed int)CommandRegister == 0' at file /Users/user/NVIDIA-OpenSMA/src/nv/emulation/pca9555.cpp line 147 column 18 function i2c_write
✓ PASSED: '(signed int)data_length::1 != 1 && (signed int)data_length::1 <= 3 && (signed int)i >= (signed int)data_length::1 && (signed int)CommandRegister != 0' at file /Users/user/NVIDIA-OpenSMA/src/nv/emulation/pca9555.cpp line 147 column 18 function i2c_write
✓ PASSED: '(signed int)data_length::1 > 3 && (signed int)i < (signed int)data_length::1 && (signed int)CommandRegister != 0 && (signed int)CommandRegister == 1' at file /Users/user/NVIDIA-OpenSMA/src/nv/emulation/pca9555.cpp line 151 column 18 function i2c_write
✓ PASSED: '(signed int)data_length::1 > 3 && (signed int)i < (signed int)data_length::1 && (signed int)CommandRegister != 0 && (signed int)CommandRegister != 1' at file /Users/user/NVIDIA-OpenSMA/src/nv/emulation/pca9555.cpp line 151 column 18 function i2c_write
✓ PASSED: '(signed int)data_length::1 > 3 && (signed int)i >= (signed int)data_length::1 && (signed int)CommandRegister != 0 && (signed int)CommandRegister == 1' at file /Users/user/NVIDIA-OpenSMA/src/nv/emulation/pca9555.cpp line 151 column 18 function i2c_write
✓ PASSED: '(signed int)data_length::1 > 3 && (signed int)i >= (signed int)data_length::1 && (signed int)CommandRegister != 0 && (signed int)CommandRegister != 1' at file /Users/user/NVIDIA-OpenSMA/src/nv/emulation/pca9555.cpp line 151 column 18 function i2c_write
✓ PASSED: '(signed int)data_length::1 <= 3 && (signed int)i >= (signed int)data_length::1 && (signed int)CommandRegister != 0 && (signed int)CommandRegister == 1' at file /Users/user/NVIDIA-OpenSMA/src/nv/emulation/pca9555.cpp line 151 column 18 function i2c_write
✓ PASSED: '(signed int)data_length::1 <= 3 && (signed int)i >= (signed int)data_length::1 && (signed int)CommandRegister != 0 && (signed int)CommandRegister != 1' at file /Users/user/NVIDIA-OpenSMA/src/nv/emulation/pca9555.cpp line 151 column 18 function i2c_write
✓ PASSED: '(signed int)data_length::1 > 3 && (signed int)i < (signed int)data_length::1 && (signed int)CommandRegister == 0 && (signed int)CommandRegister == 1' at file /Users/user/NVIDIA-OpenSMA/src/nv/emulation/pca9555.cpp line 151 column 18 function i2c_write
✓ PASSED: '(signed int)data_length::1 > 3 && (signed int)i < (signed int)data_length::1 && (signed int)CommandRegister == 0 && (signed int)CommandRegister != 1' at file /Users/user/NVIDIA-OpenSMA/src/nv/emulation/pca9555.cpp line 151 column 18 function i2c_write
✓ PASSED: '(signed int)data_length::1 > 3 && (signed int)i >= (signed int)data_length::1 && (signed int)CommandRegister == 0 && (signed int)CommandRegister == 1' at file /Users/user/NVIDIA-OpenSMA/src/nv/emulation/pca9555.cpp line 151 column 18 function i2c_write
✓ PASSED: '(signed int)data_length::1 > 3 && (signed int)i >= (signed int)data_length::1 && (signed int)CommandRegister == 0 && (signed int)CommandRegister != 1' at file /Users/user/NVIDIA-OpenSMA/src/nv/emulation/pca9555.cpp line 151 column 18 function i2c_write
✓ PASSED: '(signed int)data_length::1 <= 3 && (signed int)i >= (signed int)data_length::1 && (signed int)CommandRegister == 0 && (signed int)CommandRegister == 1' at file /Users/user/NVIDIA-OpenSMA/src/nv/emulation/pca9555.cpp line 151 column 18 function i2c_write
✓ PASSED: '(signed int)data_length::1 <= 3 && (signed int)i >= (signed int)data_length::1 && (signed int)CommandRegister == 0 && (signed int)CommandRegister != 1' at file /Users/user/NVIDIA-OpenSMA/src/nv/emulation/pca9555.cpp line 151 column 18 function i2c_write
✓ PASSED: '(signed int)i >= (signed int)data_length::1 && (signed int)CommandRegister != 0 && (signed int)CommandRegister != 1 && (signed int)CommandRegister == 2' at file /Users/user/NVIDIA-OpenSMA/src/nv/emulation/pca9555.cpp line 158 column 18 function i2c_write
✓ PASSED: '(signed int)i >= (signed int)data_length::1 && (signed int)CommandRegister != 0 && (signed int)CommandRegister != 1 && (signed int)CommandRegister != 2' at file /Users/user/NVIDIA-OpenSMA/src/nv/emulation/pca9555.cpp line 158 column 18 function i2c_write
✓ PASSED: '(signed int)i >= (signed int)data_length::1 && (signed int)CommandRegister == 0 && (signed int)CommandRegister != 1 && (signed int)CommandRegister == 2' at file /Users/user/NVIDIA-OpenSMA/src/nv/emulation/pca9555.cpp line 158 column 18 function i2c_write
✓ PASSED: '(signed int)i >= (signed int)data_length::1 && (signed int)CommandRegister == 0 && (signed int)CommandRegister != 1 && (signed int)CommandRegister != 2' at file /Users/user/NVIDIA-OpenSMA/src/nv/emulation/pca9555.cpp line 158 column 18 function i2c_write
✓ PASSED: '(signed int)i >= (signed int)data_length::1 && (signed int)CommandRegister != 0 && (signed int)CommandRegister == 1 && (signed int)CommandRegister == 2' at file /Users/user/NVIDIA-OpenSMA/src/nv/emulation/pca9555.cpp line 158 column 18 function i2c_write
✓ PASSED: '(signed int)i >= (signed int)data_length::1 && (signed int)CommandRegister != 0 && (signed int)CommandRegister == 1 && (signed int)CommandRegister != 2' at file /Users/user/NVIDIA-OpenSMA/src/nv/emulation/pca9555.cpp line 158 column 18 function i2c_write
✓ PASSED: '(signed int)i >= (signed int)data_length::1 && (signed int)CommandRegister == 0 && (signed int)CommandRegister == 1 && (signed int)CommandRegister == 2' at file /Users/user/NVIDIA-OpenSMA/src/nv/emulation/pca9555.cpp line 158 column 18 function i2c_write
✓ PASSED: '(signed int)i >= (signed int)data_length::1 && (signed int)CommandRegister == 0 && (signed int)CommandRegister == 1 && (signed int)CommandRegister != 2' at file /Users/user/NVIDIA-OpenSMA/src/nv/emulation/pca9555.cpp line 158 column 18 function i2c_write
Unwinding loop 7 iteration 1   file /Users/user/NVIDIA-OpenSMA/src/nv/emulation/pca9555.cpp line 142 column 5 function i2c_write
✓ PASSED: '(signed int)data_length::1 == 1 && (signed int)data_length::1 > 3 && (signed int)i >= (signed int)data_length::1' at file /Users/user/NVIDIA-OpenSMA/src/nv/emulation/pca9555.cpp line 142 column 5 function i2c_write
✓ PASSED: '(signed int)data_length::1 == 1 && (signed int)data_length::1 > 3 && (signed int)i < (signed int)data_length::1' at file /Users/user/NVIDIA-OpenSMA/src/nv/emulation/pca9555.cpp line 142 column 5 function i2c_write
✓ PASSED: '(signed int)data_length::1 != 1 && (signed int)data_length::1 > 3 && (signed int)i >= (signed int)data_length::1' at file /Users/user/NVIDIA-OpenSMA/src/nv/emulation/pca9555.cpp line 142 column 5 function i2c_write
✓ PASSED: '(signed int)data_length::1 != 1 && (signed int)data_length::1 > 3 && (signed int)i < (signed int)data_length::1' at file /Users/user/NVIDIA-OpenSMA/src/nv/emulation/pca9555.cpp line 142 column 5 function i2c_write
✓ PASSED: '(signed int)data_length::1 == 1 && (signed int)data_length::1 <= 3 && (signed int)i >= (signed int)data_length::1' at file /Users/user/NVIDIA-OpenSMA/src/nv/emulation/pca9555.cpp line 142 column 5 function i2c_write
✓ PASSED: '(signed int)data_length::1 == 1 && (signed int)data_length::1 <= 3 && (signed int)i < (signed int)data_length::1' at file /Users/user/NVIDIA-OpenSMA/src/nv/emulation/pca9555.cpp line 142 column 5 function i2c_write
Symex completed in: 0.498s (1670 assignments)
Slicing time: 0.009s (removed 931 assignments)
Generated 299 VCC(s), 138 remaining after simplification (739 assignments)
No solver specified; defaulting to bitwuzla
Slicing time: 0.005s (removed 0 assignments)
No solver specified; defaulting to bitwuzla
Solving claim '(signed int)CommandRegister == 0 && (signed int)CommandRegister == 1 && (signed int)CommandRegister == 2 && (signed int)CommandRegister != 3 at file /Users/user/NVIDIA-OpenSMA/src/nv/emulation/pca9555.cpp line 164 column 18 function i2c_write' with solver Bitwuzla 0.8.2
Encoding remaining VCC(s) using bit-vector/floating-point arithmetic
Encoding to solver time: 0.053s
Solving with solver Bitwuzla 0.8.2
Runtime decision procedure: 0.005s
✓ PASSED: '(signed int)CommandRegister == 0 && (signed int)CommandRegister == 1 && (signed int)CommandRegister == 2 && (signed int)CommandRegister != 3 at file /Users/user/NVIDIA-OpenSMA/src/nv/emulation/pca9555.cpp line 164 column 18 function i2c_write'
Slicing time: 0.005s (removed 0 assignments)
No solver specified; defaulting to bitwuzla
Solving claim '(signed int)CommandRegister == 0 && (signed int)CommandRegister == 1 && (signed int)CommandRegister == 2 && (signed int)CommandRegister == 3 at file /Users/user/NVIDIA-OpenSMA/src/nv/emulation/pca9555.cpp line 164 column 18 function i2c_write' with solver Bitwuzla 0.8.2
Encoding remaining VCC(s) using bit-vector/floating-point arithmetic
Encoding to solver time: 0.047s
Solving with solver Bitwuzla 0.8.2
Runtime decision procedure: 0.006s
✓ PASSED: '(signed int)CommandRegister == 0 && (signed int)CommandRegister == 1 && (signed int)CommandRegister == 2 && (signed int)CommandRegister == 3 at file /Users/user/NVIDIA-OpenSMA/src/nv/emulation/pca9555.cpp line 164 column 18 function i2c_write'
Slicing time: 0.006s (removed 0 assignments)
No solver specified; defaulting to bitwuzla
Solving claim '(signed int)CommandRegister != 0 && (signed int)CommandRegister == 1 && (signed int)CommandRegister == 2 && (signed int)CommandRegister != 3 at file /Users/user/NVIDIA-OpenSMA/src/nv/emulation/pca9555.cpp line 164 column 18 function i2c_write' with solver Bitwuzla 0.8.2
Encoding remaining VCC(s) using bit-vector/floating-point arithmetic
Encoding to solver time: 0.047s
Solving with solver Bitwuzla 0.8.2
Runtime decision procedure: 0.006s
✓ PASSED: '(signed int)CommandRegister != 0 && (signed int)CommandRegister == 1 && (signed int)CommandRegister == 2 && (signed int)CommandRegister != 3 at file /Users/user/NVIDIA-OpenSMA/src/nv/emulation/pca9555.cpp line 164 column 18 function i2c_write'
Slicing time: 0.005s (removed 0 assignments)
No solver specified; defaulting to bitwuzla
Solving claim '(signed int)CommandRegister != 0 && (signed int)CommandRegister == 1 && (signed int)CommandRegister == 2 && (signed int)CommandRegister == 3 at file /Users/user/NVIDIA-OpenSMA/src/nv/emulation/pca9555.cpp line 164 column 18 function i2c_write' with solver Bitwuzla 0.8.2
Encoding remaining VCC(s) using bit-vector/floating-point arithmetic
Encoding to solver time: 0.049s
Solving with solver Bitwuzla 0.8.2
Runtime decision procedure: 0.006s
✓ PASSED: '(signed int)CommandRegister != 0 && (signed int)CommandRegister == 1 && (signed int)CommandRegister == 2 && (signed int)CommandRegister == 3 at file /Users/user/NVIDIA-OpenSMA/src/nv/emulation/pca9555.cpp line 164 column 18 function i2c_write'
Slicing time: 0.005s (removed 0 assignments)
No solver specified; defaulting to bitwuzla
Solving claim '(signed int)CommandRegister == 0 && (signed int)CommandRegister != 1 && (signed int)CommandRegister == 2 && (signed int)CommandRegister != 3 at file /Users/user/NVIDIA-OpenSMA/src/nv/emulation/pca9555.cpp line 164 column 18 function i2c_write' with solver Bitwuzla 0.8.2
Encoding remaining VCC(s) using bit-vector/floating-point arithmetic
Encoding to solver time: 0.046s
Solving with solver Bitwuzla 0.8.2
Runtime decision procedure: 0.006s
✓ PASSED: '(signed int)CommandRegister == 0 && (signed int)CommandRegister != 1 && (signed int)CommandRegister == 2 && (signed int)CommandRegister != 3 at file /Users/user/NVIDIA-OpenSMA/src/nv/emulation/pca9555.cpp line 164 column 18 function i2c_write'
Slicing time: 0.005s (removed 0 assignments)
No solver specified; defaulting to bitwuzla
Solving claim '(signed int)CommandRegister == 0 && (signed int)CommandRegister != 1 && (signed int)CommandRegister == 2 && (signed int)CommandRegister == 3 at file /Users/user/NVIDIA-OpenSMA/src/nv/emulation/pca9555.cpp line 164 column 18 function i2c_write' with solver Bitwuzla 0.8.2
Encoding remaining VCC(s) using bit-vector/floating-point arithmetic
Encoding to solver time: 0.047s
Solving with solver Bitwuzla 0.8.2
Runtime decision procedure: 0.006s
✓ PASSED: '(signed int)CommandRegister == 0 && (signed int)CommandRegister != 1 && (signed int)CommandRegister == 2 && (signed int)CommandRegister == 3 at file /Users/user/NVIDIA-OpenSMA/src/nv/emulation/pca9555.cpp line 164 column 18 function i2c_write'
Slicing time: 0.006s (removed 0 assignments)
No solver specified; defaulting to bitwuzla
Solving claim '(signed int)CommandRegister != 0 && (signed int)CommandRegister != 1 && (signed int)CommandRegister == 2 && (signed int)CommandRegister != 3 at file /Users/user/NVIDIA-OpenSMA/src/nv/emulation/pca9555.cpp line 164 column 18 function i2c_write' with solver Bitwuzla 0.8.2
Encoding remaining VCC(s) using bit-vector/floating-point arithmetic
Encoding to solver time: 0.049s
Solving with solver Bitwuzla 0.8.2
Runtime decision procedure: 0.005s
✓ PASSED: '(signed int)CommandRegister != 0 && (signed int)CommandRegister != 1 && (signed int)CommandRegister == 2 && (signed int)CommandRegister != 3 at file /Users/user/NVIDIA-OpenSMA/src/nv/emulation/pca9555.cpp line 164 column 18 function i2c_write'
Slicing time: 0.006s (removed 0 assignments)
No solver specified; defaulting to bitwuzla
Solving claim '(signed int)CommandRegister != 0 && (signed int)CommandRegister != 1 && (signed int)CommandRegister == 2 && (signed int)CommandRegister == 3 at file /Users/user/NVIDIA-OpenSMA/src/nv/emulation/pca9555.cpp line 164 column 18 function i2c_write' with solver Bitwuzla 0.8.2
Encoding remaining VCC(s) using bit-vector/floating-point arithmetic
Encoding to solver time: 0.050s
Solving with solver Bitwuzla 0.8.2
Runtime decision procedure: 0.006s
✓ PASSED: '(signed int)CommandRegister != 0 && (signed int)CommandRegister != 1 && (signed int)CommandRegister == 2 && (signed int)CommandRegister == 3 at file /Users/user/NVIDIA-OpenSMA/src/nv/emulation/pca9555.cpp line 164 column 18 function i2c_write'
Slicing time: 0.005s (removed 0 assignments)
No solver specified; defaulting to bitwuzla
Solving claim '(signed int)CommandRegister == 0 && (signed int)CommandRegister == 1 && (signed int)CommandRegister != 2 && (signed int)CommandRegister != 3 at file /Users/user/NVIDIA-OpenSMA/src/nv/emulation/pca9555.cpp line 164 column 18 function i2c_write' with solver Bitwuzla 0.8.2
Encoding remaining VCC(s) using bit-vector/floating-point arithmetic
Encoding to solver time: 0.048s
Solving with solver Bitwuzla 0.8.2
Runtime decision procedure: 0.006s
✓ PASSED: '(signed int)CommandRegister == 0 && (signed int)CommandRegister == 1 && (signed int)CommandRegister != 2 && (signed int)CommandRegister != 3 at file /Users/user/NVIDIA-OpenSMA/src/nv/emulation/pca9555.cpp line 164 column 18 function i2c_write'
Slicing time: 0.005s (removed 0 assignments)
No solver specified; defaulting to bitwuzla
Solving claim '(signed int)CommandRegister == 0 && (signed int)CommandRegister == 1 && (signed int)CommandRegister != 2 && (signed int)CommandRegister == 3 at file /Users/user/NVIDIA-OpenSMA/src/nv/emulation/pca9555.cpp line 164 column 18 function i2c_write' with solver Bitwuzla 0.8.2
Encoding remaining VCC(s) using bit-vector/floating-point arithmetic
Encoding to solver time: 0.049s
Solving with solver Bitwuzla 0.8.2
Runtime decision procedure: 0.006s
✓ PASSED: '(signed int)CommandRegister == 0 && (signed int)CommandRegister == 1 && (signed int)CommandRegister != 2 && (signed int)CommandRegister == 3 at file /Users/user/NVIDIA-OpenSMA/src/nv/emulation/pca9555.cpp line 164 column 18 function i2c_write'
Slicing time: 0.005s (removed 0 assignments)
No solver specified; defaulting to bitwuzla
Solving claim '(signed int)CommandRegister != 0 && (signed int)CommandRegister == 1 && (signed int)CommandRegister != 2 && (signed int)CommandRegister != 3 at file /Users/user/NVIDIA-OpenSMA/src/nv/emulation/pca9555.cpp line 164 column 18 function i2c_write' with solver Bitwuzla 0.8.2
Encoding remaining VCC(s) using bit-vector/floating-point arithmetic
Encoding to solver time: 0.049s
Solving with solver Bitwuzla 0.8.2
Runtime decision procedure: 0.006s
✓ PASSED: '(signed int)CommandRegister != 0 && (signed int)CommandRegister == 1 && (signed int)CommandRegister != 2 && (signed int)CommandRegister != 3 at file /Users/user/NVIDIA-OpenSMA/src/nv/emulation/pca9555.cpp line 164 column 18 function i2c_write'
Slicing time: 0.005s (removed 0 assignments)
No solver specified; defaulting to bitwuzla
Solving claim '(signed int)CommandRegister != 0 && (signed int)CommandRegister == 1 && (signed int)CommandRegister != 2 && (signed int)CommandRegister == 3 at file /Users/user/NVIDIA-OpenSMA/src/nv/emulation/pca9555.cpp line 164 column 18 function i2c_write' with solver Bitwuzla 0.8.2
Encoding remaining VCC(s) using bit-vector/floating-point arithmetic
Encoding to solver time: 0.048s
Solving with solver Bitwuzla 0.8.2
Runtime decision procedure: 0.006s
✓ PASSED: '(signed int)CommandRegister != 0 && (signed int)CommandRegister == 1 && (signed int)CommandRegister != 2 && (signed int)CommandRegister == 3 at file /Users/user/NVIDIA-OpenSMA/src/nv/emulation/pca9555.cpp line 164 column 18 function i2c_write'
Slicing time: 0.005s (removed 0 assignments)
No solver specified; defaulting to bitwuzla
Solving claim '(signed int)CommandRegister == 0 && (signed int)CommandRegister != 1 && (signed int)CommandRegister != 2 && (signed int)CommandRegister != 3 at file /Users/user/NVIDIA-OpenSMA/src/nv/emulation/pca9555.cpp line 164 column 18 function i2c_write' with solver Bitwuzla 0.8.2
Encoding remaining VCC(s) using bit-vector/floating-point arithmetic
Encoding to solver time: 0.048s
Solving with solver Bitwuzla 0.8.2
Runtime decision procedure: 0.006s
✓ PASSED: '(signed int)CommandRegister == 0 && (signed int)CommandRegister != 1 && (signed int)CommandRegister != 2 && (signed int)CommandRegister != 3 at file /Users/user/NVIDIA-OpenSMA/src/nv/emulation/pca9555.cpp line 164 column 18 function i2c_write'
Slicing time: 0.005s (removed 0 assignments)
No solver specified; defaulting to bitwuzla
Solving claim '(signed int)CommandRegister == 0 && (signed int)CommandRegister != 1 && (signed int)CommandRegister != 2 && (signed int)CommandRegister == 3 at file /Users/user/NVIDIA-OpenSMA/src/nv/emulation/pca9555.cpp line 164 column 18 function i2c_write' with solver Bitwuzla 0.8.2
Encoding remaining VCC(s) using bit-vector/floating-point arithmetic
Encoding to solver time: 0.048s
Solving with solver Bitwuzla 0.8.2
Runtime decision procedure: 0.006s
✓ PASSED: '(signed int)CommandRegister == 0 && (signed int)CommandRegister != 1 && (signed int)CommandRegister != 2 && (signed int)CommandRegister == 3 at file /Users/user/NVIDIA-OpenSMA/src/nv/emulation/pca9555.cpp line 164 column 18 function i2c_write'
Slicing time: 0.006s (removed 0 assignments)
No solver specified; defaulting to bitwuzla
Solving claim '(signed int)i < (signed int)data_length::1 && (signed int)CommandRegister == 0 && (signed int)CommandRegister == 1 && (signed int)CommandRegister != 2 at file /Users/user/NVIDIA-OpenSMA/src/nv/emulation/pca9555.cpp line 158 column 18 function i2c_write' with solver Bitwuzla 0.8.2
Encoding remaining VCC(s) using bit-vector/floating-point arithmetic
Encoding to solver time: 0.047s
Solving with solver Bitwuzla 0.8.2
Runtime decision procedure: 0.006s
✓ PASSED: '(signed int)i < (signed int)data_length::1 && (signed int)CommandRegister == 0 && (signed int)CommandRegister == 1 && (signed int)CommandRegister != 2 at file /Users/user/NVIDIA-OpenSMA/src/nv/emulation/pca9555.cpp line 158 column 18 function i2c_write'
Slicing time: 0.005s (removed 0 assignments)
No solver specified; defaulting to bitwuzla
Solving claim '(signed int)i < (signed int)data_length::1 && (signed int)CommandRegister == 0 && (signed int)CommandRegister == 1 && (signed int)CommandRegister == 2 at file /Users/user/NVIDIA-OpenSMA/src/nv/emulation/pca9555.cpp line 158 column 18 function i2c_write' with solver Bitwuzla 0.8.2
Encoding remaining VCC(s) using bit-vector/floating-point arithmetic
Encoding to solver time: 0.051s
Solving with solver Bitwuzla 0.8.2
Runtime decision procedure: 0.006s
✓ PASSED: '(signed int)i < (signed int)data_length::1 && (signed int)CommandRegister == 0 && (signed int)CommandRegister == 1 && (signed int)CommandRegister == 2 at file /Users/user/NVIDIA-OpenSMA/src/nv/emulation/pca9555.cpp line 158 column 18 function i2c_write'
Slicing time: 0.005s (removed 0 assignments)
No solver specified; defaulting to bitwuzla
Solving claim '(signed int)i < (signed int)data_length::1 && (signed int)CommandRegister != 0 && (signed int)CommandRegister == 1 && (signed int)CommandRegister != 2 at file /Users/user/NVIDIA-OpenSMA/src/nv/emulation/pca9555.cpp line 158 column 18 function i2c_write' with solver Bitwuzla 0.8.2
Encoding remaining VCC(s) using bit-vector/floating-point arithmetic
Encoding to solver time: 0.051s
Solving with solver Bitwuzla 0.8.2
Runtime decision procedure: 0.006s
✓ PASSED: '(signed int)i < (signed int)data_length::1 && (signed int)CommandRegister != 0 && (signed int)CommandRegister == 1 && (signed int)CommandRegister != 2 at file /Users/user/NVIDIA-OpenSMA/src/nv/emulation/pca9555.cpp line 158 column 18 function i2c_write'
Slicing time: 0.006s (removed 0 assignments)
No solver specified; defaulting to bitwuzla
Solving claim '(signed int)i < (signed int)data_length::1 && (signed int)CommandRegister != 0 && (signed int)CommandRegister == 1 && (signed int)CommandRegister == 2 at file /Users/user/NVIDIA-OpenSMA/src/nv/emulation/pca9555.cpp line 158 column 18 function i2c_write' with solver Bitwuzla 0.8.2
Encoding remaining VCC(s) using bit-vector/floating-point arithmetic
Encoding to solver time: 0.054s
Solving with solver Bitwuzla 0.8.2
Runtime decision procedure: 0.007s
✓ PASSED: '(signed int)i < (signed int)data_length::1 && (signed int)CommandRegister != 0 && (signed int)CommandRegister == 1 && (signed int)CommandRegister == 2 at file /Users/user/NVIDIA-OpenSMA/src/nv/emulation/pca9555.cpp line 158 column 18 function i2c_write'
Slicing time: 0.006s (removed 0 assignments)
No solver specified; defaulting to bitwuzla
Solving claim '(signed int)i < (signed int)data_length::1 && (signed int)CommandRegister == 0 && (signed int)CommandRegister != 1 && (signed int)CommandRegister != 2 at file /Users/user/NVIDIA-OpenSMA/src/nv/emulation/pca9555.cpp line 158 column 18 function i2c_write' with solver Bitwuzla 0.8.2
Encoding remaining VCC(s) using bit-vector/floating-point arithmetic
Encoding to solver time: 0.049s
Solving with solver Bitwuzla 0.8.2
Runtime decision procedure: 0.006s
✓ PASSED: '(signed int)i < (signed int)data_length::1 && (signed int)CommandRegister == 0 && (signed int)CommandRegister != 1 && (signed int)CommandRegister != 2 at file /Users/user/NVIDIA-OpenSMA/src/nv/emulation/pca9555.cpp line 158 column 18 function i2c_write'
Slicing time: 0.005s (removed 0 assignments)
No solver specified; defaulting to bitwuzla
Solving claim '(signed int)i < (signed int)data_length::1 && (signed int)CommandRegister == 0 && (signed int)CommandRegister != 1 && (signed int)CommandRegister == 2 at file /Users/user/NVIDIA-OpenSMA/src/nv/emulation/pca9555.cpp line 158 column 18 function i2c_write' with solver Bitwuzla 0.8.2
Encoding remaining VCC(s) using bit-vector/floating-point arithmetic
Encoding to solver time: 0.048s
Solving with solver Bitwuzla 0.8.2
Runtime decision procedure: 0.007s
✓ PASSED: '(signed int)i < (signed int)data_length::1 && (signed int)CommandRegister == 0 && (signed int)CommandRegister != 1 && (signed int)CommandRegister == 2 at file /Users/user/NVIDIA-OpenSMA/src/nv/emulation/pca9555.cpp line 158 column 18 function i2c_write'
Slicing time: 0.006s (removed 0 assignments)
No solver specified; defaulting to bitwuzla
Solving claim '(signed int)data_length::1 <= 3 && (signed int)i < (signed int)data_length::1 && (signed int)CommandRegister == 0 && (signed int)CommandRegister != 1 at file /Users/user/NVIDIA-OpenSMA/src/nv/emulation/pca9555.cpp line 151 column 18 function i2c_write' with solver Bitwuzla 0.8.2
Encoding remaining VCC(s) using bit-vector/floating-point arithmetic
Encoding to solver time: 0.048s
Solving with solver Bitwuzla 0.8.2
Runtime decision procedure: 0.006s
✓ PASSED: '(signed int)data_length::1 <= 3 && (signed int)i < (signed int)data_length::1 && (signed int)CommandRegister == 0 && (signed int)CommandRegister != 1 at file /Users/user/NVIDIA-OpenSMA/src/nv/emulation/pca9555.cpp line 151 column 18 function i2c_write'
Slicing time: 0.006s (removed 0 assignments)
No solver specified; defaulting to bitwuzla
Solving claim '(signed int)data_length::1 <= 3 && (signed int)i < (signed int)data_length::1 && (signed int)CommandRegister == 0 && (signed int)CommandRegister == 1 at file /Users/user/NVIDIA-OpenSMA/src/nv/emulation/pca9555.cpp line 151 column 18 function i2c_write' with solver Bitwuzla 0.8.2
Encoding remaining VCC(s) using bit-vector/floating-point arithmetic
Encoding to solver time: 0.053s
Solving with solver Bitwuzla 0.8.2
Runtime decision procedure: 0.007s
✓ PASSED: '(signed int)data_length::1 <= 3 && (signed int)i < (signed int)data_length::1 && (signed int)CommandRegister == 0 && (signed int)CommandRegister == 1 at file /Users/user/NVIDIA-OpenSMA/src/nv/emulation/pca9555.cpp line 151 column 18 function i2c_write'
Slicing time: 0.006s (removed 0 assignments)
No solver specified; defaulting to bitwuzla
Solving claim '(signed int)CommandRegister == 0 && (signed int)CommandRegister == 1 && (signed int)CommandRegister == 2 && (signed int)CommandRegister != 3 at file /Users/user/NVIDIA-OpenSMA/src/nv/emulation/pca9555.cpp line 164 column 18 function i2c_write' with solver Bitwuzla 0.8.2
Encoding remaining VCC(s) using bit-vector/floating-point arithmetic
Encoding to solver time: 0.050s
Solving with solver Bitwuzla 0.8.2
Runtime decision procedure: 0.011s
✓ PASSED: '(signed int)CommandRegister == 0 && (signed int)CommandRegister == 1 && (signed int)CommandRegister == 2 && (signed int)CommandRegister != 3 at file /Users/user/NVIDIA-OpenSMA/src/nv/emulation/pca9555.cpp line 164 column 18 function i2c_write'
Slicing time: 0.005s (removed 0 assignments)
No solver specified; defaulting to bitwuzla
Solving claim '(signed int)CommandRegister == 0 && (signed int)CommandRegister == 1 && (signed int)CommandRegister == 2 && (signed int)CommandRegister == 3 at file /Users/user/NVIDIA-OpenSMA/src/nv/emulation/pca9555.cpp line 164 column 18 function i2c_write' with solver Bitwuzla 0.8.2
Encoding remaining VCC(s) using bit-vector/floating-point arithmetic
Encoding to solver time: 0.050s
Solving with solver Bitwuzla 0.8.2
Runtime decision procedure: 0.010s
✓ PASSED: '(signed int)CommandRegister == 0 && (signed int)CommandRegister == 1 && (signed int)CommandRegister == 2 && (signed int)CommandRegister == 3 at file /Users/user/NVIDIA-OpenSMA/src/nv/emulation/pca9555.cpp line 164 column 18 function i2c_write'
Slicing time: 0.006s (removed 0 assignments)
No solver specified; defaulting to bitwuzla
Solving claim '(signed int)CommandRegister != 0 && (signed int)CommandRegister == 1 && (signed int)CommandRegister == 2 && (signed int)CommandRegister != 3 at file /Users/user/NVIDIA-OpenSMA/src/nv/emulation/pca9555.cpp line 164 column 18 function i2c_write' with solver Bitwuzla 0.8.2
Encoding remaining VCC(s) using bit-vector/floating-point arithmetic
Encoding to solver time: 0.048s
Solving with solver Bitwuzla 0.8.2
Runtime decision procedure: 0.010s
✓ PASSED: '(signed int)CommandRegister != 0 && (signed int)CommandRegister == 1 && (signed int)CommandRegister == 2 && (signed int)CommandRegister != 3 at file /Users/user/NVIDIA-OpenSMA/src/nv/emulation/pca9555.cpp line 164 column 18 function i2c_write'
Slicing time: 0.005s (removed 0 assignments)
No solver specified; defaulting to bitwuzla
Solving claim '(signed int)CommandRegister != 0 && (signed int)CommandRegister == 1 && (signed int)CommandRegister == 2 && (signed int)CommandRegister == 3 at file /Users/user/NVIDIA-OpenSMA/src/nv/emulation/pca9555.cpp line 164 column 18 function i2c_write' with solver Bitwuzla 0.8.2
Encoding remaining VCC(s) using bit-vector/floating-point arithmetic
Encoding to solver time: 0.048s
Solving with solver Bitwuzla 0.8.2
Runtime decision procedure: 0.009s
✓ PASSED: '(signed int)CommandRegister != 0 && (signed int)CommandRegister == 1 && (signed int)CommandRegister == 2 && (signed int)CommandRegister == 3 at file /Users/user/NVIDIA-OpenSMA/src/nv/emulation/pca9555.cpp line 164 column 18 function i2c_write'
Slicing time: 0.005s (removed 0 assignments)
No solver specified; defaulting to bitwuzla
Solving claim '(signed int)CommandRegister == 0 && (signed int)CommandRegister != 1 && (signed int)CommandRegister == 2 && (signed int)CommandRegister != 3 at file /Users/user/NVIDIA-OpenSMA/src/nv/emulation/pca9555.cpp line 164 column 18 function i2c_write' with solver Bitwuzla 0.8.2
Encoding remaining VCC(s) using bit-vector/floating-point arithmetic
Encoding to solver time: 0.049s
Solving with solver Bitwuzla 0.8.2
Runtime decision procedure: 0.011s
✓ PASSED: '(signed int)CommandRegister == 0 && (signed int)CommandRegister != 1 && (signed int)CommandRegister == 2 && (signed int)CommandRegister != 3 at file /Users/user/NVIDIA-OpenSMA/src/nv/emulation/pca9555.cpp line 164 column 18 function i2c_write'
Slicing time: 0.005s (removed 0 assignments)
No solver specified; defaulting to bitwuzla
Solving claim '(signed int)CommandRegister == 0 && (signed int)CommandRegister != 1 && (signed int)CommandRegister == 2 && (signed int)CommandRegister == 3 at file /Users/user/NVIDIA-OpenSMA/src/nv/emulation/pca9555.cpp line 164 column 18 function i2c_write' with solver Bitwuzla 0.8.2
Encoding remaining VCC(s) using bit-vector/floating-point arithmetic
Encoding to solver time: 0.047s
Solving with solver Bitwuzla 0.8.2
Runtime decision procedure: 0.009s
✓ PASSED: '(signed int)CommandRegister == 0 && (signed int)CommandRegister != 1 && (signed int)CommandRegister == 2 && (signed int)CommandRegister == 3 at file /Users/user/NVIDIA-OpenSMA/src/nv/emulation/pca9555.cpp line 164 column 18 function i2c_write'
Slicing time: 0.005s (removed 0 assignments)
No solver specified; defaulting to bitwuzla
Solving claim '(signed int)CommandRegister != 0 && (signed int)CommandRegister != 1 && (signed int)CommandRegister == 2 && (signed int)CommandRegister != 3 at file /Users/user/NVIDIA-OpenSMA/src/nv/emulation/pca9555.cpp line 164 column 18 function i2c_write' with solver Bitwuzla 0.8.2
Encoding remaining VCC(s) using bit-vector/floating-point arithmetic
Encoding to solver time: 0.047s
Solving with solver Bitwuzla 0.8.2
Runtime decision procedure: 0.009s
✓ PASSED: '(signed int)CommandRegister != 0 && (signed int)CommandRegister != 1 && (signed int)CommandRegister == 2 && (signed int)CommandRegister != 3 at file /Users/user/NVIDIA-OpenSMA/src/nv/emulation/pca9555.cpp line 164 column 18 function i2c_write'
Slicing time: 0.005s (removed 0 assignments)
No solver specified; defaulting to bitwuzla
Solving claim '(signed int)CommandRegister != 0 && (signed int)CommandRegister != 1 && (signed int)CommandRegister == 2 && (signed int)CommandRegister == 3 at file /Users/user/NVIDIA-OpenSMA/src/nv/emulation/pca9555.cpp line 164 column 18 function i2c_write' with solver Bitwuzla 0.8.2
Encoding remaining VCC(s) using bit-vector/floating-point arithmetic
Encoding to solver time: 0.047s
Solving with solver Bitwuzla 0.8.2
Runtime decision procedure: 0.010s
✓ PASSED: '(signed int)CommandRegister != 0 && (signed int)CommandRegister != 1 && (signed int)CommandRegister == 2 && (signed int)CommandRegister == 3 at file /Users/user/NVIDIA-OpenSMA/src/nv/emulation/pca9555.cpp line 164 column 18 function i2c_write'
Slicing time: 0.006s (removed 0 assignments)
No solver specified; defaulting to bitwuzla
Solving claim '(signed int)CommandRegister == 0 && (signed int)CommandRegister == 1 && (signed int)CommandRegister != 2 && (signed int)CommandRegister != 3 at file /Users/user/NVIDIA-OpenSMA/src/nv/emulation/pca9555.cpp line 164 column 18 function i2c_write' with solver Bitwuzla 0.8.2
Encoding remaining VCC(s) using bit-vector/floating-point arithmetic
Encoding to solver time: 0.048s
Solving with solver Bitwuzla 0.8.2
Runtime decision procedure: 0.010s
✓ PASSED: '(signed int)CommandRegister == 0 && (signed int)CommandRegister == 1 && (signed int)CommandRegister != 2 && (signed int)CommandRegister != 3 at file /Users/user/NVIDIA-OpenSMA/src/nv/emulation/pca9555.cpp line 164 column 18 function i2c_write'
Slicing time: 0.005s (removed 0 assignments)
No solver specified; defaulting to bitwuzla
Solving claim '(signed int)CommandRegister == 0 && (signed int)CommandRegister == 1 && (signed int)CommandRegister != 2 && (signed int)CommandRegister == 3 at file /Users/user/NVIDIA-OpenSMA/src/nv/emulation/pca9555.cpp line 164 column 18 function i2c_write' with solver Bitwuzla 0.8.2
Encoding remaining VCC(s) using bit-vector/floating-point arithmetic
Encoding to solver time: 0.048s
Solving with solver Bitwuzla 0.8.2
Runtime decision procedure: 0.010s
✓ PASSED: '(signed int)CommandRegister == 0 && (signed int)CommandRegister == 1 && (signed int)CommandRegister != 2 && (signed int)CommandRegister == 3 at file /Users/user/NVIDIA-OpenSMA/src/nv/emulation/pca9555.cpp line 164 column 18 function i2c_write'
Slicing time: 0.005s (removed 0 assignments)
No solver specified; defaulting to bitwuzla
Solving claim '(signed int)CommandRegister != 0 && (signed int)CommandRegister == 1 && (signed int)CommandRegister != 2 && (signed int)CommandRegister != 3 at file /Users/user/NVIDIA-OpenSMA/src/nv/emulation/pca9555.cpp line 164 column 18 function i2c_write' with solver Bitwuzla 0.8.2
Encoding remaining VCC(s) using bit-vector/floating-point arithmetic
Encoding to solver time: 0.048s
Solving with solver Bitwuzla 0.8.2
Runtime decision procedure: 0.010s
✓ PASSED: '(signed int)CommandRegister != 0 && (signed int)CommandRegister == 1 && (signed int)CommandRegister != 2 && (signed int)CommandRegister != 3 at file /Users/user/NVIDIA-OpenSMA/src/nv/emulation/pca9555.cpp line 164 column 18 function i2c_write'
Slicing time: 0.005s (removed 0 assignments)
No solver specified; defaulting to bitwuzla
Solving claim '(signed int)CommandRegister != 0 && (signed int)CommandRegister == 1 && (signed int)CommandRegister != 2 && (signed int)CommandRegister == 3 at file /Users/user/NVIDIA-OpenSMA/src/nv/emulation/pca9555.cpp line 164 column 18 function i2c_write' with solver Bitwuzla 0.8.2
Encoding remaining VCC(s) using bit-vector/floating-point arithmetic
Encoding to solver time: 0.047s
Solving with solver Bitwuzla 0.8.2
Runtime decision procedure: 0.010s
✓ PASSED: '(signed int)CommandRegister != 0 && (signed int)CommandRegister == 1 && (signed int)CommandRegister != 2 && (signed int)CommandRegister == 3 at file /Users/user/NVIDIA-OpenSMA/src/nv/emulation/pca9555.cpp line 164 column 18 function i2c_write'
Slicing time: 0.005s (removed 0 assignments)
No solver specified; defaulting to bitwuzla
Solving claim '(signed int)CommandRegister == 0 && (signed int)CommandRegister != 1 && (signed int)CommandRegister != 2 && (signed int)CommandRegister != 3 at file /Users/user/NVIDIA-OpenSMA/src/nv/emulation/pca9555.cpp line 164 column 18 function i2c_write' with solver Bitwuzla 0.8.2
Encoding remaining VCC(s) using bit-vector/floating-point arithmetic
Encoding to solver time: 0.047s
Solving with solver Bitwuzla 0.8.2
Runtime decision procedure: 0.009s
✓ PASSED: '(signed int)CommandRegister == 0 && (signed int)CommandRegister != 1 && (signed int)CommandRegister != 2 && (signed int)CommandRegister != 3 at file /Users/user/NVIDIA-OpenSMA/src/nv/emulation/pca9555.cpp line 164 column 18 function i2c_write'
Slicing time: 0.005s (removed 0 assignments)
No solver specified; defaulting to bitwuzla
Solving claim '(signed int)CommandRegister == 0 && (signed int)CommandRegister != 1 && (signed int)CommandRegister != 2 && (signed int)CommandRegister == 3 at file /Users/user/NVIDIA-OpenSMA/src/nv/emulation/pca9555.cpp line 164 column 18 function i2c_write' with solver Bitwuzla 0.8.2
Encoding remaining VCC(s) using bit-vector/floating-point arithmetic
Encoding to solver time: 0.048s
Solving with solver Bitwuzla 0.8.2
Runtime decision procedure: 0.010s
✓ PASSED: '(signed int)CommandRegister == 0 && (signed int)CommandRegister != 1 && (signed int)CommandRegister != 2 && (signed int)CommandRegister == 3 at file /Users/user/NVIDIA-OpenSMA/src/nv/emulation/pca9555.cpp line 164 column 18 function i2c_write'
Slicing time: 0.005s (removed 0 assignments)
No solver specified; defaulting to bitwuzla
Solving claim '(signed int)i < (signed int)data_length::1 && (signed int)CommandRegister == 0 && (signed int)CommandRegister == 1 && (signed int)CommandRegister != 2 at file /Users/user/NVIDIA-OpenSMA/src/nv/emulation/pca9555.cpp line 158 column 18 function i2c_write' with solver Bitwuzla 0.8.2
Encoding remaining VCC(s) using bit-vector/floating-point arithmetic
Encoding to solver time: 0.049s
Solving with solver Bitwuzla 0.8.2
Runtime decision procedure: 0.010s
✓ PASSED: '(signed int)i < (signed int)data_length::1 && (signed int)CommandRegister == 0 && (signed int)CommandRegister == 1 && (signed int)CommandRegister != 2 at file /Users/user/NVIDIA-OpenSMA/src/nv/emulation/pca9555.cpp line 158 column 18 function i2c_write'
Slicing time: 0.005s (removed 0 assignments)
No solver specified; defaulting to bitwuzla
Solving claim '(signed int)i < (signed int)data_length::1 && (signed int)CommandRegister == 0 && (signed int)CommandRegister == 1 && (signed int)CommandRegister == 2 at file /Users/user/NVIDIA-OpenSMA/src/nv/emulation/pca9555.cpp line 158 column 18 function i2c_write' with solver Bitwuzla 0.8.2
Encoding remaining VCC(s) using bit-vector/floating-point arithmetic
Encoding to solver time: 0.049s
Solving with solver Bitwuzla 0.8.2
Runtime decision procedure: 0.010s
✓ PASSED: '(signed int)i < (signed int)data_length::1 && (signed int)CommandRegister == 0 && (signed int)CommandRegister == 1 && (signed int)CommandRegister == 2 at file /Users/user/NVIDIA-OpenSMA/src/nv/emulation/pca9555.cpp line 158 column 18 function i2c_write'
Slicing time: 0.005s (removed 0 assignments)
No solver specified; defaulting to bitwuzla
Solving claim '(signed int)i < (signed int)data_length::1 && (signed int)CommandRegister != 0 && (signed int)CommandRegister == 1 && (signed int)CommandRegister != 2 at file /Users/user/NVIDIA-OpenSMA/src/nv/emulation/pca9555.cpp line 158 column 18 function i2c_write' with solver Bitwuzla 0.8.2
Encoding remaining VCC(s) using bit-vector/floating-point arithmetic
Encoding to solver time: 0.048s
Solving with solver Bitwuzla 0.8.2
Runtime decision procedure: 0.010s
✓ PASSED: '(signed int)i < (signed int)data_length::1 && (signed int)CommandRegister != 0 && (signed int)CommandRegister == 1 && (signed int)CommandRegister != 2 at file /Users/user/NVIDIA-OpenSMA/src/nv/emulation/pca9555.cpp line 158 column 18 function i2c_write'
Slicing time: 0.005s (removed 0 assignments)
No solver specified; defaulting to bitwuzla
Solving claim '(signed int)i < (signed int)data_length::1 && (signed int)CommandRegister != 0 && (signed int)CommandRegister == 1 && (signed int)CommandRegister == 2 at file /Users/user/NVIDIA-OpenSMA/src/nv/emulation/pca9555.cpp line 158 column 18 function i2c_write' with solver Bitwuzla 0.8.2
Encoding remaining VCC(s) using bit-vector/floating-point arithmetic
Encoding to solver time: 0.048s
Solving with solver Bitwuzla 0.8.2
Runtime decision procedure: 0.010s
✓ PASSED: '(signed int)i < (signed int)data_length::1 && (signed int)CommandRegister != 0 && (signed int)CommandRegister == 1 && (signed int)CommandRegister == 2 at file /Users/user/NVIDIA-OpenSMA/src/nv/emulation/pca9555.cpp line 158 column 18 function i2c_write'
Slicing time: 0.006s (removed 0 assignments)
No solver specified; defaulting to bitwuzla
Solving claim '(signed int)i < (signed int)data_length::1 && (signed int)CommandRegister == 0 && (signed int)CommandRegister != 1 && (signed int)CommandRegister != 2 at file /Users/user/NVIDIA-OpenSMA/src/nv/emulation/pca9555.cpp line 158 column 18 function i2c_write' with solver Bitwuzla 0.8.2
Encoding remaining VCC(s) using bit-vector/floating-point arithmetic
Encoding to solver time: 0.047s
Solving with solver Bitwuzla 0.8.2
Runtime decision procedure: 0.010s
✓ PASSED: '(signed int)i < (signed int)data_length::1 && (signed int)CommandRegister == 0 && (signed int)CommandRegister != 1 && (signed int)CommandRegister != 2 at file /Users/user/NVIDIA-OpenSMA/src/nv/emulation/pca9555.cpp line 158 column 18 function i2c_write'
Slicing time: 0.005s (removed 0 assignments)
No solver specified; defaulting to bitwuzla
Solving claim '(signed int)i < (signed int)data_length::1 && (signed int)CommandRegister == 0 && (signed int)CommandRegister != 1 && (signed int)CommandRegister == 2 at file /Users/user/NVIDIA-OpenSMA/src/nv/emulation/pca9555.cpp line 158 column 18 function i2c_write' with solver Bitwuzla 0.8.2
Encoding remaining VCC(s) using bit-vector/floating-point arithmetic
Encoding to solver time: 0.048s
Solving with solver Bitwuzla 0.8.2
Runtime decision procedure: 0.010s
✓ PASSED: '(signed int)i < (signed int)data_length::1 && (signed int)CommandRegister == 0 && (signed int)CommandRegister != 1 && (signed int)CommandRegister == 2 at file /Users/user/NVIDIA-OpenSMA/src/nv/emulation/pca9555.cpp line 158 column 18 function i2c_write'
Slicing time: 0.005s (removed 0 assignments)
No solver specified; defaulting to bitwuzla
Solving claim '(signed int)data_length::1 <= 3 && (signed int)i < (signed int)data_length::1 && (signed int)CommandRegister == 0 && (signed int)CommandRegister != 1 at file /Users/user/NVIDIA-OpenSMA/src/nv/emulation/pca9555.cpp line 151 column 18 function i2c_write' with solver Bitwuzla 0.8.2
Encoding remaining VCC(s) using bit-vector/floating-point arithmetic
Encoding to solver time: 0.049s
Solving with solver Bitwuzla 0.8.2
Runtime decision procedure: 0.011s
✓ PASSED: '(signed int)data_length::1 <= 3 && (signed int)i < (signed int)data_length::1 && (signed int)CommandRegister == 0 && (signed int)CommandRegister != 1 at file /Users/user/NVIDIA-OpenSMA/src/nv/emulation/pca9555.cpp line 151 column 18 function i2c_write'
Slicing time: 0.005s (removed 0 assignments)
No solver specified; defaulting to bitwuzla
Solving claim '(signed int)data_length::1 <= 3 && (signed int)i < (signed int)data_length::1 && (signed int)CommandRegister == 0 && (signed int)CommandRegister == 1 at file /Users/user/NVIDIA-OpenSMA/src/nv/emulation/pca9555.cpp line 151 column 18 function i2c_write' with solver Bitwuzla 0.8.2
Encoding remaining VCC(s) using bit-vector/floating-point arithmetic
Encoding to solver time: 0.049s
Solving with solver Bitwuzla 0.8.2
Runtime decision procedure: 0.010s
✓ PASSED: '(signed int)data_length::1 <= 3 && (signed int)i < (signed int)data_length::1 && (signed int)CommandRegister == 0 && (signed int)CommandRegister == 1 at file /Users/user/NVIDIA-OpenSMA/src/nv/emulation/pca9555.cpp line 151 column 18 function i2c_write'
Slicing time: 0.006s (removed 0 assignments)
No solver specified; defaulting to bitwuzla
Solving claim '(signed int)CommandRegister == 0 && (signed int)CommandRegister == 1 && (signed int)CommandRegister == 2 && (signed int)CommandRegister != 3 at file /Users/user/NVIDIA-OpenSMA/src/nv/emulation/pca9555.cpp line 164 column 18 function i2c_write' with solver Bitwuzla 0.8.2
Encoding remaining VCC(s) using bit-vector/floating-point arithmetic
Encoding to solver time: 0.049s
Solving with solver Bitwuzla 0.8.2
Runtime decision procedure: 0.010s
✓ PASSED: '(signed int)CommandRegister == 0 && (signed int)CommandRegister == 1 && (signed int)CommandRegister == 2 && (signed int)CommandRegister != 3 at file /Users/user/NVIDIA-OpenSMA/src/nv/emulation/pca9555.cpp line 164 column 18 function i2c_write'
Slicing time: 0.005s (removed 0 assignments)
No solver specified; defaulting to bitwuzla
Solving claim '(signed int)CommandRegister == 0 && (signed int)CommandRegister == 1 && (signed int)CommandRegister == 2 && (signed int)CommandRegister == 3 at file /Users/user/NVIDIA-OpenSMA/src/nv/emulation/pca9555.cpp line 164 column 18 function i2c_write' with solver Bitwuzla 0.8.2
Encoding remaining VCC(s) using bit-vector/floating-point arithmetic
Encoding to solver time: 0.048s
Solving with solver Bitwuzla 0.8.2
Runtime decision procedure: 0.008s
✓ PASSED: '(signed int)CommandRegister == 0 && (signed int)CommandRegister == 1 && (signed int)CommandRegister == 2 && (signed int)CommandRegister == 3 at file /Users/user/NVIDIA-OpenSMA/src/nv/emulation/pca9555.cpp line 164 column 18 function i2c_write'
Slicing time: 0.006s (removed 0 assignments)
No solver specified; defaulting to bitwuzla
Solving claim '(signed int)CommandRegister != 0 && (signed int)CommandRegister == 1 && (signed int)CommandRegister == 2 && (signed int)CommandRegister != 3 at file /Users/user/NVIDIA-OpenSMA/src/nv/emulation/pca9555.cpp line 164 column 18 function i2c_write' with solver Bitwuzla 0.8.2
Encoding remaining VCC(s) using bit-vector/floating-point arithmetic
Encoding to solver time: 0.050s
Solving with solver Bitwuzla 0.8.2
Runtime decision procedure: 0.008s
✓ PASSED: '(signed int)CommandRegister != 0 && (signed int)CommandRegister == 1 && (signed int)CommandRegister == 2 && (signed int)CommandRegister != 3 at file /Users/user/NVIDIA-OpenSMA/src/nv/emulation/pca9555.cpp line 164 column 18 function i2c_write'
Slicing time: 0.005s (removed 0 assignments)
No solver specified; defaulting to bitwuzla
Solving claim '(signed int)CommandRegister != 0 && (signed int)CommandRegister == 1 && (signed int)CommandRegister == 2 && (signed int)CommandRegister == 3 at file /Users/user/NVIDIA-OpenSMA/src/nv/emulation/pca9555.cpp line 164 column 18 function i2c_write' with solver Bitwuzla 0.8.2
Encoding remaining VCC(s) using bit-vector/floating-point arithmetic
Encoding to solver time: 0.047s
Solving with solver Bitwuzla 0.8.2
Runtime decision procedure: 0.009s
✓ PASSED: '(signed int)CommandRegister != 0 && (signed int)CommandRegister == 1 && (signed int)CommandRegister == 2 && (signed int)CommandRegister == 3 at file /Users/user/NVIDIA-OpenSMA/src/nv/emulation/pca9555.cpp line 164 column 18 function i2c_write'
Slicing time: 0.006s (removed 0 assignments)
No solver specified; defaulting to bitwuzla
Solving claim '(signed int)CommandRegister == 0 && (signed int)CommandRegister != 1 && (signed int)CommandRegister == 2 && (signed int)CommandRegister != 3 at file /Users/user/NVIDIA-OpenSMA/src/nv/emulation/pca9555.cpp line 164 column 18 function i2c_write' with solver Bitwuzla 0.8.2
Encoding remaining VCC(s) using bit-vector/floating-point arithmetic
Encoding to solver time: 0.049s
Solving with solver Bitwuzla 0.8.2
Runtime decision procedure: 0.008s
✓ PASSED: '(signed int)CommandRegister == 0 && (signed int)CommandRegister != 1 && (signed int)CommandRegister == 2 && (signed int)CommandRegister != 3 at file /Users/user/NVIDIA-OpenSMA/src/nv/emulation/pca9555.cpp line 164 column 18 function i2c_write'
Slicing time: 0.005s (removed 0 assignments)
No solver specified; defaulting to bitwuzla
Solving claim '(signed int)CommandRegister == 0 && (signed int)CommandRegister != 1 && (signed int)CommandRegister == 2 && (signed int)CommandRegister == 3 at file /Users/user/NVIDIA-OpenSMA/src/nv/emulation/pca9555.cpp line 164 column 18 function i2c_write' with solver Bitwuzla 0.8.2
Encoding remaining VCC(s) using bit-vector/floating-point arithmetic
Encoding to solver time: 0.050s
Solving with solver Bitwuzla 0.8.2
Runtime decision procedure: 0.008s
✓ PASSED: '(signed int)CommandRegister == 0 && (signed int)CommandRegister != 1 && (signed int)CommandRegister == 2 && (signed int)CommandRegister == 3 at file /Users/user/NVIDIA-OpenSMA/src/nv/emulation/pca9555.cpp line 164 column 18 function i2c_write'
Slicing time: 0.005s (removed 0 assignments)
No solver specified; defaulting to bitwuzla
Solving claim '(signed int)CommandRegister != 0 && (signed int)CommandRegister != 1 && (signed int)CommandRegister == 2 && (signed int)CommandRegister != 3 at file /Users/user/NVIDIA-OpenSMA/src/nv/emulation/pca9555.cpp line 164 column 18 function i2c_write' with solver Bitwuzla 0.8.2
Encoding remaining VCC(s) using bit-vector/floating-point arithmetic
Encoding to solver time: 0.047s
Solving with solver Bitwuzla 0.8.2
Runtime decision procedure: 0.008s
✓ PASSED: '(signed int)CommandRegister != 0 && (signed int)CommandRegister != 1 && (signed int)CommandRegister == 2 && (signed int)CommandRegister != 3 at file /Users/user/NVIDIA-OpenSMA/src/nv/emulation/pca9555.cpp line 164 column 18 function i2c_write'
Slicing time: 0.005s (removed 0 assignments)
No solver specified; defaulting to bitwuzla
Solving claim '(signed int)CommandRegister != 0 && (signed int)CommandRegister != 1 && (signed int)CommandRegister == 2 && (signed int)CommandRegister == 3 at file /Users/user/NVIDIA-OpenSMA/src/nv/emulation/pca9555.cpp line 164 column 18 function i2c_write' with solver Bitwuzla 0.8.2
Encoding remaining VCC(s) using bit-vector/floating-point arithmetic
Encoding to solver time: 0.048s
Solving with solver Bitwuzla 0.8.2
Runtime decision procedure: 0.009s
✓ PASSED: '(signed int)CommandRegister != 0 && (signed int)CommandRegister != 1 && (signed int)CommandRegister == 2 && (signed int)CommandRegister == 3 at file /Users/user/NVIDIA-OpenSMA/src/nv/emulation/pca9555.cpp line 164 column 18 function i2c_write'
Slicing time: 0.005s (removed 0 assignments)
No solver specified; defaulting to bitwuzla
Solving claim '(signed int)CommandRegister == 0 && (signed int)CommandRegister == 1 && (signed int)CommandRegister != 2 && (signed int)CommandRegister != 3 at file /Users/user/NVIDIA-OpenSMA/src/nv/emulation/pca9555.cpp line 164 column 18 function i2c_write' with solver Bitwuzla 0.8.2
Encoding remaining VCC(s) using bit-vector/floating-point arithmetic
Encoding to solver time: 0.049s
Solving with solver Bitwuzla 0.8.2
Runtime decision procedure: 0.008s
✓ PASSED: '(signed int)CommandRegister == 0 && (signed int)CommandRegister == 1 && (signed int)CommandRegister != 2 && (signed int)CommandRegister != 3 at file /Users/user/NVIDIA-OpenSMA/src/nv/emulation/pca9555.cpp line 164 column 18 function i2c_write'
Slicing time: 0.005s (removed 0 assignments)
No solver specified; defaulting to bitwuzla
Solving claim '(signed int)CommandRegister == 0 && (signed int)CommandRegister == 1 && (signed int)CommandRegister != 2 && (signed int)CommandRegister == 3 at file /Users/user/NVIDIA-OpenSMA/src/nv/emulation/pca9555.cpp line 164 column 18 function i2c_write' with solver Bitwuzla 0.8.2
Encoding remaining VCC(s) using bit-vector/floating-point arithmetic
Encoding to solver time: 0.048s
Solving with solver Bitwuzla 0.8.2
Runtime decision procedure: 0.009s
✓ PASSED: '(signed int)CommandRegister == 0 && (signed int)CommandRegister == 1 && (signed int)CommandRegister != 2 && (signed int)CommandRegister == 3 at file /Users/user/NVIDIA-OpenSMA/src/nv/emulation/pca9555.cpp line 164 column 18 function i2c_write'
Slicing time: 0.005s (removed 0 assignments)
No solver specified; defaulting to bitwuzla
Solving claim '(signed int)CommandRegister != 0 && (signed int)CommandRegister == 1 && (signed int)CommandRegister != 2 && (signed int)CommandRegister != 3 at file /Users/user/NVIDIA-OpenSMA/src/nv/emulation/pca9555.cpp line 164 column 18 function i2c_write' with solver Bitwuzla 0.8.2
Encoding remaining VCC(s) using bit-vector/floating-point arithmetic
Encoding to solver time: 0.047s
Solving with solver Bitwuzla 0.8.2
Runtime decision procedure: 0.008s
✓ PASSED: '(signed int)CommandRegister != 0 && (signed int)CommandRegister == 1 && (signed int)CommandRegister != 2 && (signed int)CommandRegister != 3 at file /Users/user/NVIDIA-OpenSMA/src/nv/emulation/pca9555.cpp line 164 column 18 function i2c_write'
Slicing time: 0.005s (removed 0 assignments)
No solver specified; defaulting to bitwuzla
Solving claim '(signed int)CommandRegister != 0 && (signed int)CommandRegister == 1 && (signed int)CommandRegister != 2 && (signed int)CommandRegister == 3 at file /Users/user/NVIDIA-OpenSMA/src/nv/emulation/pca9555.cpp line 164 column 18 function i2c_write' with solver Bitwuzla 0.8.2
Encoding remaining VCC(s) using bit-vector/floating-point arithmetic
Encoding to solver time: 0.048s
Solving with solver Bitwuzla 0.8.2
Runtime decision procedure: 0.009s
✓ PASSED: '(signed int)CommandRegister != 0 && (signed int)CommandRegister == 1 && (signed int)CommandRegister != 2 && (signed int)CommandRegister == 3 at file /Users/user/NVIDIA-OpenSMA/src/nv/emulation/pca9555.cpp line 164 column 18 function i2c_write'
Slicing time: 0.005s (removed 0 assignments)
No solver specified; defaulting to bitwuzla
Solving claim '(signed int)CommandRegister == 0 && (signed int)CommandRegister != 1 && (signed int)CommandRegister != 2 && (signed int)CommandRegister != 3 at file /Users/user/NVIDIA-OpenSMA/src/nv/emulation/pca9555.cpp line 164 column 18 function i2c_write' with solver Bitwuzla 0.8.2
Encoding remaining VCC(s) using bit-vector/floating-point arithmetic
Encoding to solver time: 0.048s
Solving with solver Bitwuzla 0.8.2
Runtime decision procedure: 0.009s
✓ PASSED: '(signed int)CommandRegister == 0 && (signed int)CommandRegister != 1 && (signed int)CommandRegister != 2 && (signed int)CommandRegister != 3 at file /Users/user/NVIDIA-OpenSMA/src/nv/emulation/pca9555.cpp line 164 column 18 function i2c_write'
Slicing time: 0.005s (removed 0 assignments)
No solver specified; defaulting to bitwuzla
Solving claim '(signed int)CommandRegister == 0 && (signed int)CommandRegister != 1 && (signed int)CommandRegister != 2 && (signed int)CommandRegister == 3 at file /Users/user/NVIDIA-OpenSMA/src/nv/emulation/pca9555.cpp line 164 column 18 function i2c_write' with solver Bitwuzla 0.8.2
Encoding remaining VCC(s) using bit-vector/floating-point arithmetic
Encoding to solver time: 0.047s
Solving with solver Bitwuzla 0.8.2
Runtime decision procedure: 0.009s
✓ PASSED: '(signed int)CommandRegister == 0 && (signed int)CommandRegister != 1 && (signed int)CommandRegister != 2 && (signed int)CommandRegister == 3 at file /Users/user/NVIDIA-OpenSMA/src/nv/emulation/pca9555.cpp line 164 column 18 function i2c_write'
Slicing time: 0.005s (removed 0 assignments)
No solver specified; defaulting to bitwuzla
Solving claim '(signed int)i < (signed int)data_length::1 && (signed int)CommandRegister == 0 && (signed int)CommandRegister == 1 && (signed int)CommandRegister != 2 at file /Users/user/NVIDIA-OpenSMA/src/nv/emulation/pca9555.cpp line 158 column 18 function i2c_write' with solver Bitwuzla 0.8.2
Encoding remaining VCC(s) using bit-vector/floating-point arithmetic
Encoding to solver time: 0.046s
Solving with solver Bitwuzla 0.8.2
Runtime decision procedure: 0.009s
✓ PASSED: '(signed int)i < (signed int)data_length::1 && (signed int)CommandRegister == 0 && (signed int)CommandRegister == 1 && (signed int)CommandRegister != 2 at file /Users/user/NVIDIA-OpenSMA/src/nv/emulation/pca9555.cpp line 158 column 18 function i2c_write'
Slicing time: 0.005s (removed 0 assignments)
No solver specified; defaulting to bitwuzla
Solving claim '(signed int)i < (signed int)data_length::1 && (signed int)CommandRegister == 0 && (signed int)CommandRegister == 1 && (signed int)CommandRegister == 2 at file /Users/user/NVIDIA-OpenSMA/src/nv/emulation/pca9555.cpp line 158 column 18 function i2c_write' with solver Bitwuzla 0.8.2
Encoding remaining VCC(s) using bit-vector/floating-point arithmetic
Encoding to solver time: 0.048s
Solving with solver Bitwuzla 0.8.2
Runtime decision procedure: 0.008s
✓ PASSED: '(signed int)i < (signed int)data_length::1 && (signed int)CommandRegister == 0 && (signed int)CommandRegister == 1 && (signed int)CommandRegister == 2 at file /Users/user/NVIDIA-OpenSMA/src/nv/emulation/pca9555.cpp line 158 column 18 function i2c_write'
Slicing time: 0.005s (removed 0 assignments)
No solver specified; defaulting to bitwuzla
Solving claim '(signed int)i < (signed int)data_length::1 && (signed int)CommandRegister != 0 && (signed int)CommandRegister == 1 && (signed int)CommandRegister != 2 at file /Users/user/NVIDIA-OpenSMA/src/nv/emulation/pca9555.cpp line 158 column 18 function i2c_write' with solver Bitwuzla 0.8.2
Encoding remaining VCC(s) using bit-vector/floating-point arithmetic
Encoding to solver time: 0.047s
Solving with solver Bitwuzla 0.8.2
Runtime decision procedure: 0.008s
✓ PASSED: '(signed int)i < (signed int)data_length::1 && (signed int)CommandRegister != 0 && (signed int)CommandRegister == 1 && (signed int)CommandRegister != 2 at file /Users/user/NVIDIA-OpenSMA/src/nv/emulation/pca9555.cpp line 158 column 18 function i2c_write'
Slicing time: 0.005s (removed 0 assignments)
No solver specified; defaulting to bitwuzla
Solving claim '(signed int)i < (signed int)data_length::1 && (signed int)CommandRegister != 0 && (signed int)CommandRegister == 1 && (signed int)CommandRegister == 2 at file /Users/user/NVIDIA-OpenSMA/src/nv/emulation/pca9555.cpp line 158 column 18 function i2c_write' with solver Bitwuzla 0.8.2
Encoding remaining VCC(s) using bit-vector/floating-point arithmetic
Encoding to solver time: 0.047s
Solving with solver Bitwuzla 0.8.2
Runtime decision procedure: 0.009s
✓ PASSED: '(signed int)i < (signed int)data_length::1 && (signed int)CommandRegister != 0 && (signed int)CommandRegister == 1 && (signed int)CommandRegister == 2 at file /Users/user/NVIDIA-OpenSMA/src/nv/emulation/pca9555.cpp line 158 column 18 function i2c_write'
Slicing time: 0.006s (removed 0 assignments)
No solver specified; defaulting to bitwuzla
Solving claim '(signed int)i < (signed int)data_length::1 && (signed int)CommandRegister == 0 && (signed int)CommandRegister != 1 && (signed int)CommandRegister != 2 at file /Users/user/NVIDIA-OpenSMA/src/nv/emulation/pca9555.cpp line 158 column 18 function i2c_write' with solver Bitwuzla 0.8.2
Encoding remaining VCC(s) using bit-vector/floating-point arithmetic
Encoding to solver time: 0.048s
Solving with solver Bitwuzla 0.8.2
Runtime decision procedure: 0.009s
✓ PASSED: '(signed int)i < (signed int)data_length::1 && (signed int)CommandRegister == 0 && (signed int)CommandRegister != 1 && (signed int)CommandRegister != 2 at file /Users/user/NVIDIA-OpenSMA/src/nv/emulation/pca9555.cpp line 158 column 18 function i2c_write'
Slicing time: 0.005s (removed 0 assignments)
No solver specified; defaulting to bitwuzla
Solving claim '(signed int)i < (signed int)data_length::1 && (signed int)CommandRegister == 0 && (signed int)CommandRegister != 1 && (signed int)CommandRegister == 2 at file /Users/user/NVIDIA-OpenSMA/src/nv/emulation/pca9555.cpp line 158 column 18 function i2c_write' with solver Bitwuzla 0.8.2
Encoding remaining VCC(s) using bit-vector/floating-point arithmetic
Encoding to solver time: 0.049s
Solving with solver Bitwuzla 0.8.2
Runtime decision procedure: 0.009s
✓ PASSED: '(signed int)i < (signed int)data_length::1 && (signed int)CommandRegister == 0 && (signed int)CommandRegister != 1 && (signed int)CommandRegister == 2 at file /Users/user/NVIDIA-OpenSMA/src/nv/emulation/pca9555.cpp line 158 column 18 function i2c_write'
Slicing time: 0.005s (removed 0 assignments)
No solver specified; defaulting to bitwuzla
Solving claim '(signed int)data_length::1 <= 3 && (signed int)i < (signed int)data_length::1 && (signed int)CommandRegister == 0 && (signed int)CommandRegister != 1 at file /Users/user/NVIDIA-OpenSMA/src/nv/emulation/pca9555.cpp line 151 column 18 function i2c_write' with solver Bitwuzla 0.8.2
Encoding remaining VCC(s) using bit-vector/floating-point arithmetic
Encoding to solver time: 0.048s
Solving with solver Bitwuzla 0.8.2
Runtime decision procedure: 0.010s
✓ PASSED: '(signed int)data_length::1 <= 3 && (signed int)i < (signed int)data_length::1 && (signed int)CommandRegister == 0 && (signed int)CommandRegister != 1 at file /Users/user/NVIDIA-OpenSMA/src/nv/emulation/pca9555.cpp line 151 column 18 function i2c_write'
Slicing time: 0.005s (removed 0 assignments)
No solver specified; defaulting to bitwuzla
Solving claim '(signed int)data_length::1 <= 3 && (signed int)i < (signed int)data_length::1 && (signed int)CommandRegister == 0 && (signed int)CommandRegister == 1 at file /Users/user/NVIDIA-OpenSMA/src/nv/emulation/pca9555.cpp line 151 column 18 function i2c_write' with solver Bitwuzla 0.8.2
Encoding remaining VCC(s) using bit-vector/floating-point arithmetic
Encoding to solver time: 0.050s
Solving with solver Bitwuzla 0.8.2
Runtime decision procedure: 0.010s
✓ PASSED: '(signed int)data_length::1 <= 3 && (signed int)i < (signed int)data_length::1 && (signed int)CommandRegister == 0 && (signed int)CommandRegister == 1 at file /Users/user/NVIDIA-OpenSMA/src/nv/emulation/pca9555.cpp line 151 column 18 function i2c_write'
Slicing time: 0.004s (removed 0 assignments)
No solver specified; defaulting to bitwuzla
Solving claim '(signed int)this->_active_register == 0 && (signed int)this->_active_register == 1 && (signed int)this->_active_register == 2 && (signed int)this->_active_register != 3 at file /Users/user/NVIDIA-OpenSMA/src/nv/emulation/pca9555.cpp line 101 column 14 function i2c_read' with solver Bitwuzla 0.8.2
Encoding remaining VCC(s) using bit-vector/floating-point arithmetic
Encoding to solver time: 0.049s
Solving with solver Bitwuzla 0.8.2
Runtime decision procedure: 0.005s
✓ PASSED: '(signed int)this->_active_register == 0 && (signed int)this->_active_register == 1 && (signed int)this->_active_register == 2 && (signed int)this->_active_register != 3 at file /Users/user/NVIDIA-OpenSMA/src/nv/emulation/pca9555.cpp line 101 column 14 function i2c_read'
Slicing time: 0.006s (removed 0 assignments)
No solver specified; defaulting to bitwuzla
Solving claim '(signed int)this->_active_register == 0 && (signed int)this->_active_register == 1 && (signed int)this->_active_register == 2 && (signed int)this->_active_register == 3 at file /Users/user/NVIDIA-OpenSMA/src/nv/emulation/pca9555.cpp line 101 column 14 function i2c_read' with solver Bitwuzla 0.8.2
Encoding remaining VCC(s) using bit-vector/floating-point arithmetic
Encoding to solver time: 0.048s
Solving with solver Bitwuzla 0.8.2
Runtime decision procedure: 0.005s
✓ PASSED: '(signed int)this->_active_register == 0 && (signed int)this->_active_register == 1 && (signed int)this->_active_register == 2 && (signed int)this->_active_register == 3 at file /Users/user/NVIDIA-OpenSMA/src/nv/emulation/pca9555.cpp line 101 column 14 function i2c_read'
Slicing time: 0.006s (removed 0 assignments)
No solver specified; defaulting to bitwuzla
Solving claim '(signed int)this->_active_register != 0 && (signed int)this->_active_register == 1 && (signed int)this->_active_register == 2 && (signed int)this->_active_register != 3 at file /Users/user/NVIDIA-OpenSMA/src/nv/emulation/pca9555.cpp line 101 column 14 function i2c_read' with solver Bitwuzla 0.8.2
Encoding remaining VCC(s) using bit-vector/floating-point arithmetic
Encoding to solver time: 0.047s
Solving with solver Bitwuzla 0.8.2
Runtime decision procedure: 0.005s
✓ PASSED: '(signed int)this->_active_register != 0 && (signed int)this->_active_register == 1 && (signed int)this->_active_register == 2 && (signed int)this->_active_register != 3 at file /Users/user/NVIDIA-OpenSMA/src/nv/emulation/pca9555.cpp line 101 column 14 function i2c_read'
Slicing time: 0.005s (removed 0 assignments)
No solver specified; defaulting to bitwuzla
Solving claim '(signed int)this->_active_register != 0 && (signed int)this->_active_register == 1 && (signed int)this->_active_register == 2 && (signed int)this->_active_register == 3 at file /Users/user/NVIDIA-OpenSMA/src/nv/emulation/pca9555.cpp line 101 column 14 function i2c_read' with solver Bitwuzla 0.8.2
Encoding remaining VCC(s) using bit-vector/floating-point arithmetic
Encoding to solver time: 0.048s
Solving with solver Bitwuzla 0.8.2
Runtime decision procedure: 0.005s
✓ PASSED: '(signed int)this->_active_register != 0 && (signed int)this->_active_register == 1 && (signed int)this->_active_register == 2 && (signed int)this->_active_register == 3 at file /Users/user/NVIDIA-OpenSMA/src/nv/emulation/pca9555.cpp line 101 column 14 function i2c_read'
Slicing time: 0.005s (removed 0 assignments)
No solver specified; defaulting to bitwuzla
Solving claim '(signed int)this->_active_register == 0 && (signed int)this->_active_register != 1 && (signed int)this->_active_register == 2 && (signed int)this->_active_register != 3 at file /Users/user/NVIDIA-OpenSMA/src/nv/emulation/pca9555.cpp line 101 column 14 function i2c_read' with solver Bitwuzla 0.8.2
Encoding remaining VCC(s) using bit-vector/floating-point arithmetic
Encoding to solver time: 0.050s
Solving with solver Bitwuzla 0.8.2
Runtime decision procedure: 0.005s
✓ PASSED: '(signed int)this->_active_register == 0 && (signed int)this->_active_register != 1 && (signed int)this->_active_register == 2 && (signed int)this->_active_register != 3 at file /Users/user/NVIDIA-OpenSMA/src/nv/emulation/pca9555.cpp line 101 column 14 function i2c_read'
Slicing time: 0.005s (removed 0 assignments)
No solver specified; defaulting to bitwuzla
Solving claim '(signed int)this->_active_register == 0 && (signed int)this->_active_register != 1 && (signed int)this->_active_register == 2 && (signed int)this->_active_register == 3 at file /Users/user/NVIDIA-OpenSMA/src/nv/emulation/pca9555.cpp line 101 column 14 function i2c_read' with solver Bitwuzla 0.8.2
Encoding remaining VCC(s) using bit-vector/floating-point arithmetic
Encoding to solver time: 0.047s
Solving with solver Bitwuzla 0.8.2
Runtime decision procedure: 0.005s
✓ PASSED: '(signed int)this->_active_register == 0 && (signed int)this->_active_register != 1 && (signed int)this->_active_register == 2 && (signed int)this->_active_register == 3 at file /Users/user/NVIDIA-OpenSMA/src/nv/emulation/pca9555.cpp line 101 column 14 function i2c_read'
Slicing time: 0.005s (removed 0 assignments)
No solver specified; defaulting to bitwuzla
Solving claim '(signed int)this->_active_register != 0 && (signed int)this->_active_register != 1 && (signed int)this->_active_register == 2 && (signed int)this->_active_register != 3 at file /Users/user/NVIDIA-OpenSMA/src/nv/emulation/pca9555.cpp line 101 column 14 function i2c_read' with solver Bitwuzla 0.8.2
Encoding remaining VCC(s) using bit-vector/floating-point arithmetic
Encoding to solver time: 0.049s
Solving with solver Bitwuzla 0.8.2
Runtime decision procedure: 0.005s
✓ PASSED: '(signed int)this->_active_register != 0 && (signed int)this->_active_register != 1 && (signed int)this->_active_register == 2 && (signed int)this->_active_register != 3 at file /Users/user/NVIDIA-OpenSMA/src/nv/emulation/pca9555.cpp line 101 column 14 function i2c_read'
Slicing time: 0.005s (removed 0 assignments)
No solver specified; defaulting to bitwuzla
Solving claim '(signed int)this->_active_register != 0 && (signed int)this->_active_register != 1 && (signed int)this->_active_register == 2 && (signed int)this->_active_register == 3 at file /Users/user/NVIDIA-OpenSMA/src/nv/emulation/pca9555.cpp line 101 column 14 function i2c_read' with solver Bitwuzla 0.8.2
Encoding remaining VCC(s) using bit-vector/floating-point arithmetic
Encoding to solver time: 0.049s
Solving with solver Bitwuzla 0.8.2
Runtime decision procedure: 0.005s
✓ PASSED: '(signed int)this->_active_register != 0 && (signed int)this->_active_register != 1 && (signed int)this->_active_register == 2 && (signed int)this->_active_register == 3 at file /Users/user/NVIDIA-OpenSMA/src/nv/emulation/pca9555.cpp line 101 column 14 function i2c_read'
Slicing time: 0.005s (removed 0 assignments)
No solver specified; defaulting to bitwuzla
Solving claim '(signed int)this->_active_register == 0 && (signed int)this->_active_register == 1 && (signed int)this->_active_register != 2 && (signed int)this->_active_register != 3 at file /Users/user/NVIDIA-OpenSMA/src/nv/emulation/pca9555.cpp line 101 column 14 function i2c_read' with solver Bitwuzla 0.8.2
Encoding remaining VCC(s) using bit-vector/floating-point arithmetic
Encoding to solver time: 0.048s
Solving with solver Bitwuzla 0.8.2
Runtime decision procedure: 0.005s
✓ PASSED: '(signed int)this->_active_register == 0 && (signed int)this->_active_register == 1 && (signed int)this->_active_register != 2 && (signed int)this->_active_register != 3 at file /Users/user/NVIDIA-OpenSMA/src/nv/emulation/pca9555.cpp line 101 column 14 function i2c_read'
Slicing time: 0.005s (removed 0 assignments)
No solver specified; defaulting to bitwuzla
Solving claim '(signed int)this->_active_register == 0 && (signed int)this->_active_register == 1 && (signed int)this->_active_register != 2 && (signed int)this->_active_register == 3 at file /Users/user/NVIDIA-OpenSMA/src/nv/emulation/pca9555.cpp line 101 column 14 function i2c_read' with solver Bitwuzla 0.8.2
Encoding remaining VCC(s) using bit-vector/floating-point arithmetic
Encoding to solver time: 0.048s
Solving with solver Bitwuzla 0.8.2
Runtime decision procedure: 0.005s
✓ PASSED: '(signed int)this->_active_register == 0 && (signed int)this->_active_register == 1 && (signed int)this->_active_register != 2 && (signed int)this->_active_register == 3 at file /Users/user/NVIDIA-OpenSMA/src/nv/emulation/pca9555.cpp line 101 column 14 function i2c_read'
Slicing time: 0.005s (removed 0 assignments)
No solver specified; defaulting to bitwuzla
Solving claim '(signed int)this->_active_register != 0 && (signed int)this->_active_register == 1 && (signed int)this->_active_register != 2 && (signed int)this->_active_register != 3 at file /Users/user/NVIDIA-OpenSMA/src/nv/emulation/pca9555.cpp line 101 column 14 function i2c_read' with solver Bitwuzla 0.8.2
Encoding remaining VCC(s) using bit-vector/floating-point arithmetic
Encoding to solver time: 0.049s
Solving with solver Bitwuzla 0.8.2
Runtime decision procedure: 0.006s
✓ PASSED: '(signed int)this->_active_register != 0 && (signed int)this->_active_register == 1 && (signed int)this->_active_register != 2 && (signed int)this->_active_register != 3 at file /Users/user/NVIDIA-OpenSMA/src/nv/emulation/pca9555.cpp line 101 column 14 function i2c_read'
Slicing time: 0.005s (removed 0 assignments)
No solver specified; defaulting to bitwuzla
Solving claim '(signed int)this->_active_register != 0 && (signed int)this->_active_register == 1 && (signed int)this->_active_register != 2 && (signed int)this->_active_register == 3 at file /Users/user/NVIDIA-OpenSMA/src/nv/emulation/pca9555.cpp line 101 column 14 function i2c_read' with solver Bitwuzla 0.8.2
Encoding remaining VCC(s) using bit-vector/floating-point arithmetic
Encoding to solver time: 0.048s
Solving with solver Bitwuzla 0.8.2
Runtime decision procedure: 0.006s
✓ PASSED: '(signed int)this->_active_register != 0 && (signed int)this->_active_register == 1 && (signed int)this->_active_register != 2 && (signed int)this->_active_register == 3 at file /Users/user/NVIDIA-OpenSMA/src/nv/emulation/pca9555.cpp line 101 column 14 function i2c_read'
Slicing time: 0.005s (removed 0 assignments)
No solver specified; defaulting to bitwuzla
Solving claim '(signed int)this->_active_register == 0 && (signed int)this->_active_register != 1 && (signed int)this->_active_register != 2 && (signed int)this->_active_register != 3 at file /Users/user/NVIDIA-OpenSMA/src/nv/emulation/pca9555.cpp line 101 column 14 function i2c_read' with solver Bitwuzla 0.8.2
Encoding remaining VCC(s) using bit-vector/floating-point arithmetic
Encoding to solver time: 0.048s
Solving with solver Bitwuzla 0.8.2
Runtime decision procedure: 0.005s
✓ PASSED: '(signed int)this->_active_register == 0 && (signed int)this->_active_register != 1 && (signed int)this->_active_register != 2 && (signed int)this->_active_register != 3 at file /Users/user/NVIDIA-OpenSMA/src/nv/emulation/pca9555.cpp line 101 column 14 function i2c_read'
Slicing time: 0.005s (removed 0 assignments)
No solver specified; defaulting to bitwuzla
Solving claim '(signed int)this->_active_register == 0 && (signed int)this->_active_register != 1 && (signed int)this->_active_register != 2 && (signed int)this->_active_register == 3 at file /Users/user/NVIDIA-OpenSMA/src/nv/emulation/pca9555.cpp line 101 column 14 function i2c_read' with solver Bitwuzla 0.8.2
Encoding remaining VCC(s) using bit-vector/floating-point arithmetic
Encoding to solver time: 0.048s
Solving with solver Bitwuzla 0.8.2
Runtime decision procedure: 0.006s
✓ PASSED: '(signed int)this->_active_register == 0 && (signed int)this->_active_register != 1 && (signed int)this->_active_register != 2 && (signed int)this->_active_register == 3 at file /Users/user/NVIDIA-OpenSMA/src/nv/emulation/pca9555.cpp line 101 column 14 function i2c_read'
Slicing time: 0.006s (removed 0 assignments)
No solver specified; defaulting to bitwuzla
Solving claim '(signed int)this->_active_register != 0 && (signed int)this->_active_register != 1 && (signed int)this->_active_register != 2 && (signed int)this->_active_register != 3 at file /Users/user/NVIDIA-OpenSMA/src/nv/emulation/pca9555.cpp line 101 column 14 function i2c_read' with solver Bitwuzla 0.8.2
Encoding remaining VCC(s) using bit-vector/floating-point arithmetic
Encoding to solver time: 0.048s
Solving with solver Bitwuzla 0.8.2
Runtime decision procedure: 0.005s
✓ PASSED: '(signed int)this->_active_register != 0 && (signed int)this->_active_register != 1 && (signed int)this->_active_register != 2 && (signed int)this->_active_register != 3 at file /Users/user/NVIDIA-OpenSMA/src/nv/emulation/pca9555.cpp line 101 column 14 function i2c_read'
Slicing time: 0.005s (removed 0 assignments)
No solver specified; defaulting to bitwuzla
Solving claim '(signed int)this->_active_register != 0 && (signed int)this->_active_register != 1 && (signed int)this->_active_register != 2 && (signed int)this->_active_register == 3 at file /Users/user/NVIDIA-OpenSMA/src/nv/emulation/pca9555.cpp line 101 column 14 function i2c_read' with solver Bitwuzla 0.8.2
Encoding remaining VCC(s) using bit-vector/floating-point arithmetic
Encoding to solver time: 0.048s
Solving with solver Bitwuzla 0.8.2
Runtime decision procedure: 0.005s
✓ PASSED: '(signed int)this->_active_register != 0 && (signed int)this->_active_register != 1 && (signed int)this->_active_register != 2 && (signed int)this->_active_register == 3 at file /Users/user/NVIDIA-OpenSMA/src/nv/emulation/pca9555.cpp line 101 column 14 function i2c_read'
Slicing time: 0.005s (removed 0 assignments)
No solver specified; defaulting to bitwuzla
Solving claim '(this->_new_command || !new_transaction::1) && (signed int)this->_active_register == 0 && (signed int)this->_active_register == 1 && (signed int)this->_active_register != 2 at file /Users/user/NVIDIA-OpenSMA/src/nv/emulation/pca9555.cpp line 96 column 14 function i2c_read' with solver Bitwuzla 0.8.2
Encoding remaining VCC(s) using bit-vector/floating-point arithmetic
Encoding to solver time: 0.048s
Solving with solver Bitwuzla 0.8.2
Runtime decision procedure: 0.005s
✓ PASSED: '(this->_new_command || !new_transaction::1) && (signed int)this->_active_register == 0 && (signed int)this->_active_register == 1 && (signed int)this->_active_register != 2 at file /Users/user/NVIDIA-OpenSMA/src/nv/emulation/pca9555.cpp line 96 column 14 function i2c_read'
Slicing time: 0.005s (removed 0 assignments)
No solver specified; defaulting to bitwuzla
Solving claim '(this->_new_command || !new_transaction::1) && (signed int)this->_active_register == 0 && (signed int)this->_active_register == 1 && (signed int)this->_active_register == 2 at file /Users/user/NVIDIA-OpenSMA/src/nv/emulation/pca9555.cpp line 96 column 14 function i2c_read' with solver Bitwuzla 0.8.2
Encoding remaining VCC(s) using bit-vector/floating-point arithmetic
Encoding to solver time: 0.051s
Solving with solver Bitwuzla 0.8.2
Runtime decision procedure: 0.006s
✓ PASSED: '(this->_new_command || !new_transaction::1) && (signed int)this->_active_register == 0 && (signed int)this->_active_register == 1 && (signed int)this->_active_register == 2 at file /Users/user/NVIDIA-OpenSMA/src/nv/emulation/pca9555.cpp line 96 column 14 function i2c_read'
Slicing time: 0.005s (removed 0 assignments)
No solver specified; defaulting to bitwuzla
Solving claim '(this->_new_command || !new_transaction::1) && (signed int)this->_active_register != 0 && (signed int)this->_active_register == 1 && (signed int)this->_active_register != 2 at file /Users/user/NVIDIA-OpenSMA/src/nv/emulation/pca9555.cpp line 96 column 14 function i2c_read' with solver Bitwuzla 0.8.2
Encoding remaining VCC(s) using bit-vector/floating-point arithmetic
Encoding to solver time: 0.047s
Solving with solver Bitwuzla 0.8.2
Runtime decision procedure: 0.005s
✓ PASSED: '(this->_new_command || !new_transaction::1) && (signed int)this->_active_register != 0 && (signed int)this->_active_register == 1 && (signed int)this->_active_register != 2 at file /Users/user/NVIDIA-OpenSMA/src/nv/emulation/pca9555.cpp line 96 column 14 function i2c_read'
Slicing time: 0.006s (removed 0 assignments)
No solver specified; defaulting to bitwuzla
Solving claim '(this->_new_command || !new_transaction::1) && (signed int)this->_active_register != 0 && (signed int)this->_active_register == 1 && (signed int)this->_active_register == 2 at file /Users/user/NVIDIA-OpenSMA/src/nv/emulation/pca9555.cpp line 96 column 14 function i2c_read' with solver Bitwuzla 0.8.2
Encoding remaining VCC(s) using bit-vector/floating-point arithmetic
Encoding to solver time: 0.048s
Solving with solver Bitwuzla 0.8.2
Runtime decision procedure: 0.005s
✓ PASSED: '(this->_new_command || !new_transaction::1) && (signed int)this->_active_register != 0 && (signed int)this->_active_register == 1 && (signed int)this->_active_register == 2 at file /Users/user/NVIDIA-OpenSMA/src/nv/emulation/pca9555.cpp line 96 column 14 function i2c_read'
Slicing time: 0.005s (removed 0 assignments)
No solver specified; defaulting to bitwuzla
Solving claim '(this->_new_command || !new_transaction::1) && (signed int)this->_active_register == 0 && (signed int)this->_active_register != 1 && (signed int)this->_active_register != 2 at file /Users/user/NVIDIA-OpenSMA/src/nv/emulation/pca9555.cpp line 96 column 14 function i2c_read' with solver Bitwuzla 0.8.2
Encoding remaining VCC(s) using bit-vector/floating-point arithmetic
Encoding to solver time: 0.048s
Solving with solver Bitwuzla 0.8.2
Runtime decision procedure: 0.005s
✓ PASSED: '(this->_new_command || !new_transaction::1) && (signed int)this->_active_register == 0 && (signed int)this->_active_register != 1 && (signed int)this->_active_register != 2 at file /Users/user/NVIDIA-OpenSMA/src/nv/emulation/pca9555.cpp line 96 column 14 function i2c_read'
Slicing time: 0.005s (removed 0 assignments)
No solver specified; defaulting to bitwuzla
Solving claim '(this->_new_command || !new_transaction::1) && (signed int)this->_active_register == 0 && (signed int)this->_active_register != 1 && (signed int)this->_active_register == 2 at file /Users/user/NVIDIA-OpenSMA/src/nv/emulation/pca9555.cpp line 96 column 14 function i2c_read' with solver Bitwuzla 0.8.2
Encoding remaining VCC(s) using bit-vector/floating-point arithmetic
Encoding to solver time: 0.048s
Solving with solver Bitwuzla 0.8.2
Runtime decision procedure: 0.005s
✓ PASSED: '(this->_new_command || !new_transaction::1) && (signed int)this->_active_register == 0 && (signed int)this->_active_register != 1 && (signed int)this->_active_register == 2 at file /Users/user/NVIDIA-OpenSMA/src/nv/emulation/pca9555.cpp line 96 column 14 function i2c_read'
Slicing time: 0.006s (removed 0 assignments)
No solver specified; defaulting to bitwuzla
Solving claim '(this->_new_command || !new_transaction::1) && (signed int)this->_active_register != 0 && (signed int)this->_active_register != 1 && (signed int)this->_active_register != 2 at file /Users/user/NVIDIA-OpenSMA/src/nv/emulation/pca9555.cpp line 96 column 14 function i2c_read' with solver Bitwuzla 0.8.2
Encoding remaining VCC(s) using bit-vector/floating-point arithmetic
Encoding to solver time: 0.049s
Solving with solver Bitwuzla 0.8.2
Runtime decision procedure: 0.005s
✓ PASSED: '(this->_new_command || !new_transaction::1) && (signed int)this->_active_register != 0 && (signed int)this->_active_register != 1 && (signed int)this->_active_register != 2 at file /Users/user/NVIDIA-OpenSMA/src/nv/emulation/pca9555.cpp line 96 column 14 function i2c_read'
Slicing time: 0.006s (removed 0 assignments)
No solver specified; defaulting to bitwuzla
Solving claim '(this->_new_command || !new_transaction::1) && (signed int)this->_active_register != 0 && (signed int)this->_active_register != 1 && (signed int)this->_active_register == 2 at file /Users/user/NVIDIA-OpenSMA/src/nv/emulation/pca9555.cpp line 96 column 14 function i2c_read' with solver Bitwuzla 0.8.2
Encoding remaining VCC(s) using bit-vector/floating-point arithmetic
Encoding to solver time: 0.048s
Solving with solver Bitwuzla 0.8.2
Runtime decision procedure: 0.006s
✓ PASSED: '(this->_new_command || !new_transaction::1) && (signed int)this->_active_register != 0 && (signed int)this->_active_register != 1 && (signed int)this->_active_register == 2 at file /Users/user/NVIDIA-OpenSMA/src/nv/emulation/pca9555.cpp line 96 column 14 function i2c_read'
Slicing time: 0.005s (removed 0 assignments)
No solver specified; defaulting to bitwuzla
Solving claim '(this->_new_command || !new_transaction::1) && (signed int)this->_active_register == 0 && (signed int)this->_active_register != 1 at file /Users/user/NVIDIA-OpenSMA/src/nv/emulation/pca9555.cpp line 91 column 14 function i2c_read' with solver Bitwuzla 0.8.2
Encoding remaining VCC(s) using bit-vector/floating-point arithmetic
Encoding to solver time: 0.049s
Solving with solver Bitwuzla 0.8.2
Runtime decision procedure: 0.006s
✓ PASSED: '(this->_new_command || !new_transaction::1) && (signed int)this->_active_register == 0 && (signed int)this->_active_register != 1 at file /Users/user/NVIDIA-OpenSMA/src/nv/emulation/pca9555.cpp line 91 column 14 function i2c_read'
Slicing time: 0.005s (removed 0 assignments)
No solver specified; defaulting to bitwuzla
Solving claim '(this->_new_command || !new_transaction::1) && (signed int)this->_active_register == 0 && (signed int)this->_active_register == 1 at file /Users/user/NVIDIA-OpenSMA/src/nv/emulation/pca9555.cpp line 91 column 14 function i2c_read' with solver Bitwuzla 0.8.2
Encoding remaining VCC(s) using bit-vector/floating-point arithmetic
Encoding to solver time: 0.050s
Solving with solver Bitwuzla 0.8.2
Runtime decision procedure: 0.006s
✓ PASSED: '(this->_new_command || !new_transaction::1) && (signed int)this->_active_register == 0 && (signed int)this->_active_register == 1 at file /Users/user/NVIDIA-OpenSMA/src/nv/emulation/pca9555.cpp line 91 column 14 function i2c_read'
Slicing time: 0.006s (removed 0 assignments)
No solver specified; defaulting to bitwuzla
Solving claim '(this->_new_command || !new_transaction::1) && (signed int)this->_active_register != 0 && (signed int)this->_active_register != 1 at file /Users/user/NVIDIA-OpenSMA/src/nv/emulation/pca9555.cpp line 91 column 14 function i2c_read' with solver Bitwuzla 0.8.2
Encoding remaining VCC(s) using bit-vector/floating-point arithmetic
Encoding to solver time: 0.050s
Solving with solver Bitwuzla 0.8.2
Runtime decision procedure: 0.006s
✓ PASSED: '(this->_new_command || !new_transaction::1) && (signed int)this->_active_register != 0 && (signed int)this->_active_register != 1 at file /Users/user/NVIDIA-OpenSMA/src/nv/emulation/pca9555.cpp line 91 column 14 function i2c_read'
Slicing time: 0.005s (removed 0 assignments)
No solver specified; defaulting to bitwuzla
Solving claim '(this->_new_command || !new_transaction::1) && (signed int)this->_active_register != 0 && (signed int)this->_active_register == 1 at file /Users/user/NVIDIA-OpenSMA/src/nv/emulation/pca9555.cpp line 91 column 14 function i2c_read' with solver Bitwuzla 0.8.2
Encoding remaining VCC(s) using bit-vector/floating-point arithmetic
Encoding to solver time: 0.049s
Solving with solver Bitwuzla 0.8.2
Runtime decision procedure: 0.005s
✓ PASSED: '(this->_new_command || !new_transaction::1) && (signed int)this->_active_register != 0 && (signed int)this->_active_register == 1 at file /Users/user/NVIDIA-OpenSMA/src/nv/emulation/pca9555.cpp line 91 column 14 function i2c_read'
Slicing time: 0.005s (removed 0 assignments)
No solver specified; defaulting to bitwuzla
Solving claim '(this->_new_command || !new_transaction::1) && (signed int)this->_active_register != 0 at file /Users/user/NVIDIA-OpenSMA/src/nv/emulation/pca9555.cpp line 83 column 14 function i2c_read' with solver Bitwuzla 0.8.2
Encoding remaining VCC(s) using bit-vector/floating-point arithmetic
Encoding to solver time: 0.048s
Solving with solver Bitwuzla 0.8.2
Runtime decision procedure: 0.006s
✓ PASSED: '(this->_new_command || !new_transaction::1) && (signed int)this->_active_register != 0 at file /Users/user/NVIDIA-OpenSMA/src/nv/emulation/pca9555.cpp line 83 column 14 function i2c_read'
Slicing time: 0.005s (removed 0 assignments)
No solver specified; defaulting to bitwuzla
Solving claim '(signed int)this->_active_register == 0 && (signed int)this->_active_register == 1 && (signed int)this->_active_register == 2 && (signed int)this->_active_register != 3 at file /Users/user/NVIDIA-OpenSMA/src/nv/emulation/pca9555.cpp line 101 column 14 function i2c_read' with solver Bitwuzla 0.8.2
Encoding remaining VCC(s) using bit-vector/floating-point arithmetic
Encoding to solver time: 0.051s
Solving with solver Bitwuzla 0.8.2
Runtime decision procedure: 0.003s
✓ PASSED: '(signed int)this->_active_register == 0 && (signed int)this->_active_register == 1 && (signed int)this->_active_register == 2 && (signed int)this->_active_register != 3 at file /Users/user/NVIDIA-OpenSMA/src/nv/emulation/pca9555.cpp line 101 column 14 function i2c_read'
Slicing time: 0.005s (removed 0 assignments)
No solver specified; defaulting to bitwuzla
Solving claim '(signed int)this->_active_register == 0 && (signed int)this->_active_register == 1 && (signed int)this->_active_register == 2 && (signed int)this->_active_register == 3 at file /Users/user/NVIDIA-OpenSMA/src/nv/emulation/pca9555.cpp line 101 column 14 function i2c_read' with solver Bitwuzla 0.8.2
Encoding remaining VCC(s) using bit-vector/floating-point arithmetic
Encoding to solver time: 0.048s
Solving with solver Bitwuzla 0.8.2
Runtime decision procedure: 0.003s
✓ PASSED: '(signed int)this->_active_register == 0 && (signed int)this->_active_register == 1 && (signed int)this->_active_register == 2 && (signed int)this->_active_register == 3 at file /Users/user/NVIDIA-OpenSMA/src/nv/emulation/pca9555.cpp line 101 column 14 function i2c_read'
Slicing time: 0.005s (removed 0 assignments)
No solver specified; defaulting to bitwuzla
Solving claim '(signed int)this->_active_register != 0 && (signed int)this->_active_register == 1 && (signed int)this->_active_register == 2 && (signed int)this->_active_register != 3 at file /Users/user/NVIDIA-OpenSMA/src/nv/emulation/pca9555.cpp line 101 column 14 function i2c_read' with solver Bitwuzla 0.8.2
Encoding remaining VCC(s) using bit-vector/floating-point arithmetic
Encoding to solver time: 0.046s
Solving with solver Bitwuzla 0.8.2
Runtime decision procedure: 0.003s
✓ PASSED: '(signed int)this->_active_register != 0 && (signed int)this->_active_register == 1 && (signed int)this->_active_register == 2 && (signed int)this->_active_register != 3 at file /Users/user/NVIDIA-OpenSMA/src/nv/emulation/pca9555.cpp line 101 column 14 function i2c_read'
Slicing time: 0.005s (removed 0 assignments)
No solver specified; defaulting to bitwuzla
Solving claim '(signed int)this->_active_register != 0 && (signed int)this->_active_register == 1 && (signed int)this->_active_register == 2 && (signed int)this->_active_register == 3 at file /Users/user/NVIDIA-OpenSMA/src/nv/emulation/pca9555.cpp line 101 column 14 function i2c_read' with solver Bitwuzla 0.8.2
Encoding remaining VCC(s) using bit-vector/floating-point arithmetic
Encoding to solver time: 0.049s
Solving with solver Bitwuzla 0.8.2
Runtime decision procedure: 0.003s
✓ PASSED: '(signed int)this->_active_register != 0 && (signed int)this->_active_register == 1 && (signed int)this->_active_register == 2 && (signed int)this->_active_register == 3 at file /Users/user/NVIDIA-OpenSMA/src/nv/emulation/pca9555.cpp line 101 column 14 function i2c_read'
Slicing time: 0.005s (removed 0 assignments)
No solver specified; defaulting to bitwuzla
Solving claim '(signed int)this->_active_register == 0 && (signed int)this->_active_register != 1 && (signed int)this->_active_register == 2 && (signed int)this->_active_register != 3 at file /Users/user/NVIDIA-OpenSMA/src/nv/emulation/pca9555.cpp line 101 column 14 function i2c_read' with solver Bitwuzla 0.8.2
Encoding remaining VCC(s) using bit-vector/floating-point arithmetic
Encoding to solver time: 0.049s
Solving with solver Bitwuzla 0.8.2
Runtime decision procedure: 0.003s
✓ PASSED: '(signed int)this->_active_register == 0 && (signed int)this->_active_register != 1 && (signed int)this->_active_register == 2 && (signed int)this->_active_register != 3 at file /Users/user/NVIDIA-OpenSMA/src/nv/emulation/pca9555.cpp line 101 column 14 function i2c_read'
Slicing time: 0.005s (removed 0 assignments)
No solver specified; defaulting to bitwuzla
Solving claim '(signed int)this->_active_register == 0 && (signed int)this->_active_register != 1 && (signed int)this->_active_register == 2 && (signed int)this->_active_register == 3 at file /Users/user/NVIDIA-OpenSMA/src/nv/emulation/pca9555.cpp line 101 column 14 function i2c_read' with solver Bitwuzla 0.8.2
Encoding remaining VCC(s) using bit-vector/floating-point arithmetic
Encoding to solver time: 0.048s
Solving with solver Bitwuzla 0.8.2
Runtime decision procedure: 0.003s
✓ PASSED: '(signed int)this->_active_register == 0 && (signed int)this->_active_register != 1 && (signed int)this->_active_register == 2 && (signed int)this->_active_register == 3 at file /Users/user/NVIDIA-OpenSMA/src/nv/emulation/pca9555.cpp line 101 column 14 function i2c_read'
Slicing time: 0.005s (removed 0 assignments)
No solver specified; defaulting to bitwuzla
Solving claim '(signed int)this->_active_register != 0 && (signed int)this->_active_register != 1 && (signed int)this->_active_register == 2 && (signed int)this->_active_register != 3 at file /Users/user/NVIDIA-OpenSMA/src/nv/emulation/pca9555.cpp line 101 column 14 function i2c_read' with solver Bitwuzla 0.8.2
Encoding remaining VCC(s) using bit-vector/floating-point arithmetic
Encoding to solver time: 0.048s
Solving with solver Bitwuzla 0.8.2
Runtime decision procedure: 0.003s
✓ PASSED: '(signed int)this->_active_register != 0 && (signed int)this->_active_register != 1 && (signed int)this->_active_register == 2 && (signed int)this->_active_register != 3 at file /Users/user/NVIDIA-OpenSMA/src/nv/emulation/pca9555.cpp line 101 column 14 function i2c_read'
Slicing time: 0.005s (removed 0 assignments)
No solver specified; defaulting to bitwuzla
Solving claim '(signed int)this->_active_register != 0 && (signed int)this->_active_register != 1 && (signed int)this->_active_register == 2 && (signed int)this->_active_register == 3 at file /Users/user/NVIDIA-OpenSMA/src/nv/emulation/pca9555.cpp line 101 column 14 function i2c_read' with solver Bitwuzla 0.8.2
Encoding remaining VCC(s) using bit-vector/floating-point arithmetic
Encoding to solver time: 0.048s
Solving with solver Bitwuzla 0.8.2
Runtime decision procedure: 0.003s
✓ PASSED: '(signed int)this->_active_register != 0 && (signed int)this->_active_register != 1 && (signed int)this->_active_register == 2 && (signed int)this->_active_register == 3 at file /Users/user/NVIDIA-OpenSMA/src/nv/emulation/pca9555.cpp line 101 column 14 function i2c_read'
Slicing time: 0.005s (removed 0 assignments)
No solver specified; defaulting to bitwuzla
Solving claim '(signed int)this->_active_register == 0 && (signed int)this->_active_register == 1 && (signed int)this->_active_register != 2 && (signed int)this->_active_register != 3 at file /Users/user/NVIDIA-OpenSMA/src/nv/emulation/pca9555.cpp line 101 column 14 function i2c_read' with solver Bitwuzla 0.8.2
Encoding remaining VCC(s) using bit-vector/floating-point arithmetic
Encoding to solver time: 0.048s
Solving with solver Bitwuzla 0.8.2
Runtime decision procedure: 0.003s
✓ PASSED: '(signed int)this->_active_register == 0 && (signed int)this->_active_register == 1 && (signed int)this->_active_register != 2 && (signed int)this->_active_register != 3 at file /Users/user/NVIDIA-OpenSMA/src/nv/emulation/pca9555.cpp line 101 column 14 function i2c_read'
Slicing time: 0.005s (removed 0 assignments)
No solver specified; defaulting to bitwuzla
Solving claim '(signed int)this->_active_register == 0 && (signed int)this->_active_register == 1 && (signed int)this->_active_register != 2 && (signed int)this->_active_register == 3 at file /Users/user/NVIDIA-OpenSMA/src/nv/emulation/pca9555.cpp line 101 column 14 function i2c_read' with solver Bitwuzla 0.8.2
Encoding remaining VCC(s) using bit-vector/floating-point arithmetic
Encoding to solver time: 0.048s
Solving with solver Bitwuzla 0.8.2
Runtime decision procedure: 0.003s
✓ PASSED: '(signed int)this->_active_register == 0 && (signed int)this->_active_register == 1 && (signed int)this->_active_register != 2 && (signed int)this->_active_register == 3 at file /Users/user/NVIDIA-OpenSMA/src/nv/emulation/pca9555.cpp line 101 column 14 function i2c_read'
Slicing time: 0.005s (removed 0 assignments)
No solver specified; defaulting to bitwuzla
Solving claim '(signed int)this->_active_register != 0 && (signed int)this->_active_register == 1 && (signed int)this->_active_register != 2 && (signed int)this->_active_register != 3 at file /Users/user/NVIDIA-OpenSMA/src/nv/emulation/pca9555.cpp line 101 column 14 function i2c_read' with solver Bitwuzla 0.8.2
Encoding remaining VCC(s) using bit-vector/floating-point arithmetic
Encoding to solver time: 0.048s
Solving with solver Bitwuzla 0.8.2
Runtime decision procedure: 0.003s
✓ PASSED: '(signed int)this->_active_register != 0 && (signed int)this->_active_register == 1 && (signed int)this->_active_register != 2 && (signed int)this->_active_register != 3 at file /Users/user/NVIDIA-OpenSMA/src/nv/emulation/pca9555.cpp line 101 column 14 function i2c_read'
Slicing time: 0.005s (removed 0 assignments)
No solver specified; defaulting to bitwuzla
Solving claim '(signed int)this->_active_register != 0 && (signed int)this->_active_register == 1 && (signed int)this->_active_register != 2 && (signed int)this->_active_register == 3 at file /Users/user/NVIDIA-OpenSMA/src/nv/emulation/pca9555.cpp line 101 column 14 function i2c_read' with solver Bitwuzla 0.8.2
Encoding remaining VCC(s) using bit-vector/floating-point arithmetic
Encoding to solver time: 0.048s
Solving with solver Bitwuzla 0.8.2
Runtime decision procedure: 0.003s
✓ PASSED: '(signed int)this->_active_register != 0 && (signed int)this->_active_register == 1 && (signed int)this->_active_register != 2 && (signed int)this->_active_register == 3 at file /Users/user/NVIDIA-OpenSMA/src/nv/emulation/pca9555.cpp line 101 column 14 function i2c_read'
Slicing time: 0.005s (removed 0 assignments)
No solver specified; defaulting to bitwuzla
Solving claim '(signed int)this->_active_register == 0 && (signed int)this->_active_register != 1 && (signed int)this->_active_register != 2 && (signed int)this->_active_register != 3 at file /Users/user/NVIDIA-OpenSMA/src/nv/emulation/pca9555.cpp line 101 column 14 function i2c_read' with solver Bitwuzla 0.8.2
Encoding remaining VCC(s) using bit-vector/floating-point arithmetic
Encoding to solver time: 0.049s
Solving with solver Bitwuzla 0.8.2
Runtime decision procedure: 0.006s
✓ PASSED: '(signed int)this->_active_register == 0 && (signed int)this->_active_register != 1 && (signed int)this->_active_register != 2 && (signed int)this->_active_register != 3 at file /Users/user/NVIDIA-OpenSMA/src/nv/emulation/pca9555.cpp line 101 column 14 function i2c_read'
Slicing time: 0.005s (removed 0 assignments)
No solver specified; defaulting to bitwuzla
Solving claim '(signed int)this->_active_register == 0 && (signed int)this->_active_register != 1 && (signed int)this->_active_register != 2 && (signed int)this->_active_register == 3 at file /Users/user/NVIDIA-OpenSMA/src/nv/emulation/pca9555.cpp line 101 column 14 function i2c_read' with solver Bitwuzla 0.8.2
Encoding remaining VCC(s) using bit-vector/floating-point arithmetic
Encoding to solver time: 0.049s
Solving with solver Bitwuzla 0.8.2
Runtime decision procedure: 0.003s
✓ PASSED: '(signed int)this->_active_register == 0 && (signed int)this->_active_register != 1 && (signed int)this->_active_register != 2 && (signed int)this->_active_register == 3 at file /Users/user/NVIDIA-OpenSMA/src/nv/emulation/pca9555.cpp line 101 column 14 function i2c_read'
Slicing time: 0.005s (removed 0 assignments)
No solver specified; defaulting to bitwuzla
Solving claim '(signed int)this->_active_register != 0 && (signed int)this->_active_register != 1 && (signed int)this->_active_register != 2 && (signed int)this->_active_register != 3 at file /Users/user/NVIDIA-OpenSMA/src/nv/emulation/pca9555.cpp line 101 column 14 function i2c_read' with solver Bitwuzla 0.8.2
Encoding remaining VCC(s) using bit-vector/floating-point arithmetic
Encoding to solver time: 0.047s
Solving with solver Bitwuzla 0.8.2
Runtime decision procedure: 0.003s
✓ PASSED: '(signed int)this->_active_register != 0 && (signed int)this->_active_register != 1 && (signed int)this->_active_register != 2 && (signed int)this->_active_register != 3 at file /Users/user/NVIDIA-OpenSMA/src/nv/emulation/pca9555.cpp line 101 column 14 function i2c_read'
Slicing time: 0.005s (removed 0 assignments)
No solver specified; defaulting to bitwuzla
Solving claim '(signed int)this->_active_register != 0 && (signed int)this->_active_register != 1 && (signed int)this->_active_register != 2 && (signed int)this->_active_register == 3 at file /Users/user/NVIDIA-OpenSMA/src/nv/emulation/pca9555.cpp line 101 column 14 function i2c_read' with solver Bitwuzla 0.8.2
Encoding remaining VCC(s) using bit-vector/floating-point arithmetic
Encoding to solver time: 0.047s
Solving with solver Bitwuzla 0.8.2
Runtime decision procedure: 0.003s
✓ PASSED: '(signed int)this->_active_register != 0 && (signed int)this->_active_register != 1 && (signed int)this->_active_register != 2 && (signed int)this->_active_register == 3 at file /Users/user/NVIDIA-OpenSMA/src/nv/emulation/pca9555.cpp line 101 column 14 function i2c_read'
Slicing time: 0.005s (removed 0 assignments)
No solver specified; defaulting to bitwuzla
Solving claim '(this->_new_command || !new_transaction::1) && (signed int)this->_active_register == 0 && (signed int)this->_active_register == 1 && (signed int)this->_active_register != 2 at file /Users/user/NVIDIA-OpenSMA/src/nv/emulation/pca9555.cpp line 96 column 14 function i2c_read' with solver Bitwuzla 0.8.2
Encoding remaining VCC(s) using bit-vector/floating-point arithmetic
Encoding to solver time: 0.047s
Solving with solver Bitwuzla 0.8.2
Runtime decision procedure: 0.003s
✓ PASSED: '(this->_new_command || !new_transaction::1) && (signed int)this->_active_register == 0 && (signed int)this->_active_register == 1 && (signed int)this->_active_register != 2 at file /Users/user/NVIDIA-OpenSMA/src/nv/emulation/pca9555.cpp line 96 column 14 function i2c_read'
Slicing time: 0.005s (removed 0 assignments)
No solver specified; defaulting to bitwuzla
Solving claim '(this->_new_command || !new_transaction::1) && (signed int)this->_active_register == 0 && (signed int)this->_active_register == 1 && (signed int)this->_active_register == 2 at file /Users/user/NVIDIA-OpenSMA/src/nv/emulation/pca9555.cpp line 96 column 14 function i2c_read' with solver Bitwuzla 0.8.2
Encoding remaining VCC(s) using bit-vector/floating-point arithmetic
Encoding to solver time: 0.047s
Solving with solver Bitwuzla 0.8.2
Runtime decision procedure: 0.003s
✓ PASSED: '(this->_new_command || !new_transaction::1) && (signed int)this->_active_register == 0 && (signed int)this->_active_register == 1 && (signed int)this->_active_register == 2 at file /Users/user/NVIDIA-OpenSMA/src/nv/emulation/pca9555.cpp line 96 column 14 function i2c_read'
Slicing time: 0.005s (removed 0 assignments)
No solver specified; defaulting to bitwuzla
Solving claim '!this->_new_command && new_transaction::1 && (signed int)this->_active_register == 0 && (signed int)this->_active_register == 1 && (signed int)this->_active_register != 2 at file /Users/user/NVIDIA-OpenSMA/src/nv/emulation/pca9555.cpp line 96 column 14 function i2c_read' with solver Bitwuzla 0.8.2
Encoding remaining VCC(s) using bit-vector/floating-point arithmetic
Encoding to solver time: 0.048s
Solving with solver Bitwuzla 0.8.2
Runtime decision procedure: 0.004s
✓ PASSED: '!this->_new_command && new_transaction::1 && (signed int)this->_active_register == 0 && (signed int)this->_active_register == 1 && (signed int)this->_active_register != 2 at file /Users/user/NVIDIA-OpenSMA/src/nv/emulation/pca9555.cpp line 96 column 14 function i2c_read'
Slicing time: 0.006s (removed 0 assignments)
No solver specified; defaulting to bitwuzla
Solving claim '!this->_new_command && new_transaction::1 && (signed int)this->_active_register == 0 && (signed int)this->_active_register == 1 && (signed int)this->_active_register == 2 at file /Users/user/NVIDIA-OpenSMA/src/nv/emulation/pca9555.cpp line 96 column 14 function i2c_read' with solver Bitwuzla 0.8.2
Encoding remaining VCC(s) using bit-vector/floating-point arithmetic
Encoding to solver time: 0.049s
Solving with solver Bitwuzla 0.8.2
Runtime decision procedure: 0.003s
✓ PASSED: '!this->_new_command && new_transaction::1 && (signed int)this->_active_register == 0 && (signed int)this->_active_register == 1 && (signed int)this->_active_register == 2 at file /Users/user/NVIDIA-OpenSMA/src/nv/emulation/pca9555.cpp line 96 column 14 function i2c_read'
Slicing time: 0.005s (removed 0 assignments)
No solver specified; defaulting to bitwuzla
Solving claim '(this->_new_command || !new_transaction::1) && (signed int)this->_active_register != 0 && (signed int)this->_active_register == 1 && (signed int)this->_active_register != 2 at file /Users/user/NVIDIA-OpenSMA/src/nv/emulation/pca9555.cpp line 96 column 14 function i2c_read' with solver Bitwuzla 0.8.2
Encoding remaining VCC(s) using bit-vector/floating-point arithmetic
Encoding to solver time: 0.046s
Solving with solver Bitwuzla 0.8.2
Runtime decision procedure: 0.002s
✓ PASSED: '(this->_new_command || !new_transaction::1) && (signed int)this->_active_register != 0 && (signed int)this->_active_register == 1 && (signed int)this->_active_register != 2 at file /Users/user/NVIDIA-OpenSMA/src/nv/emulation/pca9555.cpp line 96 column 14 function i2c_read'
Slicing time: 0.005s (removed 0 assignments)
No solver specified; defaulting to bitwuzla
Solving claim '(this->_new_command || !new_transaction::1) && (signed int)this->_active_register != 0 && (signed int)this->_active_register == 1 && (signed int)this->_active_register == 2 at file /Users/user/NVIDIA-OpenSMA/src/nv/emulation/pca9555.cpp line 96 column 14 function i2c_read' with solver Bitwuzla 0.8.2
Encoding remaining VCC(s) using bit-vector/floating-point arithmetic
Encoding to solver time: 0.047s
Solving with solver Bitwuzla 0.8.2
Runtime decision procedure: 0.003s
✓ PASSED: '(this->_new_command || !new_transaction::1) && (signed int)this->_active_register != 0 && (signed int)this->_active_register == 1 && (signed int)this->_active_register == 2 at file /Users/user/NVIDIA-OpenSMA/src/nv/emulation/pca9555.cpp line 96 column 14 function i2c_read'
Slicing time: 0.005s (removed 0 assignments)
No solver specified; defaulting to bitwuzla
Solving claim '!this->_new_command && new_transaction::1 && (signed int)this->_active_register != 0 && (signed int)this->_active_register == 1 && (signed int)this->_active_register != 2 at file /Users/user/NVIDIA-OpenSMA/src/nv/emulation/pca9555.cpp line 96 column 14 function i2c_read' with solver Bitwuzla 0.8.2
Encoding remaining VCC(s) using bit-vector/floating-point arithmetic
Encoding to solver time: 0.047s
Solving with solver Bitwuzla 0.8.2
Runtime decision procedure: 0.003s
✓ PASSED: '!this->_new_command && new_transaction::1 && (signed int)this->_active_register != 0 && (signed int)this->_active_register == 1 && (signed int)this->_active_register != 2 at file /Users/user/NVIDIA-OpenSMA/src/nv/emulation/pca9555.cpp line 96 column 14 function i2c_read'
Slicing time: 0.005s (removed 0 assignments)
No solver specified; defaulting to bitwuzla
Solving claim '!this->_new_command && new_transaction::1 && (signed int)this->_active_register != 0 && (signed int)this->_active_register == 1 && (signed int)this->_active_register == 2 at file /Users/user/NVIDIA-OpenSMA/src/nv/emulation/pca9555.cpp line 96 column 14 function i2c_read' with solver Bitwuzla 0.8.2
Encoding remaining VCC(s) using bit-vector/floating-point arithmetic
Encoding to solver time: 0.047s
Solving with solver Bitwuzla 0.8.2
Runtime decision procedure: 0.003s
✓ PASSED: '!this->_new_command && new_transaction::1 && (signed int)this->_active_register != 0 && (signed int)this->_active_register == 1 && (signed int)this->_active_register == 2 at file /Users/user/NVIDIA-OpenSMA/src/nv/emulation/pca9555.cpp line 96 column 14 function i2c_read'
Slicing time: 0.005s (removed 0 assignments)
No solver specified; defaulting to bitwuzla
Solving claim '(this->_new_command || !new_transaction::1) && (signed int)this->_active_register == 0 && (signed int)this->_active_register != 1 && (signed int)this->_active_register != 2 at file /Users/user/NVIDIA-OpenSMA/src/nv/emulation/pca9555.cpp line 96 column 14 function i2c_read' with solver Bitwuzla 0.8.2
Encoding remaining VCC(s) using bit-vector/floating-point arithmetic
Encoding to solver time: 0.047s
Solving with solver Bitwuzla 0.8.2
Runtime decision procedure: 0.002s
✓ PASSED: '(this->_new_command || !new_transaction::1) && (signed int)this->_active_register == 0 && (signed int)this->_active_register != 1 && (signed int)this->_active_register != 2 at file /Users/user/NVIDIA-OpenSMA/src/nv/emulation/pca9555.cpp line 96 column 14 function i2c_read'
Slicing time: 0.005s (removed 0 assignments)
No solver specified; defaulting to bitwuzla
Solving claim '(this->_new_command || !new_transaction::1) && (signed int)this->_active_register == 0 && (signed int)this->_active_register != 1 && (signed int)this->_active_register == 2 at file /Users/user/NVIDIA-OpenSMA/src/nv/emulation/pca9555.cpp line 96 column 14 function i2c_read' with solver Bitwuzla 0.8.2
Encoding remaining VCC(s) using bit-vector/floating-point arithmetic
Encoding to solver time: 0.047s
Solving with solver Bitwuzla 0.8.2
Runtime decision procedure: 0.003s
✓ PASSED: '(this->_new_command || !new_transaction::1) && (signed int)this->_active_register == 0 && (signed int)this->_active_register != 1 && (signed int)this->_active_register == 2 at file /Users/user/NVIDIA-OpenSMA/src/nv/emulation/pca9555.cpp line 96 column 14 function i2c_read'
Slicing time: 0.006s (removed 0 assignments)
No solver specified; defaulting to bitwuzla
Solving claim '!this->_new_command && new_transaction::1 && (signed int)this->_active_register == 0 && (signed int)this->_active_register != 1 && (signed int)this->_active_register != 2 at file /Users/user/NVIDIA-OpenSMA/src/nv/emulation/pca9555.cpp line 96 column 14 function i2c_read' with solver Bitwuzla 0.8.2
Encoding remaining VCC(s) using bit-vector/floating-point arithmetic
Encoding to solver time: 0.048s
Solving with solver Bitwuzla 0.8.2
Runtime decision procedure: 0.005s
✓ PASSED: '!this->_new_command && new_transaction::1 && (signed int)this->_active_register == 0 && (signed int)this->_active_register != 1 && (signed int)this->_active_register != 2 at file /Users/user/NVIDIA-OpenSMA/src/nv/emulation/pca9555.cpp line 96 column 14 function i2c_read'
Slicing time: 0.005s (removed 0 assignments)
No solver specified; defaulting to bitwuzla
Solving claim '!this->_new_command && new_transaction::1 && (signed int)this->_active_register == 0 && (signed int)this->_active_register != 1 && (signed int)this->_active_register == 2 at file /Users/user/NVIDIA-OpenSMA/src/nv/emulation/pca9555.cpp line 96 column 14 function i2c_read' with solver Bitwuzla 0.8.2
Encoding remaining VCC(s) using bit-vector/floating-point arithmetic
Encoding to solver time: 0.047s
Solving with solver Bitwuzla 0.8.2
Runtime decision procedure: 0.003s
✓ PASSED: '!this->_new_command && new_transaction::1 && (signed int)this->_active_register == 0 && (signed int)this->_active_register != 1 && (signed int)this->_active_register == 2 at file /Users/user/NVIDIA-OpenSMA/src/nv/emulation/pca9555.cpp line 96 column 14 function i2c_read'
Slicing time: 0.005s (removed 0 assignments)
No solver specified; defaulting to bitwuzla
Solving claim '(this->_new_command || !new_transaction::1) && (signed int)this->_active_register != 0 && (signed int)this->_active_register != 1 && (signed int)this->_active_register != 2 at file /Users/user/NVIDIA-OpenSMA/src/nv/emulation/pca9555.cpp line 96 column 14 function i2c_read' with solver Bitwuzla 0.8.2
Encoding remaining VCC(s) using bit-vector/floating-point arithmetic
Encoding to solver time: 0.047s
Solving with solver Bitwuzla 0.8.2
Runtime decision procedure: 0.003s
✓ PASSED: '(this->_new_command || !new_transaction::1) && (signed int)this->_active_register != 0 && (signed int)this->_active_register != 1 && (signed int)this->_active_register != 2 at file /Users/user/NVIDIA-OpenSMA/src/nv/emulation/pca9555.cpp line 96 column 14 function i2c_read'
Slicing time: 0.005s (removed 0 assignments)
No solver specified; defaulting to bitwuzla
Solving claim '(this->_new_command || !new_transaction::1) && (signed int)this->_active_register != 0 && (signed int)this->_active_register != 1 && (signed int)this->_active_register == 2 at file /Users/user/NVIDIA-OpenSMA/src/nv/emulation/pca9555.cpp line 96 column 14 function i2c_read' with solver Bitwuzla 0.8.2
Encoding remaining VCC(s) using bit-vector/floating-point arithmetic
Encoding to solver time: 0.048s
Solving with solver Bitwuzla 0.8.2
Runtime decision procedure: 0.003s
✓ PASSED: '(this->_new_command || !new_transaction::1) && (signed int)this->_active_register != 0 && (signed int)this->_active_register != 1 && (signed int)this->_active_register == 2 at file /Users/user/NVIDIA-OpenSMA/src/nv/emulation/pca9555.cpp line 96 column 14 function i2c_read'
Slicing time: 0.005s (removed 0 assignments)
No solver specified; defaulting to bitwuzla
Solving claim '!this->_new_command && new_transaction::1 && (signed int)this->_active_register != 0 && (signed int)this->_active_register != 1 && (signed int)this->_active_register != 2 at file /Users/user/NVIDIA-OpenSMA/src/nv/emulation/pca9555.cpp line 96 column 14 function i2c_read' with solver Bitwuzla 0.8.2
Encoding remaining VCC(s) using bit-vector/floating-point arithmetic
Encoding to solver time: 0.047s
Solving with solver Bitwuzla 0.8.2
Runtime decision procedure: 0.003s
✓ PASSED: '!this->_new_command && new_transaction::1 && (signed int)this->_active_register != 0 && (signed int)this->_active_register != 1 && (signed int)this->_active_register != 2 at file /Users/user/NVIDIA-OpenSMA/src/nv/emulation/pca9555.cpp line 96 column 14 function i2c_read'
Slicing time: 0.005s (removed 0 assignments)
No solver specified; defaulting to bitwuzla
Solving claim '!this->_new_command && new_transaction::1 && (signed int)this->_active_register != 0 && (signed int)this->_active_register != 1 && (signed int)this->_active_register == 2 at file /Users/user/NVIDIA-OpenSMA/src/nv/emulation/pca9555.cpp line 96 column 14 function i2c_read' with solver Bitwuzla 0.8.2
Encoding remaining VCC(s) using bit-vector/floating-point arithmetic
Encoding to solver time: 0.047s
Solving with solver Bitwuzla 0.8.2
Runtime decision procedure: 0.003s
✓ PASSED: '!this->_new_command && new_transaction::1 && (signed int)this->_active_register != 0 && (signed int)this->_active_register != 1 && (signed int)this->_active_register == 2 at file /Users/user/NVIDIA-OpenSMA/src/nv/emulation/pca9555.cpp line 96 column 14 function i2c_read'
Slicing time: 0.005s (removed 0 assignments)
No solver specified; defaulting to bitwuzla
Solving claim '(this->_new_command || !new_transaction::1) && (signed int)this->_active_register == 0 && (signed int)this->_active_register != 1 at file /Users/user/NVIDIA-OpenSMA/src/nv/emulation/pca9555.cpp line 91 column 14 function i2c_read' with solver Bitwuzla 0.8.2
Encoding remaining VCC(s) using bit-vector/floating-point arithmetic
Encoding to solver time: 0.048s
Solving with solver Bitwuzla 0.8.2
Runtime decision procedure: 0.003s
✓ PASSED: '(this->_new_command || !new_transaction::1) && (signed int)this->_active_register == 0 && (signed int)this->_active_register != 1 at file /Users/user/NVIDIA-OpenSMA/src/nv/emulation/pca9555.cpp line 91 column 14 function i2c_read'
Slicing time: 0.005s (removed 0 assignments)
No solver specified; defaulting to bitwuzla
Solving claim '(this->_new_command || !new_transaction::1) && (signed int)this->_active_register == 0 && (signed int)this->_active_register == 1 at file /Users/user/NVIDIA-OpenSMA/src/nv/emulation/pca9555.cpp line 91 column 14 function i2c_read' with solver Bitwuzla 0.8.2
Encoding remaining VCC(s) using bit-vector/floating-point arithmetic
Encoding to solver time: 0.048s
Solving with solver Bitwuzla 0.8.2
Runtime decision procedure: 0.003s
✓ PASSED: '(this->_new_command || !new_transaction::1) && (signed int)this->_active_register == 0 && (signed int)this->_active_register == 1 at file /Users/user/NVIDIA-OpenSMA/src/nv/emulation/pca9555.cpp line 91 column 14 function i2c_read'
Slicing time: 0.006s (removed 0 assignments)
No solver specified; defaulting to bitwuzla
Solving claim '!this->_new_command && new_transaction::1 && (signed int)this->_active_register == 0 && (signed int)this->_active_register != 1 at file /Users/user/NVIDIA-OpenSMA/src/nv/emulation/pca9555.cpp line 91 column 14 function i2c_read' with solver Bitwuzla 0.8.2
Encoding remaining VCC(s) using bit-vector/floating-point arithmetic
Encoding to solver time: 0.048s
Solving with solver Bitwuzla 0.8.2
Runtime decision procedure: 0.005s
✓ PASSED: '!this->_new_command && new_transaction::1 && (signed int)this->_active_register == 0 && (signed int)this->_active_register != 1 at file /Users/user/NVIDIA-OpenSMA/src/nv/emulation/pca9555.cpp line 91 column 14 function i2c_read'
Slicing time: 0.005s (removed 0 assignments)
No solver specified; defaulting to bitwuzla
Solving claim '!this->_new_command && new_transaction::1 && (signed int)this->_active_register == 0 && (signed int)this->_active_register == 1 at file /Users/user/NVIDIA-OpenSMA/src/nv/emulation/pca9555.cpp line 91 column 14 function i2c_read' with solver Bitwuzla 0.8.2
Encoding remaining VCC(s) using bit-vector/floating-point arithmetic
Encoding to solver time: 0.048s
Solving with solver Bitwuzla 0.8.2
Runtime decision procedure: 0.003s
✓ PASSED: '!this->_new_command && new_transaction::1 && (signed int)this->_active_register == 0 && (signed int)this->_active_register == 1 at file /Users/user/NVIDIA-OpenSMA/src/nv/emulation/pca9555.cpp line 91 column 14 function i2c_read'
Slicing time: 0.005s (removed 0 assignments)
No solver specified; defaulting to bitwuzla
Solving claim '(this->_new_command || !new_transaction::1) && (signed int)this->_active_register != 0 && (signed int)this->_active_register != 1 at file /Users/user/NVIDIA-OpenSMA/src/nv/emulation/pca9555.cpp line 91 column 14 function i2c_read' with solver Bitwuzla 0.8.2
Encoding remaining VCC(s) using bit-vector/floating-point arithmetic
Encoding to solver time: 0.048s
Solving with solver Bitwuzla 0.8.2
Runtime decision procedure: 0.003s
✓ PASSED: '(this->_new_command || !new_transaction::1) && (signed int)this->_active_register != 0 && (signed int)this->_active_register != 1 at file /Users/user/NVIDIA-OpenSMA/src/nv/emulation/pca9555.cpp line 91 column 14 function i2c_read'
Slicing time: 0.005s (removed 0 assignments)
No solver specified; defaulting to bitwuzla
Solving claim '(this->_new_command || !new_transaction::1) && (signed int)this->_active_register != 0 && (signed int)this->_active_register == 1 at file /Users/user/NVIDIA-OpenSMA/src/nv/emulation/pca9555.cpp line 91 column 14 function i2c_read' with solver Bitwuzla 0.8.2
Encoding remaining VCC(s) using bit-vector/floating-point arithmetic
Encoding to solver time: 0.048s
Solving with solver Bitwuzla 0.8.2
Runtime decision procedure: 0.003s
✓ PASSED: '(this->_new_command || !new_transaction::1) && (signed int)this->_active_register != 0 && (signed int)this->_active_register == 1 at file /Users/user/NVIDIA-OpenSMA/src/nv/emulation/pca9555.cpp line 91 column 14 function i2c_read'
Slicing time: 0.005s (removed 0 assignments)
No solver specified; defaulting to bitwuzla
Solving claim '!this->_new_command && new_transaction::1 && (signed int)this->_active_register != 0 && (signed int)this->_active_register != 1 at file /Users/user/NVIDIA-OpenSMA/src/nv/emulation/pca9555.cpp line 91 column 14 function i2c_read' with solver Bitwuzla 0.8.2
Encoding remaining VCC(s) using bit-vector/floating-point arithmetic
Encoding to solver time: 0.049s
Solving with solver Bitwuzla 0.8.2
Runtime decision procedure: 0.003s
✓ PASSED: '!this->_new_command && new_transaction::1 && (signed int)this->_active_register != 0 && (signed int)this->_active_register != 1 at file /Users/user/NVIDIA-OpenSMA/src/nv/emulation/pca9555.cpp line 91 column 14 function i2c_read'
Slicing time: 0.005s (removed 0 assignments)
No solver specified; defaulting to bitwuzla
Solving claim '!this->_new_command && new_transaction::1 && (signed int)this->_active_register != 0 && (signed int)this->_active_register == 1 at file /Users/user/NVIDIA-OpenSMA/src/nv/emulation/pca9555.cpp line 91 column 14 function i2c_read' with solver Bitwuzla 0.8.2
Encoding remaining VCC(s) using bit-vector/floating-point arithmetic
Encoding to solver time: 0.048s
Solving with solver Bitwuzla 0.8.2
Runtime decision procedure: 0.003s
✓ PASSED: '!this->_new_command && new_transaction::1 && (signed int)this->_active_register != 0 && (signed int)this->_active_register == 1 at file /Users/user/NVIDIA-OpenSMA/src/nv/emulation/pca9555.cpp line 91 column 14 function i2c_read'
Slicing time: 0.005s (removed 0 assignments)
No solver specified; defaulting to bitwuzla
Solving claim '(this->_new_command || !new_transaction::1) && (signed int)this->_active_register != 0 at file /Users/user/NVIDIA-OpenSMA/src/nv/emulation/pca9555.cpp line 83 column 14 function i2c_read' with solver Bitwuzla 0.8.2
Encoding remaining VCC(s) using bit-vector/floating-point arithmetic
Encoding to solver time: 0.050s
Solving with solver Bitwuzla 0.8.2
Runtime decision procedure: 0.003s
✓ PASSED: '(this->_new_command || !new_transaction::1) && (signed int)this->_active_register != 0 at file /Users/user/NVIDIA-OpenSMA/src/nv/emulation/pca9555.cpp line 83 column 14 function i2c_read'
Slicing time: 0.005s (removed 0 assignments)
No solver specified; defaulting to bitwuzla
Solving claim '!this->_new_command && new_transaction::1 && (signed int)this->_active_register != 0 at file /Users/user/NVIDIA-OpenSMA/src/nv/emulation/pca9555.cpp line 83 column 14 function i2c_read' with solver Bitwuzla 0.8.2
Encoding remaining VCC(s) using bit-vector/floating-point arithmetic
Encoding to solver time: 0.050s
Solving with solver Bitwuzla 0.8.2
Runtime decision procedure: 0.003s
✓ PASSED: '!this->_new_command && new_transaction::1 && (signed int)this->_active_register != 0 at file /Users/user/NVIDIA-OpenSMA/src/nv/emulation/pca9555.cpp line 83 column 14 function i2c_read'
Slicing time: 0.005s (removed 0 assignments)
No solver specified; defaulting to bitwuzla
Solving claim '!this->_new_command && new_transaction::1 at file /Users/user/NVIDIA-OpenSMA/src/nv/emulation/pca9555.cpp line 75 column 5 function i2c_read' with solver Bitwuzla 0.8.2
Encoding remaining VCC(s) using bit-vector/floating-point arithmetic
Encoding to solver time: 0.051s
Solving with solver Bitwuzla 0.8.2
Runtime decision procedure: 0.003s
✓ PASSED: '!this->_new_command && new_transaction::1 at file /Users/user/NVIDIA-OpenSMA/src/nv/emulation/pca9555.cpp line 75 column 5 function i2c_read'
Properties: 299 verified ✓ 299 passed
Solver: Bitwuzla 0.8.2 • Decision procedure total time: 7.504s • Avg: 0.025s/property
BMC program time: 9.410s
Checking forward condition, k = 3
Starting Bounded Model Checking
Unwinding loop 7 iteration 1   file /Users/user/NVIDIA-OpenSMA/src/nv/emulation/pca9555.cpp line 142 column 5 function i2c_write
Unwinding loop 7 iteration 1   file /Users/user/NVIDIA-OpenSMA/src/nv/emulation/pca9555.cpp line 142 column 5 function i2c_write
Unwinding loop 7 iteration 1   file /Users/user/NVIDIA-OpenSMA/src/nv/emulation/pca9555.cpp line 142 column 5 function i2c_write
Symex completed in: 0.390s (1532 assignments)
Slicing time: 0.008s (removed 931 assignments)
Generated 0 VCC(s), 0 remaining after simplification (601 assignments)

[Coverage]

k-Path Witnesses : 132
Reached : 0
k-Path Coverage: 0%
Coverage report written to cov-report.json
BMC program time: 0.401s

Solution found by the forward condition; all states are reachable (k = 3)

[Coverage]

k-Path Witnesses : 132
Reached : 24
k-Path Coverage: 18.181818181818183%
Coverage report written to cov-report.json
ESBMC version 8.2.0 64-bit aarch64 macos
