Target: 64-bit little-endian aarch64-unknown-macos with esbmclibc
Parsing /Users/user/NVIDIA-OpenSMA/verification/harnesses/pca9555_harness.cpp
Parsing /Users/user/NVIDIA-OpenSMA/src/nv/emulation/pca9555.cpp
Converting
Generating GOTO Program
GOTO program creation time: 0.870s
Adding k-path coverage assertions (n=4)...
GOTO program processing time: 0.046s
Starting Bounded Model Checking
✓ PASSED: '(this->_new_command || !new_transaction::1) && (signed int)this->_active_register == 0' at file /Users/user/NVIDIA-OpenSMA/src/nv/emulation/pca9555.cpp line 83 column 14 function i2c_read
✓ PASSED: '(this->_new_command || !new_transaction::1) && (signed int)this->_active_register != 0' at file /Users/user/NVIDIA-OpenSMA/src/nv/emulation/pca9555.cpp line 83 column 14 function i2c_read
✓ PASSED: '(this->_new_command || !new_transaction::1) && (signed int)this->_active_register != 0 && (signed int)this->_active_register == 1' at file /Users/user/NVIDIA-OpenSMA/src/nv/emulation/pca9555.cpp line 91 column 14 function i2c_read
✓ PASSED: '(this->_new_command || !new_transaction::1) && (signed int)this->_active_register != 0 && (signed int)this->_active_register != 1' at file /Users/user/NVIDIA-OpenSMA/src/nv/emulation/pca9555.cpp line 91 column 14 function i2c_read
✓ PASSED: '(this->_new_command || !new_transaction::1) && (signed int)this->_active_register == 0 && (signed int)this->_active_register == 1' at file /Users/user/NVIDIA-OpenSMA/src/nv/emulation/pca9555.cpp line 91 column 14 function i2c_read
✓ PASSED: '(this->_new_command || !new_transaction::1) && (signed int)this->_active_register == 0 && (signed int)this->_active_register != 1' at file /Users/user/NVIDIA-OpenSMA/src/nv/emulation/pca9555.cpp line 91 column 14 function i2c_read
✓ PASSED: '(this->_new_command || !new_transaction::1) && (signed int)this->_active_register != 0 && (signed int)this->_active_register != 1 && (signed int)this->_active_register == 2' at file /Users/user/NVIDIA-OpenSMA/src/nv/emulation/pca9555.cpp line 96 column 14 function i2c_read
✓ PASSED: '(this->_new_command || !new_transaction::1) && (signed int)this->_active_register != 0 && (signed int)this->_active_register != 1 && (signed int)this->_active_register != 2' at file /Users/user/NVIDIA-OpenSMA/src/nv/emulation/pca9555.cpp line 96 column 14 function i2c_read
✓ PASSED: '(this->_new_command || !new_transaction::1) && (signed int)this->_active_register == 0 && (signed int)this->_active_register != 1 && (signed int)this->_active_register == 2' at file /Users/user/NVIDIA-OpenSMA/src/nv/emulation/pca9555.cpp line 96 column 14 function i2c_read
✓ PASSED: '(this->_new_command || !new_transaction::1) && (signed int)this->_active_register == 0 && (signed int)this->_active_register != 1 && (signed int)this->_active_register != 2' at file /Users/user/NVIDIA-OpenSMA/src/nv/emulation/pca9555.cpp line 96 column 14 function i2c_read
✓ PASSED: '(this->_new_command || !new_transaction::1) && (signed int)this->_active_register != 0 && (signed int)this->_active_register == 1 && (signed int)this->_active_register == 2' at file /Users/user/NVIDIA-OpenSMA/src/nv/emulation/pca9555.cpp line 96 column 14 function i2c_read
✓ PASSED: '(this->_new_command || !new_transaction::1) && (signed int)this->_active_register != 0 && (signed int)this->_active_register == 1 && (signed int)this->_active_register != 2' at file /Users/user/NVIDIA-OpenSMA/src/nv/emulation/pca9555.cpp line 96 column 14 function i2c_read
✓ PASSED: '(this->_new_command || !new_transaction::1) && (signed int)this->_active_register == 0 && (signed int)this->_active_register == 1 && (signed int)this->_active_register == 2' at file /Users/user/NVIDIA-OpenSMA/src/nv/emulation/pca9555.cpp line 96 column 14 function i2c_read
✓ PASSED: '(this->_new_command || !new_transaction::1) && (signed int)this->_active_register == 0 && (signed int)this->_active_register == 1 && (signed int)this->_active_register != 2' at file /Users/user/NVIDIA-OpenSMA/src/nv/emulation/pca9555.cpp line 96 column 14 function i2c_read
✓ PASSED: '!this->_new_command && new_transaction::1' at file /Users/user/NVIDIA-OpenSMA/src/nv/emulation/pca9555.cpp line 75 column 5 function i2c_read
✓ PASSED: '!this->_new_command && new_transaction::1 && (signed int)this->_active_register == 0' at file /Users/user/NVIDIA-OpenSMA/src/nv/emulation/pca9555.cpp line 83 column 14 function i2c_read
✓ PASSED: '!this->_new_command && new_transaction::1 && (signed int)this->_active_register != 0' at file /Users/user/NVIDIA-OpenSMA/src/nv/emulation/pca9555.cpp line 83 column 14 function i2c_read
✓ PASSED: '!this->_new_command && new_transaction::1 && (signed int)this->_active_register != 0 && (signed int)this->_active_register == 1' at file /Users/user/NVIDIA-OpenSMA/src/nv/emulation/pca9555.cpp line 91 column 14 function i2c_read
✓ PASSED: '!this->_new_command && new_transaction::1 && (signed int)this->_active_register != 0 && (signed int)this->_active_register != 1' at file /Users/user/NVIDIA-OpenSMA/src/nv/emulation/pca9555.cpp line 91 column 14 function i2c_read
✓ PASSED: '!this->_new_command && new_transaction::1 && (signed int)this->_active_register == 0 && (signed int)this->_active_register == 1' at file /Users/user/NVIDIA-OpenSMA/src/nv/emulation/pca9555.cpp line 91 column 14 function i2c_read
✓ PASSED: '!this->_new_command && new_transaction::1 && (signed int)this->_active_register == 0 && (signed int)this->_active_register != 1' at file /Users/user/NVIDIA-OpenSMA/src/nv/emulation/pca9555.cpp line 91 column 14 function i2c_read
✓ PASSED: '!this->_new_command && new_transaction::1 && (signed int)this->_active_register != 0 && (signed int)this->_active_register != 1 && (signed int)this->_active_register == 2' at file /Users/user/NVIDIA-OpenSMA/src/nv/emulation/pca9555.cpp line 96 column 14 function i2c_read
✓ PASSED: '!this->_new_command && new_transaction::1 && (signed int)this->_active_register != 0 && (signed int)this->_active_register != 1 && (signed int)this->_active_register != 2' at file /Users/user/NVIDIA-OpenSMA/src/nv/emulation/pca9555.cpp line 96 column 14 function i2c_read
✓ PASSED: '!this->_new_command && new_transaction::1 && (signed int)this->_active_register == 0 && (signed int)this->_active_register != 1 && (signed int)this->_active_register == 2' at file /Users/user/NVIDIA-OpenSMA/src/nv/emulation/pca9555.cpp line 96 column 14 function i2c_read
✓ PASSED: '!this->_new_command && new_transaction::1 && (signed int)this->_active_register == 0 && (signed int)this->_active_register != 1 && (signed int)this->_active_register != 2' at file /Users/user/NVIDIA-OpenSMA/src/nv/emulation/pca9555.cpp line 96 column 14 function i2c_read
✓ PASSED: '!this->_new_command && new_transaction::1 && (signed int)this->_active_register != 0 && (signed int)this->_active_register == 1 && (signed int)this->_active_register == 2' at file /Users/user/NVIDIA-OpenSMA/src/nv/emulation/pca9555.cpp line 96 column 14 function i2c_read
✓ PASSED: '!this->_new_command && new_transaction::1 && (signed int)this->_active_register != 0 && (signed int)this->_active_register == 1 && (signed int)this->_active_register != 2' at file /Users/user/NVIDIA-OpenSMA/src/nv/emulation/pca9555.cpp line 96 column 14 function i2c_read
✓ PASSED: '!this->_new_command && new_transaction::1 && (signed int)this->_active_register == 0 && (signed int)this->_active_register == 1 && (signed int)this->_active_register == 2' at file /Users/user/NVIDIA-OpenSMA/src/nv/emulation/pca9555.cpp line 96 column 14 function i2c_read
✓ PASSED: '!this->_new_command && new_transaction::1 && (signed int)this->_active_register == 0 && (signed int)this->_active_register == 1 && (signed int)this->_active_register != 2' at file /Users/user/NVIDIA-OpenSMA/src/nv/emulation/pca9555.cpp line 96 column 14 function i2c_read
✓ PASSED: '(signed int)data_length::1 != 1' at file /Users/user/NVIDIA-OpenSMA/src/nv/emulation/pca9555.cpp line 127 column 5 function i2c_write
✓ PASSED: '(signed int)data_length::1 == 1' at file /Users/user/NVIDIA-OpenSMA/src/nv/emulation/pca9555.cpp line 127 column 5 function i2c_write
✓ PASSED: '(signed int)data_length::1 == 1 && (signed int)data_length::1 <= 3' at file /Users/user/NVIDIA-OpenSMA/src/nv/emulation/pca9555.cpp line 138 column 5 function i2c_write
✓ PASSED: '(signed int)data_length::1 == 1 && (signed int)data_length::1 > 3' at file /Users/user/NVIDIA-OpenSMA/src/nv/emulation/pca9555.cpp line 138 column 5 function i2c_write
✓ PASSED: '(signed int)data_length::1 != 1 && (signed int)data_length::1 > 3' at file /Users/user/NVIDIA-OpenSMA/src/nv/emulation/pca9555.cpp line 138 column 5 function i2c_write
✓ PASSED: '(signed int)data_length::1 == 1 && (signed int)data_length::1 > 3 && (signed int)i >= (signed int)data_length::1' at file /Users/user/NVIDIA-OpenSMA/src/nv/emulation/pca9555.cpp line 142 column 5 function i2c_write
✓ PASSED: '(signed int)data_length::1 == 1 && (signed int)data_length::1 > 3 && (signed int)i < (signed int)data_length::1' at file /Users/user/NVIDIA-OpenSMA/src/nv/emulation/pca9555.cpp line 142 column 5 function i2c_write
✓ PASSED: '(signed int)data_length::1 != 1 && (signed int)data_length::1 > 3 && (signed int)i >= (signed int)data_length::1' at file /Users/user/NVIDIA-OpenSMA/src/nv/emulation/pca9555.cpp line 142 column 5 function i2c_write
✓ PASSED: '(signed int)data_length::1 != 1 && (signed int)data_length::1 > 3 && (signed int)i < (signed int)data_length::1' at file /Users/user/NVIDIA-OpenSMA/src/nv/emulation/pca9555.cpp line 142 column 5 function i2c_write
✓ PASSED: '(signed int)data_length::1 == 1 && (signed int)data_length::1 <= 3 && (signed int)i >= (signed int)data_length::1' at file /Users/user/NVIDIA-OpenSMA/src/nv/emulation/pca9555.cpp line 142 column 5 function i2c_write
✓ PASSED: '(signed int)data_length::1 == 1 && (signed int)data_length::1 <= 3 && (signed int)i < (signed int)data_length::1' at file /Users/user/NVIDIA-OpenSMA/src/nv/emulation/pca9555.cpp line 142 column 5 function i2c_write
✓ PASSED: '(signed int)data_length::1 != 1 && (signed int)data_length::1 <= 3 && (signed int)i >= (signed int)data_length::1' at file /Users/user/NVIDIA-OpenSMA/src/nv/emulation/pca9555.cpp line 142 column 5 function i2c_write
✓ PASSED: '(signed int)data_length::1 == 1 && (signed int)data_length::1 > 3 && (signed int)i < (signed int)data_length::1 && (signed int)CommandRegister == 0' at file /Users/user/NVIDIA-OpenSMA/src/nv/emulation/pca9555.cpp line 147 column 18 function i2c_write
✓ PASSED: '(signed int)data_length::1 == 1 && (signed int)data_length::1 > 3 && (signed int)i < (signed int)data_length::1 && (signed int)CommandRegister != 0' at file /Users/user/NVIDIA-OpenSMA/src/nv/emulation/pca9555.cpp line 147 column 18 function i2c_write
✓ PASSED: '(signed int)data_length::1 != 1 && (signed int)data_length::1 > 3 && (signed int)i < (signed int)data_length::1 && (signed int)CommandRegister == 0' at file /Users/user/NVIDIA-OpenSMA/src/nv/emulation/pca9555.cpp line 147 column 18 function i2c_write
✓ PASSED: '(signed int)data_length::1 != 1 && (signed int)data_length::1 > 3 && (signed int)i < (signed int)data_length::1 && (signed int)CommandRegister != 0' at file /Users/user/NVIDIA-OpenSMA/src/nv/emulation/pca9555.cpp line 147 column 18 function i2c_write
✓ PASSED: '(signed int)data_length::1 == 1 && (signed int)data_length::1 <= 3 && (signed int)i < (signed int)data_length::1 && (signed int)CommandRegister == 0' at file /Users/user/NVIDIA-OpenSMA/src/nv/emulation/pca9555.cpp line 147 column 18 function i2c_write
✓ PASSED: '(signed int)data_length::1 == 1 && (signed int)data_length::1 <= 3 && (signed int)i < (signed int)data_length::1 && (signed int)CommandRegister != 0' at file /Users/user/NVIDIA-OpenSMA/src/nv/emulation/pca9555.cpp line 147 column 18 function i2c_write
✓ PASSED: '(signed int)data_length::1 == 1 && (signed int)data_length::1 > 3 && (signed int)i >= (signed int)data_length::1 && (signed int)CommandRegister == 0' at file /Users/user/NVIDIA-OpenSMA/src/nv/emulation/pca9555.cpp line 147 column 18 function i2c_write
✓ PASSED: '(signed int)data_length::1 == 1 && (signed int)data_length::1 > 3 && (signed int)i >= (signed int)data_length::1 && (signed int)CommandRegister != 0' at file /Users/user/NVIDIA-OpenSMA/src/nv/emulation/pca9555.cpp line 147 column 18 function i2c_write
✓ PASSED: '(signed int)data_length::1 != 1 && (signed int)data_length::1 > 3 && (signed int)i >= (signed int)data_length::1 && (signed int)CommandRegister == 0' at file /Users/user/NVIDIA-OpenSMA/src/nv/emulation/pca9555.cpp line 147 column 18 function i2c_write
✓ PASSED: '(signed int)data_length::1 != 1 && (signed int)data_length::1 > 3 && (signed int)i >= (signed int)data_length::1 && (signed int)CommandRegister != 0' at file /Users/user/NVIDIA-OpenSMA/src/nv/emulation/pca9555.cpp line 147 column 18 function i2c_write
✓ PASSED: '(signed int)data_length::1 == 1 && (signed int)data_length::1 <= 3 && (signed int)i >= (signed int)data_length::1 && (signed int)CommandRegister == 0' at file /Users/user/NVIDIA-OpenSMA/src/nv/emulation/pca9555.cpp line 147 column 18 function i2c_write
✓ PASSED: '(signed int)data_length::1 == 1 && (signed int)data_length::1 <= 3 && (signed int)i >= (signed int)data_length::1 && (signed int)CommandRegister != 0' at file /Users/user/NVIDIA-OpenSMA/src/nv/emulation/pca9555.cpp line 147 column 18 function i2c_write
✓ PASSED: '(signed int)data_length::1 != 1 && (signed int)data_length::1 <= 3 && (signed int)i >= (signed int)data_length::1 && (signed int)CommandRegister == 0' at file /Users/user/NVIDIA-OpenSMA/src/nv/emulation/pca9555.cpp line 147 column 18 function i2c_write
✓ PASSED: '(signed int)data_length::1 != 1 && (signed int)data_length::1 <= 3 && (signed int)i >= (signed int)data_length::1 && (signed int)CommandRegister != 0' at file /Users/user/NVIDIA-OpenSMA/src/nv/emulation/pca9555.cpp line 147 column 18 function i2c_write
✓ PASSED: '(signed int)data_length::1 > 3 && (signed int)i < (signed int)data_length::1 && (signed int)CommandRegister != 0 && (signed int)CommandRegister == 1' at file /Users/user/NVIDIA-OpenSMA/src/nv/emulation/pca9555.cpp line 151 column 18 function i2c_write
✓ PASSED: '(signed int)data_length::1 > 3 && (signed int)i < (signed int)data_length::1 && (signed int)CommandRegister != 0 && (signed int)CommandRegister != 1' at file /Users/user/NVIDIA-OpenSMA/src/nv/emulation/pca9555.cpp line 151 column 18 function i2c_write
✓ PASSED: '(signed int)data_length::1 > 3 && (signed int)i >= (signed int)data_length::1 && (signed int)CommandRegister != 0 && (signed int)CommandRegister == 1' at file /Users/user/NVIDIA-OpenSMA/src/nv/emulation/pca9555.cpp line 151 column 18 function i2c_write
✓ PASSED: '(signed int)data_length::1 > 3 && (signed int)i >= (signed int)data_length::1 && (signed int)CommandRegister != 0 && (signed int)CommandRegister != 1' at file /Users/user/NVIDIA-OpenSMA/src/nv/emulation/pca9555.cpp line 151 column 18 function i2c_write
✓ PASSED: '(signed int)data_length::1 <= 3 && (signed int)i >= (signed int)data_length::1 && (signed int)CommandRegister != 0 && (signed int)CommandRegister == 1' at file /Users/user/NVIDIA-OpenSMA/src/nv/emulation/pca9555.cpp line 151 column 18 function i2c_write
✓ PASSED: '(signed int)data_length::1 <= 3 && (signed int)i >= (signed int)data_length::1 && (signed int)CommandRegister != 0 && (signed int)CommandRegister != 1' at file /Users/user/NVIDIA-OpenSMA/src/nv/emulation/pca9555.cpp line 151 column 18 function i2c_write
✓ PASSED: '(signed int)data_length::1 > 3 && (signed int)i < (signed int)data_length::1 && (signed int)CommandRegister == 0 && (signed int)CommandRegister == 1' at file /Users/user/NVIDIA-OpenSMA/src/nv/emulation/pca9555.cpp line 151 column 18 function i2c_write
✓ PASSED: '(signed int)data_length::1 > 3 && (signed int)i < (signed int)data_length::1 && (signed int)CommandRegister == 0 && (signed int)CommandRegister != 1' at file /Users/user/NVIDIA-OpenSMA/src/nv/emulation/pca9555.cpp line 151 column 18 function i2c_write
✓ PASSED: '(signed int)data_length::1 > 3 && (signed int)i >= (signed int)data_length::1 && (signed int)CommandRegister == 0 && (signed int)CommandRegister == 1' at file /Users/user/NVIDIA-OpenSMA/src/nv/emulation/pca9555.cpp line 151 column 18 function i2c_write
✓ PASSED: '(signed int)data_length::1 > 3 && (signed int)i >= (signed int)data_length::1 && (signed int)CommandRegister == 0 && (signed int)CommandRegister != 1' at file /Users/user/NVIDIA-OpenSMA/src/nv/emulation/pca9555.cpp line 151 column 18 function i2c_write
✓ PASSED: '(signed int)data_length::1 <= 3 && (signed int)i >= (signed int)data_length::1 && (signed int)CommandRegister == 0 && (signed int)CommandRegister == 1' at file /Users/user/NVIDIA-OpenSMA/src/nv/emulation/pca9555.cpp line 151 column 18 function i2c_write
✓ PASSED: '(signed int)data_length::1 <= 3 && (signed int)i >= (signed int)data_length::1 && (signed int)CommandRegister == 0 && (signed int)CommandRegister != 1' at file /Users/user/NVIDIA-OpenSMA/src/nv/emulation/pca9555.cpp line 151 column 18 function i2c_write
✓ PASSED: '(signed int)i >= (signed int)data_length::1 && (signed int)CommandRegister != 0 && (signed int)CommandRegister != 1 && (signed int)CommandRegister == 2' at file /Users/user/NVIDIA-OpenSMA/src/nv/emulation/pca9555.cpp line 158 column 18 function i2c_write
✓ PASSED: '(signed int)i >= (signed int)data_length::1 && (signed int)CommandRegister != 0 && (signed int)CommandRegister != 1 && (signed int)CommandRegister != 2' at file /Users/user/NVIDIA-OpenSMA/src/nv/emulation/pca9555.cpp line 158 column 18 function i2c_write
✓ PASSED: '(signed int)i >= (signed int)data_length::1 && (signed int)CommandRegister == 0 && (signed int)CommandRegister != 1 && (signed int)CommandRegister == 2' at file /Users/user/NVIDIA-OpenSMA/src/nv/emulation/pca9555.cpp line 158 column 18 function i2c_write
✓ PASSED: '(signed int)i >= (signed int)data_length::1 && (signed int)CommandRegister == 0 && (signed int)CommandRegister != 1 && (signed int)CommandRegister != 2' at file /Users/user/NVIDIA-OpenSMA/src/nv/emulation/pca9555.cpp line 158 column 18 function i2c_write
✓ PASSED: '(signed int)i >= (signed int)data_length::1 && (signed int)CommandRegister != 0 && (signed int)CommandRegister == 1 && (signed int)CommandRegister == 2' at file /Users/user/NVIDIA-OpenSMA/src/nv/emulation/pca9555.cpp line 158 column 18 function i2c_write
✓ PASSED: '(signed int)i >= (signed int)data_length::1 && (signed int)CommandRegister != 0 && (signed int)CommandRegister == 1 && (signed int)CommandRegister != 2' at file /Users/user/NVIDIA-OpenSMA/src/nv/emulation/pca9555.cpp line 158 column 18 function i2c_write
✓ PASSED: '(signed int)i >= (signed int)data_length::1 && (signed int)CommandRegister == 0 && (signed int)CommandRegister == 1 && (signed int)CommandRegister == 2' at file /Users/user/NVIDIA-OpenSMA/src/nv/emulation/pca9555.cpp line 158 column 18 function i2c_write
✓ PASSED: '(signed int)i >= (signed int)data_length::1 && (signed int)CommandRegister == 0 && (signed int)CommandRegister == 1 && (signed int)CommandRegister != 2' at file /Users/user/NVIDIA-OpenSMA/src/nv/emulation/pca9555.cpp line 158 column 18 function i2c_write
Unwinding loop 7 iteration 1   file /Users/user/NVIDIA-OpenSMA/src/nv/emulation/pca9555.cpp line 142 column 5 function i2c_write
✓ PASSED: '(signed int)data_length::1 == 1 && (signed int)data_length::1 > 3 && (signed int)i >= (signed int)data_length::1' at file /Users/user/NVIDIA-OpenSMA/src/nv/emulation/pca9555.cpp line 142 column 5 function i2c_write
✓ PASSED: '(signed int)data_length::1 == 1 && (signed int)data_length::1 > 3 && (signed int)i < (signed int)data_length::1' at file /Users/user/NVIDIA-OpenSMA/src/nv/emulation/pca9555.cpp line 142 column 5 function i2c_write
✓ PASSED: '(signed int)data_length::1 != 1 && (signed int)data_length::1 > 3 && (signed int)i >= (signed int)data_length::1' at file /Users/user/NVIDIA-OpenSMA/src/nv/emulation/pca9555.cpp line 142 column 5 function i2c_write
✓ PASSED: '(signed int)data_length::1 != 1 && (signed int)data_length::1 > 3 && (signed int)i < (signed int)data_length::1' at file /Users/user/NVIDIA-OpenSMA/src/nv/emulation/pca9555.cpp line 142 column 5 function i2c_write
✓ PASSED: '(signed int)data_length::1 == 1 && (signed int)data_length::1 <= 3 && (signed int)i >= (signed int)data_length::1' at file /Users/user/NVIDIA-OpenSMA/src/nv/emulation/pca9555.cpp line 142 column 5 function i2c_write
✓ PASSED: '(signed int)data_length::1 == 1 && (signed int)data_length::1 <= 3 && (signed int)i < (signed int)data_length::1' at file /Users/user/NVIDIA-OpenSMA/src/nv/emulation/pca9555.cpp line 142 column 5 function i2c_write
✓ PASSED: '(signed int)data_length::1 != 1 && (signed int)data_length::1 <= 3 && (signed int)i < (signed int)data_length::1' at file /Users/user/NVIDIA-OpenSMA/src/nv/emulation/pca9555.cpp line 142 column 5 function i2c_write
✓ PASSED: '(signed int)data_length::1 == 1' at file /Users/user/NVIDIA-OpenSMA/src/nv/emulation/pca9555.cpp line 127 column 5 function i2c_write
✓ PASSED: '(signed int)data_length::1 == 1 && (signed int)data_length::1 <= 3' at file /Users/user/NVIDIA-OpenSMA/src/nv/emulation/pca9555.cpp line 138 column 5 function i2c_write
✓ PASSED: '(signed int)data_length::1 == 1 && (signed int)data_length::1 > 3' at file /Users/user/NVIDIA-OpenSMA/src/nv/emulation/pca9555.cpp line 138 column 5 function i2c_write
✓ PASSED: '(signed int)data_length::1 != 1 && (signed int)data_length::1 > 3' at file /Users/user/NVIDIA-OpenSMA/src/nv/emulation/pca9555.cpp line 138 column 5 function i2c_write
✓ PASSED: '(signed int)data_length::1 == 1 && (signed int)data_length::1 > 3 && (signed int)i >= (signed int)data_length::1' at file /Users/user/NVIDIA-OpenSMA/src/nv/emulation/pca9555.cpp line 142 column 5 function i2c_write
✓ PASSED: '(signed int)data_length::1 == 1 && (signed int)data_length::1 > 3 && (signed int)i < (signed int)data_length::1' at file /Users/user/NVIDIA-OpenSMA/src/nv/emulation/pca9555.cpp line 142 column 5 function i2c_write
✓ PASSED: '(signed int)data_length::1 != 1 && (signed int)data_length::1 > 3 && (signed int)i >= (signed int)data_length::1' at file /Users/user/NVIDIA-OpenSMA/src/nv/emulation/pca9555.cpp line 142 column 5 function i2c_write
✓ PASSED: '(signed int)data_length::1 != 1 && (signed int)data_length::1 > 3 && (signed int)i < (signed int)data_length::1' at file /Users/user/NVIDIA-OpenSMA/src/nv/emulation/pca9555.cpp line 142 column 5 function i2c_write
✓ PASSED: '(signed int)data_length::1 == 1 && (signed int)data_length::1 <= 3 && (signed int)i >= (signed int)data_length::1' at file /Users/user/NVIDIA-OpenSMA/src/nv/emulation/pca9555.cpp line 142 column 5 function i2c_write
✓ PASSED: '(signed int)data_length::1 == 1 && (signed int)data_length::1 <= 3 && (signed int)i < (signed int)data_length::1' at file /Users/user/NVIDIA-OpenSMA/src/nv/emulation/pca9555.cpp line 142 column 5 function i2c_write
✓ PASSED: '(signed int)data_length::1 != 1 && (signed int)data_length::1 <= 3 && (signed int)i >= (signed int)data_length::1' at file /Users/user/NVIDIA-OpenSMA/src/nv/emulation/pca9555.cpp line 142 column 5 function i2c_write
✓ PASSED: '(signed int)data_length::1 == 1 && (signed int)data_length::1 > 3 && (signed int)i < (signed int)data_length::1 && (signed int)CommandRegister == 0' at file /Users/user/NVIDIA-OpenSMA/src/nv/emulation/pca9555.cpp line 147 column 18 function i2c_write
✓ PASSED: '(signed int)data_length::1 == 1 && (signed int)data_length::1 > 3 && (signed int)i < (signed int)data_length::1 && (signed int)CommandRegister != 0' at file /Users/user/NVIDIA-OpenSMA/src/nv/emulation/pca9555.cpp line 147 column 18 function i2c_write
✓ PASSED: '(signed int)data_length::1 != 1 && (signed int)data_length::1 > 3 && (signed int)i < (signed int)data_length::1 && (signed int)CommandRegister == 0' at file /Users/user/NVIDIA-OpenSMA/src/nv/emulation/pca9555.cpp line 147 column 18 function i2c_write
✓ PASSED: '(signed int)data_length::1 != 1 && (signed int)data_length::1 > 3 && (signed int)i < (signed int)data_length::1 && (signed int)CommandRegister != 0' at file /Users/user/NVIDIA-OpenSMA/src/nv/emulation/pca9555.cpp line 147 column 18 function i2c_write
✓ PASSED: '(signed int)data_length::1 == 1 && (signed int)data_length::1 <= 3 && (signed int)i < (signed int)data_length::1 && (signed int)CommandRegister == 0' at file /Users/user/NVIDIA-OpenSMA/src/nv/emulation/pca9555.cpp line 147 column 18 function i2c_write
✓ PASSED: '(signed int)data_length::1 == 1 && (signed int)data_length::1 <= 3 && (signed int)i < (signed int)data_length::1 && (signed int)CommandRegister != 0' at file /Users/user/NVIDIA-OpenSMA/src/nv/emulation/pca9555.cpp line 147 column 18 function i2c_write
✓ PASSED: '(signed int)data_length::1 == 1 && (signed int)data_length::1 > 3 && (signed int)i >= (signed int)data_length::1 && (signed int)CommandRegister == 0' at file /Users/user/NVIDIA-OpenSMA/src/nv/emulation/pca9555.cpp line 147 column 18 function i2c_write
✓ PASSED: '(signed int)data_length::1 == 1 && (signed int)data_length::1 > 3 && (signed int)i >= (signed int)data_length::1 && (signed int)CommandRegister != 0' at file /Users/user/NVIDIA-OpenSMA/src/nv/emulation/pca9555.cpp line 147 column 18 function i2c_write
✓ PASSED: '(signed int)data_length::1 != 1 && (signed int)data_length::1 > 3 && (signed int)i >= (signed int)data_length::1 && (signed int)CommandRegister == 0' at file /Users/user/NVIDIA-OpenSMA/src/nv/emulation/pca9555.cpp line 147 column 18 function i2c_write
✓ PASSED: '(signed int)data_length::1 != 1 && (signed int)data_length::1 > 3 && (signed int)i >= (signed int)data_length::1 && (signed int)CommandRegister != 0' at file /Users/user/NVIDIA-OpenSMA/src/nv/emulation/pca9555.cpp line 147 column 18 function i2c_write
✓ PASSED: '(signed int)data_length::1 == 1 && (signed int)data_length::1 <= 3 && (signed int)i >= (signed int)data_length::1 && (signed int)CommandRegister == 0' at file /Users/user/NVIDIA-OpenSMA/src/nv/emulation/pca9555.cpp line 147 column 18 function i2c_write
✓ PASSED: '(signed int)data_length::1 == 1 && (signed int)data_length::1 <= 3 && (signed int)i >= (signed int)data_length::1 && (signed int)CommandRegister != 0' at file /Users/user/NVIDIA-OpenSMA/src/nv/emulation/pca9555.cpp line 147 column 18 function i2c_write
✓ PASSED: '(signed int)data_length::1 != 1 && (signed int)data_length::1 <= 3 && (signed int)i >= (signed int)data_length::1 && (signed int)CommandRegister == 0' at file /Users/user/NVIDIA-OpenSMA/src/nv/emulation/pca9555.cpp line 147 column 18 function i2c_write
✓ PASSED: '(signed int)data_length::1 != 1 && (signed int)data_length::1 <= 3 && (signed int)i >= (signed int)data_length::1 && (signed int)CommandRegister != 0' at file /Users/user/NVIDIA-OpenSMA/src/nv/emulation/pca9555.cpp line 147 column 18 function i2c_write
✓ PASSED: '(signed int)data_length::1 > 3 && (signed int)i < (signed int)data_length::1 && (signed int)CommandRegister != 0 && (signed int)CommandRegister == 1' at file /Users/user/NVIDIA-OpenSMA/src/nv/emulation/pca9555.cpp line 151 column 18 function i2c_write
✓ PASSED: '(signed int)data_length::1 > 3 && (signed int)i < (signed int)data_length::1 && (signed int)CommandRegister != 0 && (signed int)CommandRegister != 1' at file /Users/user/NVIDIA-OpenSMA/src/nv/emulation/pca9555.cpp line 151 column 18 function i2c_write
✓ PASSED: '(signed int)data_length::1 > 3 && (signed int)i >= (signed int)data_length::1 && (signed int)CommandRegister != 0 && (signed int)CommandRegister == 1' at file /Users/user/NVIDIA-OpenSMA/src/nv/emulation/pca9555.cpp line 151 column 18 function i2c_write
✓ PASSED: '(signed int)data_length::1 > 3 && (signed int)i >= (signed int)data_length::1 && (signed int)CommandRegister != 0 && (signed int)CommandRegister != 1' at file /Users/user/NVIDIA-OpenSMA/src/nv/emulation/pca9555.cpp line 151 column 18 function i2c_write
✓ PASSED: '(signed int)data_length::1 <= 3 && (signed int)i >= (signed int)data_length::1 && (signed int)CommandRegister != 0 && (signed int)CommandRegister == 1' at file /Users/user/NVIDIA-OpenSMA/src/nv/emulation/pca9555.cpp line 151 column 18 function i2c_write
✓ PASSED: '(signed int)data_length::1 <= 3 && (signed int)i >= (signed int)data_length::1 && (signed int)CommandRegister != 0 && (signed int)CommandRegister != 1' at file /Users/user/NVIDIA-OpenSMA/src/nv/emulation/pca9555.cpp line 151 column 18 function i2c_write
✓ PASSED: '(signed int)data_length::1 > 3 && (signed int)i < (signed int)data_length::1 && (signed int)CommandRegister == 0 && (signed int)CommandRegister == 1' at file /Users/user/NVIDIA-OpenSMA/src/nv/emulation/pca9555.cpp line 151 column 18 function i2c_write
✓ PASSED: '(signed int)data_length::1 > 3 && (signed int)i < (signed int)data_length::1 && (signed int)CommandRegister == 0 && (signed int)CommandRegister != 1' at file /Users/user/NVIDIA-OpenSMA/src/nv/emulation/pca9555.cpp line 151 column 18 function i2c_write
✓ PASSED: '(signed int)data_length::1 > 3 && (signed int)i >= (signed int)data_length::1 && (signed int)CommandRegister == 0 && (signed int)CommandRegister == 1' at file /Users/user/NVIDIA-OpenSMA/src/nv/emulation/pca9555.cpp line 151 column 18 function i2c_write
✓ PASSED: '(signed int)data_length::1 > 3 && (signed int)i >= (signed int)data_length::1 && (signed int)CommandRegister == 0 && (signed int)CommandRegister != 1' at file /Users/user/NVIDIA-OpenSMA/src/nv/emulation/pca9555.cpp line 151 column 18 function i2c_write
✓ PASSED: '(signed int)data_length::1 <= 3 && (signed int)i >= (signed int)data_length::1 && (signed int)CommandRegister == 0 && (signed int)CommandRegister == 1' at file /Users/user/NVIDIA-OpenSMA/src/nv/emulation/pca9555.cpp line 151 column 18 function i2c_write
✓ PASSED: '(signed int)data_length::1 <= 3 && (signed int)i >= (signed int)data_length::1 && (signed int)CommandRegister == 0 && (signed int)CommandRegister != 1' at file /Users/user/NVIDIA-OpenSMA/src/nv/emulation/pca9555.cpp line 151 column 18 function i2c_write
✓ PASSED: '(signed int)i >= (signed int)data_length::1 && (signed int)CommandRegister != 0 && (signed int)CommandRegister != 1 && (signed int)CommandRegister == 2' at file /Users/user/NVIDIA-OpenSMA/src/nv/emulation/pca9555.cpp line 158 column 18 function i2c_write
✓ PASSED: '(signed int)i >= (signed int)data_length::1 && (signed int)CommandRegister != 0 && (signed int)CommandRegister != 1 && (signed int)CommandRegister != 2' at file /Users/user/NVIDIA-OpenSMA/src/nv/emulation/pca9555.cpp line 158 column 18 function i2c_write
✓ PASSED: '(signed int)i >= (signed int)data_length::1 && (signed int)CommandRegister == 0 && (signed int)CommandRegister != 1 && (signed int)CommandRegister == 2' at file /Users/user/NVIDIA-OpenSMA/src/nv/emulation/pca9555.cpp line 158 column 18 function i2c_write
✓ PASSED: '(signed int)i >= (signed int)data_length::1 && (signed int)CommandRegister == 0 && (signed int)CommandRegister != 1 && (signed int)CommandRegister != 2' at file /Users/user/NVIDIA-OpenSMA/src/nv/emulation/pca9555.cpp line 158 column 18 function i2c_write
✓ PASSED: '(signed int)i >= (signed int)data_length::1 && (signed int)CommandRegister != 0 && (signed int)CommandRegister == 1 && (signed int)CommandRegister == 2' at file /Users/user/NVIDIA-OpenSMA/src/nv/emulation/pca9555.cpp line 158 column 18 function i2c_write
✓ PASSED: '(signed int)i >= (signed int)data_length::1 && (signed int)CommandRegister != 0 && (signed int)CommandRegister == 1 && (signed int)CommandRegister != 2' at file /Users/user/NVIDIA-OpenSMA/src/nv/emulation/pca9555.cpp line 158 column 18 function i2c_write
✓ PASSED: '(signed int)i >= (signed int)data_length::1 && (signed int)CommandRegister == 0 && (signed int)CommandRegister == 1 && (signed int)CommandRegister == 2' at file /Users/user/NVIDIA-OpenSMA/src/nv/emulation/pca9555.cpp line 158 column 18 function i2c_write
✓ PASSED: '(signed int)i >= (signed int)data_length::1 && (signed int)CommandRegister == 0 && (signed int)CommandRegister == 1 && (signed int)CommandRegister != 2' at file /Users/user/NVIDIA-OpenSMA/src/nv/emulation/pca9555.cpp line 158 column 18 function i2c_write
Unwinding loop 7 iteration 1   file /Users/user/NVIDIA-OpenSMA/src/nv/emulation/pca9555.cpp line 142 column 5 function i2c_write
✓ PASSED: '(signed int)data_length::1 == 1 && (signed int)data_length::1 > 3 && (signed int)i >= (signed int)data_length::1' at file /Users/user/NVIDIA-OpenSMA/src/nv/emulation/pca9555.cpp line 142 column 5 function i2c_write
✓ PASSED: '(signed int)data_length::1 == 1 && (signed int)data_length::1 > 3 && (signed int)i < (signed int)data_length::1' at file /Users/user/NVIDIA-OpenSMA/src/nv/emulation/pca9555.cpp line 142 column 5 function i2c_write
✓ PASSED: '(signed int)data_length::1 != 1 && (signed int)data_length::1 > 3 && (signed int)i >= (signed int)data_length::1' at file /Users/user/NVIDIA-OpenSMA/src/nv/emulation/pca9555.cpp line 142 column 5 function i2c_write
✓ PASSED: '(signed int)data_length::1 != 1 && (signed int)data_length::1 > 3 && (signed int)i < (signed int)data_length::1' at file /Users/user/NVIDIA-OpenSMA/src/nv/emulation/pca9555.cpp line 142 column 5 function i2c_write
✓ PASSED: '(signed int)data_length::1 == 1 && (signed int)data_length::1 <= 3 && (signed int)i >= (signed int)data_length::1' at file /Users/user/NVIDIA-OpenSMA/src/nv/emulation/pca9555.cpp line 142 column 5 function i2c_write
✓ PASSED: '(signed int)data_length::1 == 1 && (signed int)data_length::1 <= 3 && (signed int)i < (signed int)data_length::1' at file /Users/user/NVIDIA-OpenSMA/src/nv/emulation/pca9555.cpp line 142 column 5 function i2c_write
✓ PASSED: '(signed int)data_length::1 != 1 && (signed int)data_length::1 <= 3 && (signed int)i < (signed int)data_length::1' at file /Users/user/NVIDIA-OpenSMA/src/nv/emulation/pca9555.cpp line 142 column 5 function i2c_write
✓ PASSED: '(signed int)data_length::1 == 1' at file /Users/user/NVIDIA-OpenSMA/src/nv/emulation/pca9555.cpp line 127 column 5 function i2c_write
✓ PASSED: '(signed int)data_length::1 == 1 && (signed int)data_length::1 <= 3' at file /Users/user/NVIDIA-OpenSMA/src/nv/emulation/pca9555.cpp line 138 column 5 function i2c_write
✓ PASSED: '(signed int)data_length::1 == 1 && (signed int)data_length::1 > 3' at file /Users/user/NVIDIA-OpenSMA/src/nv/emulation/pca9555.cpp line 138 column 5 function i2c_write
✓ PASSED: '(signed int)data_length::1 != 1 && (signed int)data_length::1 > 3' at file /Users/user/NVIDIA-OpenSMA/src/nv/emulation/pca9555.cpp line 138 column 5 function i2c_write
✓ PASSED: '(signed int)data_length::1 == 1 && (signed int)data_length::1 > 3 && (signed int)i >= (signed int)data_length::1' at file /Users/user/NVIDIA-OpenSMA/src/nv/emulation/pca9555.cpp line 142 column 5 function i2c_write
✓ PASSED: '(signed int)data_length::1 == 1 && (signed int)data_length::1 > 3 && (signed int)i < (signed int)data_length::1' at file /Users/user/NVIDIA-OpenSMA/src/nv/emulation/pca9555.cpp line 142 column 5 function i2c_write
✓ PASSED: '(signed int)data_length::1 != 1 && (signed int)data_length::1 > 3 && (signed int)i >= (signed int)data_length::1' at file /Users/user/NVIDIA-OpenSMA/src/nv/emulation/pca9555.cpp line 142 column 5 function i2c_write
✓ PASSED: '(signed int)data_length::1 != 1 && (signed int)data_length::1 > 3 && (signed int)i < (signed int)data_length::1' at file /Users/user/NVIDIA-OpenSMA/src/nv/emulation/pca9555.cpp line 142 column 5 function i2c_write
✓ PASSED: '(signed int)data_length::1 == 1 && (signed int)data_length::1 <= 3 && (signed int)i >= (signed int)data_length::1' at file /Users/user/NVIDIA-OpenSMA/src/nv/emulation/pca9555.cpp line 142 column 5 function i2c_write
✓ PASSED: '(signed int)data_length::1 == 1 && (signed int)data_length::1 <= 3 && (signed int)i < (signed int)data_length::1' at file /Users/user/NVIDIA-OpenSMA/src/nv/emulation/pca9555.cpp line 142 column 5 function i2c_write
✓ PASSED: '(signed int)data_length::1 != 1 && (signed int)data_length::1 <= 3 && (signed int)i >= (signed int)data_length::1' at file /Users/user/NVIDIA-OpenSMA/src/nv/emulation/pca9555.cpp line 142 column 5 function i2c_write
✓ PASSED: '(signed int)data_length::1 == 1 && (signed int)data_length::1 > 3 && (signed int)i < (signed int)data_length::1 && (signed int)CommandRegister == 0' at file /Users/user/NVIDIA-OpenSMA/src/nv/emulation/pca9555.cpp line 147 column 18 function i2c_write
✓ PASSED: '(signed int)data_length::1 == 1 && (signed int)data_length::1 > 3 && (signed int)i < (signed int)data_length::1 && (signed int)CommandRegister != 0' at file /Users/user/NVIDIA-OpenSMA/src/nv/emulation/pca9555.cpp line 147 column 18 function i2c_write
✓ PASSED: '(signed int)data_length::1 != 1 && (signed int)data_length::1 > 3 && (signed int)i < (signed int)data_length::1 && (signed int)CommandRegister == 0' at file /Users/user/NVIDIA-OpenSMA/src/nv/emulation/pca9555.cpp line 147 column 18 function i2c_write
✓ PASSED: '(signed int)data_length::1 != 1 && (signed int)data_length::1 > 3 && (signed int)i < (signed int)data_length::1 && (signed int)CommandRegister != 0' at file /Users/user/NVIDIA-OpenSMA/src/nv/emulation/pca9555.cpp line 147 column 18 function i2c_write
✓ PASSED: '(signed int)data_length::1 == 1 && (signed int)data_length::1 <= 3 && (signed int)i < (signed int)data_length::1 && (signed int)CommandRegister == 0' at file /Users/user/NVIDIA-OpenSMA/src/nv/emulation/pca9555.cpp line 147 column 18 function i2c_write
✓ PASSED: '(signed int)data_length::1 == 1 && (signed int)data_length::1 <= 3 && (signed int)i < (signed int)data_length::1 && (signed int)CommandRegister != 0' at file /Users/user/NVIDIA-OpenSMA/src/nv/emulation/pca9555.cpp line 147 column 18 function i2c_write
✓ PASSED: '(signed int)data_length::1 == 1 && (signed int)data_length::1 > 3 && (signed int)i >= (signed int)data_length::1 && (signed int)CommandRegister == 0' at file /Users/user/NVIDIA-OpenSMA/src/nv/emulation/pca9555.cpp line 147 column 18 function i2c_write
✓ PASSED: '(signed int)data_length::1 == 1 && (signed int)data_length::1 > 3 && (signed int)i >= (signed int)data_length::1 && (signed int)CommandRegister != 0' at file /Users/user/NVIDIA-OpenSMA/src/nv/emulation/pca9555.cpp line 147 column 18 function i2c_write
✓ PASSED: '(signed int)data_length::1 != 1 && (signed int)data_length::1 > 3 && (signed int)i >= (signed int)data_length::1 && (signed int)CommandRegister == 0' at file /Users/user/NVIDIA-OpenSMA/src/nv/emulation/pca9555.cpp line 147 column 18 function i2c_write
✓ PASSED: '(signed int)data_length::1 != 1 && (signed int)data_length::1 > 3 && (signed int)i >= (signed int)data_length::1 && (signed int)CommandRegister != 0' at file /Users/user/NVIDIA-OpenSMA/src/nv/emulation/pca9555.cpp line 147 column 18 function i2c_write
✓ PASSED: '(signed int)data_length::1 == 1 && (signed int)data_length::1 <= 3 && (signed int)i >= (signed int)data_length::1 && (signed int)CommandRegister == 0' at file /Users/user/NVIDIA-OpenSMA/src/nv/emulation/pca9555.cpp line 147 column 18 function i2c_write
✓ PASSED: '(signed int)data_length::1 == 1 && (signed int)data_length::1 <= 3 && (signed int)i >= (signed int)data_length::1 && (signed int)CommandRegister != 0' at file /Users/user/NVIDIA-OpenSMA/src/nv/emulation/pca9555.cpp line 147 column 18 function i2c_write
✓ PASSED: '(signed int)data_length::1 != 1 && (signed int)data_length::1 <= 3 && (signed int)i >= (signed int)data_length::1 && (signed int)CommandRegister == 0' at file /Users/user/NVIDIA-OpenSMA/src/nv/emulation/pca9555.cpp line 147 column 18 function i2c_write
✓ PASSED: '(signed int)data_length::1 != 1 && (signed int)data_length::1 <= 3 && (signed int)i >= (signed int)data_length::1 && (signed int)CommandRegister != 0' at file /Users/user/NVIDIA-OpenSMA/src/nv/emulation/pca9555.cpp line 147 column 18 function i2c_write
✓ PASSED: '(signed int)data_length::1 > 3 && (signed int)i < (signed int)data_length::1 && (signed int)CommandRegister != 0 && (signed int)CommandRegister == 1' at file /Users/user/NVIDIA-OpenSMA/src/nv/emulation/pca9555.cpp line 151 column 18 function i2c_write
✓ PASSED: '(signed int)data_length::1 > 3 && (signed int)i < (signed int)data_length::1 && (signed int)CommandRegister != 0 && (signed int)CommandRegister != 1' at file /Users/user/NVIDIA-OpenSMA/src/nv/emulation/pca9555.cpp line 151 column 18 function i2c_write
✓ PASSED: '(signed int)data_length::1 > 3 && (signed int)i >= (signed int)data_length::1 && (signed int)CommandRegister != 0 && (signed int)CommandRegister == 1' at file /Users/user/NVIDIA-OpenSMA/src/nv/emulation/pca9555.cpp line 151 column 18 function i2c_write
✓ PASSED: '(signed int)data_length::1 > 3 && (signed int)i >= (signed int)data_length::1 && (signed int)CommandRegister != 0 && (signed int)CommandRegister != 1' at file /Users/user/NVIDIA-OpenSMA/src/nv/emulation/pca9555.cpp line 151 column 18 function i2c_write
✓ PASSED: '(signed int)data_length::1 <= 3 && (signed int)i >= (signed int)data_length::1 && (signed int)CommandRegister != 0 && (signed int)CommandRegister == 1' at file /Users/user/NVIDIA-OpenSMA/src/nv/emulation/pca9555.cpp line 151 column 18 function i2c_write
✓ PASSED: '(signed int)data_length::1 <= 3 && (signed int)i >= (signed int)data_length::1 && (signed int)CommandRegister != 0 && (signed int)CommandRegister != 1' at file /Users/user/NVIDIA-OpenSMA/src/nv/emulation/pca9555.cpp line 151 column 18 function i2c_write
✓ PASSED: '(signed int)data_length::1 > 3 && (signed int)i < (signed int)data_length::1 && (signed int)CommandRegister == 0 && (signed int)CommandRegister == 1' at file /Users/user/NVIDIA-OpenSMA/src/nv/emulation/pca9555.cpp line 151 column 18 function i2c_write
✓ PASSED: '(signed int)data_length::1 > 3 && (signed int)i < (signed int)data_length::1 && (signed int)CommandRegister == 0 && (signed int)CommandRegister != 1' at file /Users/user/NVIDIA-OpenSMA/src/nv/emulation/pca9555.cpp line 151 column 18 function i2c_write
✓ PASSED: '(signed int)data_length::1 > 3 && (signed int)i >= (signed int)data_length::1 && (signed int)CommandRegister == 0 && (signed int)CommandRegister == 1' at file /Users/user/NVIDIA-OpenSMA/src/nv/emulation/pca9555.cpp line 151 column 18 function i2c_write
✓ PASSED: '(signed int)data_length::1 > 3 && (signed int)i >= (signed int)data_length::1 && (signed int)CommandRegister == 0 && (signed int)CommandRegister != 1' at file /Users/user/NVIDIA-OpenSMA/src/nv/emulation/pca9555.cpp line 151 column 18 function i2c_write
✓ PASSED: '(signed int)data_length::1 <= 3 && (signed int)i >= (signed int)data_length::1 && (signed int)CommandRegister == 0 && (signed int)CommandRegister == 1' at file /Users/user/NVIDIA-OpenSMA/src/nv/emulation/pca9555.cpp line 151 column 18 function i2c_write
✓ PASSED: '(signed int)data_length::1 <= 3 && (signed int)i >= (signed int)data_length::1 && (signed int)CommandRegister == 0 && (signed int)CommandRegister != 1' at file /Users/user/NVIDIA-OpenSMA/src/nv/emulation/pca9555.cpp line 151 column 18 function i2c_write
✓ PASSED: '(signed int)i >= (signed int)data_length::1 && (signed int)CommandRegister != 0 && (signed int)CommandRegister != 1 && (signed int)CommandRegister == 2' at file /Users/user/NVIDIA-OpenSMA/src/nv/emulation/pca9555.cpp line 158 column 18 function i2c_write
✓ PASSED: '(signed int)i >= (signed int)data_length::1 && (signed int)CommandRegister != 0 && (signed int)CommandRegister != 1 && (signed int)CommandRegister != 2' at file /Users/user/NVIDIA-OpenSMA/src/nv/emulation/pca9555.cpp line 158 column 18 function i2c_write
✓ PASSED: '(signed int)i >= (signed int)data_length::1 && (signed int)CommandRegister == 0 && (signed int)CommandRegister != 1 && (signed int)CommandRegister == 2' at file /Users/user/NVIDIA-OpenSMA/src/nv/emulation/pca9555.cpp line 158 column 18 function i2c_write
✓ PASSED: '(signed int)i >= (signed int)data_length::1 && (signed int)CommandRegister == 0 && (signed int)CommandRegister != 1 && (signed int)CommandRegister != 2' at file /Users/user/NVIDIA-OpenSMA/src/nv/emulation/pca9555.cpp line 158 column 18 function i2c_write
✓ PASSED: '(signed int)i >= (signed int)data_length::1 && (signed int)CommandRegister != 0 && (signed int)CommandRegister == 1 && (signed int)CommandRegister == 2' at file /Users/user/NVIDIA-OpenSMA/src/nv/emulation/pca9555.cpp line 158 column 18 function i2c_write
✓ PASSED: '(signed int)i >= (signed int)data_length::1 && (signed int)CommandRegister != 0 && (signed int)CommandRegister == 1 && (signed int)CommandRegister != 2' at file /Users/user/NVIDIA-OpenSMA/src/nv/emulation/pca9555.cpp line 158 column 18 function i2c_write
✓ PASSED: '(signed int)i >= (signed int)data_length::1 && (signed int)CommandRegister == 0 && (signed int)CommandRegister == 1 && (signed int)CommandRegister == 2' at file /Users/user/NVIDIA-OpenSMA/src/nv/emulation/pca9555.cpp line 158 column 18 function i2c_write
✓ PASSED: '(signed int)i >= (signed int)data_length::1 && (signed int)CommandRegister == 0 && (signed int)CommandRegister == 1 && (signed int)CommandRegister != 2' at file /Users/user/NVIDIA-OpenSMA/src/nv/emulation/pca9555.cpp line 158 column 18 function i2c_write
Unwinding loop 7 iteration 1   file /Users/user/NVIDIA-OpenSMA/src/nv/emulation/pca9555.cpp line 142 column 5 function i2c_write
✓ PASSED: '(signed int)data_length::1 == 1 && (signed int)data_length::1 > 3 && (signed int)i >= (signed int)data_length::1' at file /Users/user/NVIDIA-OpenSMA/src/nv/emulation/pca9555.cpp line 142 column 5 function i2c_write
✓ PASSED: '(signed int)data_length::1 == 1 && (signed int)data_length::1 > 3 && (signed int)i < (signed int)data_length::1' at file /Users/user/NVIDIA-OpenSMA/src/nv/emulation/pca9555.cpp line 142 column 5 function i2c_write
✓ PASSED: '(signed int)data_length::1 != 1 && (signed int)data_length::1 > 3 && (signed int)i >= (signed int)data_length::1' at file /Users/user/NVIDIA-OpenSMA/src/nv/emulation/pca9555.cpp line 142 column 5 function i2c_write
✓ PASSED: '(signed int)data_length::1 != 1 && (signed int)data_length::1 > 3 && (signed int)i < (signed int)data_length::1' at file /Users/user/NVIDIA-OpenSMA/src/nv/emulation/pca9555.cpp line 142 column 5 function i2c_write
✓ PASSED: '(signed int)data_length::1 == 1 && (signed int)data_length::1 <= 3 && (signed int)i >= (signed int)data_length::1' at file /Users/user/NVIDIA-OpenSMA/src/nv/emulation/pca9555.cpp line 142 column 5 function i2c_write
✓ PASSED: '(signed int)data_length::1 == 1 && (signed int)data_length::1 <= 3 && (signed int)i < (signed int)data_length::1' at file /Users/user/NVIDIA-OpenSMA/src/nv/emulation/pca9555.cpp line 142 column 5 function i2c_write
✓ PASSED: '(signed int)data_length::1 != 1 && (signed int)data_length::1 <= 3 && (signed int)i < (signed int)data_length::1' at file /Users/user/NVIDIA-OpenSMA/src/nv/emulation/pca9555.cpp line 142 column 5 function i2c_write
Symex completed in: 0.520s (1708 assignments)
Caching time: 0.045s (removed 9 assertions)
Slicing time: 0.010s (removed 1133 assignments)
Generated 374 VCC(s), 179 remaining after simplification (566 assignments)
No solver specified; defaulting to bitwuzla
Slicing time: 0.002s (removed 146 assignments)
No solver specified; defaulting to bitwuzla
Encoding remaining VCC(s) using bit-vector/floating-point arithmetic
Encoding to solver time: 0.021s
Solving with solver Bitwuzla 0.8.2
Runtime decision procedure: 0.002s
Slicing time: 0.002s (removed 146 assignments)
No solver specified; defaulting to bitwuzla
Solving claim '(signed int)data_length::1 != 1 && (signed int)data_length::1 <= 3 && (signed int)i >= (signed int)data_length::1 at file /Users/user/NVIDIA-OpenSMA/src/nv/emulation/pca9555.cpp line 142 column 5 function i2c_write' with solver Bitwuzla 0.8.2
Encoding remaining VCC(s) using bit-vector/floating-point arithmetic
Encoding to solver time: 0.018s
Solving with solver Bitwuzla 0.8.2
Runtime decision procedure: 0.009s
✗ FAILED: '(signed int)data_length::1 != 1 && (signed int)data_length::1 <= 3 && (signed int)i >= (signed int)data_length::1 at file /Users/user/NVIDIA-OpenSMA/src/nv/emulation/pca9555.cpp line 142 column 5 function i2c_write'

[Counterexample]


State 1 file /Users/user/NVIDIA-OpenSMA/verification/harnesses/pca9555_harness.cpp line 189 column 5 function f_output_propagation thread 0
----------------------------------------------------
  v = 0 (00000000)

State 4 file /Users/user/NVIDIA-OpenSMA/verification/harnesses/pca9555_harness.cpp line 193 column 5 function f_output_propagation thread 0
----------------------------------------------------
  *return_value$_operator[]$4 = { .elems={ 2, v?1!0&0#1, 0, 0, 0, 0, 0, 0, 0, 0, 0, 0, 0, 0, 0, 0, 0, 0, 0, 0, 0, 0, 0, 0, 0, 0, 0, 0, 0, 0, 0, 0, 0, 0, 0 } }

State 8 file /Users/user/NVIDIA-OpenSMA/src/nv/emulation/pca9555.cpp line 142 column 5 function i2c_write thread 0
----------------------------------------------------
Violated property:
  file /Users/user/NVIDIA-OpenSMA/src/nv/emulation/pca9555.cpp line 142 column 5 function i2c_write
  (signed int)data_length::1 != 1 && (signed int)data_length::1 <= 3 && (signed int)i >= (signed int)data_length::1
  (signed int)data_length::1 == 1 || (signed int)data_length::1 > 3 || (signed int)i < (signed int)data_length::1

Slicing time: 0.003s (removed 113 assignments)
No solver specified; defaulting to bitwuzla
Solving claim '(signed int)target_direction::0 != (signed int)(*return_value$_at$4) at file /Users/user/NVIDIA-OpenSMA/src/nv/emulation/pca9555.cpp line 323 column 5 function correct_direction_violations_and_apply' with solver Bitwuzla 0.8.2
Encoding remaining VCC(s) using bit-vector/floating-point arithmetic
Encoding to solver time: 0.022s
Solving with solver Bitwuzla 0.8.2
Runtime decision procedure: 0.003s
✓ PASSED: '(signed int)target_direction::0 != (signed int)(*return_value$_at$4) at file /Users/user/NVIDIA-OpenSMA/src/nv/emulation/pca9555.cpp line 323 column 5 function correct_direction_violations_and_apply'
Slicing time: 0.002s (removed 113 assignments)
No solver specified; defaulting to bitwuzla
Solving claim '(signed int)target_direction::0 == (signed int)(*return_value$_at$4) at file /Users/user/NVIDIA-OpenSMA/src/nv/emulation/pca9555.cpp line 323 column 5 function correct_direction_violations_and_apply' with solver Bitwuzla 0.8.2
Encoding remaining VCC(s) using bit-vector/floating-point arithmetic
Encoding to solver time: 0.020s
Solving with solver Bitwuzla 0.8.2
Runtime decision procedure: 0.003s
✓ PASSED: '(signed int)target_direction::0 == (signed int)(*return_value$_at$4) at file /Users/user/NVIDIA-OpenSMA/src/nv/emulation/pca9555.cpp line 323 column 5 function correct_direction_violations_and_apply'
Slicing time: 0.002s (removed 146 assignments)
No solver specified; defaulting to bitwuzla
Solving claim '(signed int)CommandRegister == 0 && (signed int)CommandRegister == 1 && (signed int)CommandRegister == 2 && (signed int)CommandRegister != 3 at file /Users/user/NVIDIA-OpenSMA/src/nv/emulation/pca9555.cpp line 164 column 18 function i2c_write' with solver Bitwuzla 0.8.2
Encoding remaining VCC(s) using bit-vector/floating-point arithmetic
Encoding to solver time: 0.017s
Solving with solver Bitwuzla 0.8.2
Runtime decision procedure: 0.003s
✓ PASSED: '(signed int)CommandRegister == 0 && (signed int)CommandRegister == 1 && (signed int)CommandRegister == 2 && (signed int)CommandRegister != 3 at file /Users/user/NVIDIA-OpenSMA/src/nv/emulation/pca9555.cpp line 164 column 18 function i2c_write'
Slicing time: 0.002s (removed 146 assignments)
No solver specified; defaulting to bitwuzla
Solving claim '(signed int)CommandRegister == 0 && (signed int)CommandRegister == 1 && (signed int)CommandRegister == 2 && (signed int)CommandRegister == 3 at file /Users/user/NVIDIA-OpenSMA/src/nv/emulation/pca9555.cpp line 164 column 18 function i2c_write' with solver Bitwuzla 0.8.2
Encoding remaining VCC(s) using bit-vector/floating-point arithmetic
Encoding to solver time: 0.018s
Solving with solver Bitwuzla 0.8.2
Runtime decision procedure: 0.002s
✓ PASSED: '(signed int)CommandRegister == 0 && (signed int)CommandRegister == 1 && (signed int)CommandRegister == 2 && (signed int)CommandRegister == 3 at file /Users/user/NVIDIA-OpenSMA/src/nv/emulation/pca9555.cpp line 164 column 18 function i2c_write'
Slicing time: 0.002s (removed 146 assignments)
No solver specified; defaulting to bitwuzla
Solving claim '(signed int)CommandRegister != 0 && (signed int)CommandRegister == 1 && (signed int)CommandRegister == 2 && (signed int)CommandRegister != 3 at file /Users/user/NVIDIA-OpenSMA/src/nv/emulation/pca9555.cpp line 164 column 18 function i2c_write' with solver Bitwuzla 0.8.2
Encoding remaining VCC(s) using bit-vector/floating-point arithmetic
Encoding to solver time: 0.017s
Solving with solver Bitwuzla 0.8.2
Runtime decision procedure: 0.002s
✓ PASSED: '(signed int)CommandRegister != 0 && (signed int)CommandRegister == 1 && (signed int)CommandRegister == 2 && (signed int)CommandRegister != 3 at file /Users/user/NVIDIA-OpenSMA/src/nv/emulation/pca9555.cpp line 164 column 18 function i2c_write'
Slicing time: 0.003s (removed 146 assignments)
No solver specified; defaulting to bitwuzla
Solving claim '(signed int)CommandRegister != 0 && (signed int)CommandRegister == 1 && (signed int)CommandRegister == 2 && (signed int)CommandRegister == 3 at file /Users/user/NVIDIA-OpenSMA/src/nv/emulation/pca9555.cpp line 164 column 18 function i2c_write' with solver Bitwuzla 0.8.2
Encoding remaining VCC(s) using bit-vector/floating-point arithmetic
Encoding to solver time: 0.017s
Solving with solver Bitwuzla 0.8.2
Runtime decision procedure: 0.002s
✓ PASSED: '(signed int)CommandRegister != 0 && (signed int)CommandRegister == 1 && (signed int)CommandRegister == 2 && (signed int)CommandRegister == 3 at file /Users/user/NVIDIA-OpenSMA/src/nv/emulation/pca9555.cpp line 164 column 18 function i2c_write'
Slicing time: 0.002s (removed 146 assignments)
No solver specified; defaulting to bitwuzla
Solving claim '(signed int)CommandRegister == 0 && (signed int)CommandRegister != 1 && (signed int)CommandRegister == 2 && (signed int)CommandRegister != 3 at file /Users/user/NVIDIA-OpenSMA/src/nv/emulation/pca9555.cpp line 164 column 18 function i2c_write' with solver Bitwuzla 0.8.2
Encoding remaining VCC(s) using bit-vector/floating-point arithmetic
Encoding to solver time: 0.017s
Solving with solver Bitwuzla 0.8.2
Runtime decision procedure: 0.002s
✓ PASSED: '(signed int)CommandRegister == 0 && (signed int)CommandRegister != 1 && (signed int)CommandRegister == 2 && (signed int)CommandRegister != 3 at file /Users/user/NVIDIA-OpenSMA/src/nv/emulation/pca9555.cpp line 164 column 18 function i2c_write'
Slicing time: 0.003s (removed 146 assignments)
No solver specified; defaulting to bitwuzla
Solving claim '(signed int)CommandRegister == 0 && (signed int)CommandRegister != 1 && (signed int)CommandRegister == 2 && (signed int)CommandRegister == 3 at file /Users/user/NVIDIA-OpenSMA/src/nv/emulation/pca9555.cpp line 164 column 18 function i2c_write' with solver Bitwuzla 0.8.2
Encoding remaining VCC(s) using bit-vector/floating-point arithmetic
Encoding to solver time: 0.017s
Solving with solver Bitwuzla 0.8.2
Runtime decision procedure: 0.002s
✓ PASSED: '(signed int)CommandRegister == 0 && (signed int)CommandRegister != 1 && (signed int)CommandRegister == 2 && (signed int)CommandRegister == 3 at file /Users/user/NVIDIA-OpenSMA/src/nv/emulation/pca9555.cpp line 164 column 18 function i2c_write'
Slicing time: 0.002s (removed 146 assignments)
No solver specified; defaulting to bitwuzla
Solving claim '(signed int)CommandRegister != 0 && (signed int)CommandRegister != 1 && (signed int)CommandRegister == 2 && (signed int)CommandRegister != 3 at file /Users/user/NVIDIA-OpenSMA/src/nv/emulation/pca9555.cpp line 164 column 18 function i2c_write' with solver Bitwuzla 0.8.2
Encoding remaining VCC(s) using bit-vector/floating-point arithmetic
Encoding to solver time: 0.016s
Solving with solver Bitwuzla 0.8.2
Runtime decision procedure: 0.003s
✓ PASSED: '(signed int)CommandRegister != 0 && (signed int)CommandRegister != 1 && (signed int)CommandRegister == 2 && (signed int)CommandRegister != 3 at file /Users/user/NVIDIA-OpenSMA/src/nv/emulation/pca9555.cpp line 164 column 18 function i2c_write'
Slicing time: 0.003s (removed 146 assignments)
No solver specified; defaulting to bitwuzla
Solving claim '(signed int)CommandRegister != 0 && (signed int)CommandRegister != 1 && (signed int)CommandRegister == 2 && (signed int)CommandRegister == 3 at file /Users/user/NVIDIA-OpenSMA/src/nv/emulation/pca9555.cpp line 164 column 18 function i2c_write' with solver Bitwuzla 0.8.2
Encoding remaining VCC(s) using bit-vector/floating-point arithmetic
Encoding to solver time: 0.017s
Solving with solver Bitwuzla 0.8.2
Runtime decision procedure: 0.002s
✓ PASSED: '(signed int)CommandRegister != 0 && (signed int)CommandRegister != 1 && (signed int)CommandRegister == 2 && (signed int)CommandRegister == 3 at file /Users/user/NVIDIA-OpenSMA/src/nv/emulation/pca9555.cpp line 164 column 18 function i2c_write'
Slicing time: 0.002s (removed 146 assignments)
No solver specified; defaulting to bitwuzla
Solving claim '(signed int)CommandRegister == 0 && (signed int)CommandRegister == 1 && (signed int)CommandRegister != 2 && (signed int)CommandRegister != 3 at file /Users/user/NVIDIA-OpenSMA/src/nv/emulation/pca9555.cpp line 164 column 18 function i2c_write' with solver Bitwuzla 0.8.2
Encoding remaining VCC(s) using bit-vector/floating-point arithmetic
Encoding to solver time: 0.017s
Solving with solver Bitwuzla 0.8.2
Runtime decision procedure: 0.003s
✓ PASSED: '(signed int)CommandRegister == 0 && (signed int)CommandRegister == 1 && (signed int)CommandRegister != 2 && (signed int)CommandRegister != 3 at file /Users/user/NVIDIA-OpenSMA/src/nv/emulation/pca9555.cpp line 164 column 18 function i2c_write'
Slicing time: 0.002s (removed 146 assignments)
No solver specified; defaulting to bitwuzla
Solving claim '(signed int)CommandRegister == 0 && (signed int)CommandRegister == 1 && (signed int)CommandRegister != 2 && (signed int)CommandRegister == 3 at file /Users/user/NVIDIA-OpenSMA/src/nv/emulation/pca9555.cpp line 164 column 18 function i2c_write' with solver Bitwuzla 0.8.2
Encoding remaining VCC(s) using bit-vector/floating-point arithmetic
Encoding to solver time: 0.018s
Solving with solver Bitwuzla 0.8.2
Runtime decision procedure: 0.002s
✓ PASSED: '(signed int)CommandRegister == 0 && (signed int)CommandRegister == 1 && (signed int)CommandRegister != 2 && (signed int)CommandRegister == 3 at file /Users/user/NVIDIA-OpenSMA/src/nv/emulation/pca9555.cpp line 164 column 18 function i2c_write'
Slicing time: 0.003s (removed 146 assignments)
No solver specified; defaulting to bitwuzla
Solving claim '(signed int)CommandRegister != 0 && (signed int)CommandRegister == 1 && (signed int)CommandRegister != 2 && (signed int)CommandRegister != 3 at file /Users/user/NVIDIA-OpenSMA/src/nv/emulation/pca9555.cpp line 164 column 18 function i2c_write' with solver Bitwuzla 0.8.2
Encoding remaining VCC(s) using bit-vector/floating-point arithmetic
Encoding to solver time: 0.018s
Solving with solver Bitwuzla 0.8.2
Runtime decision procedure: 0.002s
✓ PASSED: '(signed int)CommandRegister != 0 && (signed int)CommandRegister == 1 && (signed int)CommandRegister != 2 && (signed int)CommandRegister != 3 at file /Users/user/NVIDIA-OpenSMA/src/nv/emulation/pca9555.cpp line 164 column 18 function i2c_write'
Slicing time: 0.002s (removed 146 assignments)
No solver specified; defaulting to bitwuzla
Solving claim '(signed int)CommandRegister != 0 && (signed int)CommandRegister == 1 && (signed int)CommandRegister != 2 && (signed int)CommandRegister == 3 at file /Users/user/NVIDIA-OpenSMA/src/nv/emulation/pca9555.cpp line 164 column 18 function i2c_write' with solver Bitwuzla 0.8.2
Encoding remaining VCC(s) using bit-vector/floating-point arithmetic
Encoding to solver time: 0.017s
Solving with solver Bitwuzla 0.8.2
Runtime decision procedure: 0.003s
✓ PASSED: '(signed int)CommandRegister != 0 && (signed int)CommandRegister == 1 && (signed int)CommandRegister != 2 && (signed int)CommandRegister == 3 at file /Users/user/NVIDIA-OpenSMA/src/nv/emulation/pca9555.cpp line 164 column 18 function i2c_write'
Slicing time: 0.002s (removed 146 assignments)
No solver specified; defaulting to bitwuzla
Solving claim '(signed int)CommandRegister == 0 && (signed int)CommandRegister != 1 && (signed int)CommandRegister != 2 && (signed int)CommandRegister != 3 at file /Users/user/NVIDIA-OpenSMA/src/nv/emulation/pca9555.cpp line 164 column 18 function i2c_write' with solver Bitwuzla 0.8.2
Encoding remaining VCC(s) using bit-vector/floating-point arithmetic
Encoding to solver time: 0.018s
Solving with solver Bitwuzla 0.8.2
Runtime decision procedure: 0.002s
✓ PASSED: '(signed int)CommandRegister == 0 && (signed int)CommandRegister != 1 && (signed int)CommandRegister != 2 && (signed int)CommandRegister != 3 at file /Users/user/NVIDIA-OpenSMA/src/nv/emulation/pca9555.cpp line 164 column 18 function i2c_write'
Slicing time: 0.002s (removed 146 assignments)
No solver specified; defaulting to bitwuzla
Solving claim '(signed int)CommandRegister == 0 && (signed int)CommandRegister != 1 && (signed int)CommandRegister != 2 && (signed int)CommandRegister == 3 at file /Users/user/NVIDIA-OpenSMA/src/nv/emulation/pca9555.cpp line 164 column 18 function i2c_write' with solver Bitwuzla 0.8.2
Encoding remaining VCC(s) using bit-vector/floating-point arithmetic
Encoding to solver time: 0.017s
Solving with solver Bitwuzla 0.8.2
Runtime decision procedure: 0.002s
✓ PASSED: '(signed int)CommandRegister == 0 && (signed int)CommandRegister != 1 && (signed int)CommandRegister != 2 && (signed int)CommandRegister == 3 at file /Users/user/NVIDIA-OpenSMA/src/nv/emulation/pca9555.cpp line 164 column 18 function i2c_write'
Slicing time: 0.002s (removed 146 assignments)
No solver specified; defaulting to bitwuzla
Solving claim '(signed int)CommandRegister != 0 && (signed int)CommandRegister != 1 && (signed int)CommandRegister != 2 && (signed int)CommandRegister != 3 at file /Users/user/NVIDIA-OpenSMA/src/nv/emulation/pca9555.cpp line 164 column 18 function i2c_write' with solver Bitwuzla 0.8.2
Encoding remaining VCC(s) using bit-vector/floating-point arithmetic
Encoding to solver time: 0.018s
Solving with solver Bitwuzla 0.8.2
Runtime decision procedure: 0.002s
✓ PASSED: '(signed int)CommandRegister != 0 && (signed int)CommandRegister != 1 && (signed int)CommandRegister != 2 && (signed int)CommandRegister != 3 at file /Users/user/NVIDIA-OpenSMA/src/nv/emulation/pca9555.cpp line 164 column 18 function i2c_write'
Slicing time: 0.002s (removed 146 assignments)
No solver specified; defaulting to bitwuzla
Solving claim '(signed int)CommandRegister != 0 && (signed int)CommandRegister != 1 && (signed int)CommandRegister != 2 && (signed int)CommandRegister == 3 at file /Users/user/NVIDIA-OpenSMA/src/nv/emulation/pca9555.cpp line 164 column 18 function i2c_write' with solver Bitwuzla 0.8.2
Encoding remaining VCC(s) using bit-vector/floating-point arithmetic
Encoding to solver time: 0.017s
Solving with solver Bitwuzla 0.8.2
Runtime decision procedure: 0.002s
✓ PASSED: '(signed int)CommandRegister != 0 && (signed int)CommandRegister != 1 && (signed int)CommandRegister != 2 && (signed int)CommandRegister == 3 at file /Users/user/NVIDIA-OpenSMA/src/nv/emulation/pca9555.cpp line 164 column 18 function i2c_write'
Slicing time: 0.002s (removed 146 assignments)
No solver specified; defaulting to bitwuzla
Solving claim '(signed int)i < (signed int)data_length::1 && (signed int)CommandRegister == 0 && (signed int)CommandRegister == 1 && (signed int)CommandRegister != 2 at file /Users/user/NVIDIA-OpenSMA/src/nv/emulation/pca9555.cpp line 158 column 18 function i2c_write' with solver Bitwuzla 0.8.2
Encoding remaining VCC(s) using bit-vector/floating-point arithmetic
Encoding to solver time: 0.017s
Solving with solver Bitwuzla 0.8.2
Runtime decision procedure: 0.002s
✓ PASSED: '(signed int)i < (signed int)data_length::1 && (signed int)CommandRegister == 0 && (signed int)CommandRegister == 1 && (signed int)CommandRegister != 2 at file /Users/user/NVIDIA-OpenSMA/src/nv/emulation/pca9555.cpp line 158 column 18 function i2c_write'
Slicing time: 0.002s (removed 146 assignments)
No solver specified; defaulting to bitwuzla
Solving claim '(signed int)i < (signed int)data_length::1 && (signed int)CommandRegister == 0 && (signed int)CommandRegister == 1 && (signed int)CommandRegister == 2 at file /Users/user/NVIDIA-OpenSMA/src/nv/emulation/pca9555.cpp line 158 column 18 function i2c_write' with solver Bitwuzla 0.8.2
Encoding remaining VCC(s) using bit-vector/floating-point arithmetic
Encoding to solver time: 0.018s
Solving with solver Bitwuzla 0.8.2
Runtime decision procedure: 0.002s
✓ PASSED: '(signed int)i < (signed int)data_length::1 && (signed int)CommandRegister == 0 && (signed int)CommandRegister == 1 && (signed int)CommandRegister == 2 at file /Users/user/NVIDIA-OpenSMA/src/nv/emulation/pca9555.cpp line 158 column 18 function i2c_write'
Slicing time: 0.002s (removed 146 assignments)
No solver specified; defaulting to bitwuzla
Solving claim '(signed int)i < (signed int)data_length::1 && (signed int)CommandRegister != 0 && (signed int)CommandRegister == 1 && (signed int)CommandRegister != 2 at file /Users/user/NVIDIA-OpenSMA/src/nv/emulation/pca9555.cpp line 158 column 18 function i2c_write' with solver Bitwuzla 0.8.2
Encoding remaining VCC(s) using bit-vector/floating-point arithmetic
Encoding to solver time: 0.018s
Solving with solver Bitwuzla 0.8.2
Runtime decision procedure: 0.002s
✓ PASSED: '(signed int)i < (signed int)data_length::1 && (signed int)CommandRegister != 0 && (signed int)CommandRegister == 1 && (signed int)CommandRegister != 2 at file /Users/user/NVIDIA-OpenSMA/src/nv/emulation/pca9555.cpp line 158 column 18 function i2c_write'
Slicing time: 0.003s (removed 146 assignments)
No solver specified; defaulting to bitwuzla
Solving claim '(signed int)i < (signed int)data_length::1 && (signed int)CommandRegister != 0 && (signed int)CommandRegister == 1 && (signed int)CommandRegister == 2 at file /Users/user/NVIDIA-OpenSMA/src/nv/emulation/pca9555.cpp line 158 column 18 function i2c_write' with solver Bitwuzla 0.8.2
Encoding remaining VCC(s) using bit-vector/floating-point arithmetic
Encoding to solver time: 0.017s
Solving with solver Bitwuzla 0.8.2
Runtime decision procedure: 0.003s
✓ PASSED: '(signed int)i < (signed int)data_length::1 && (signed int)CommandRegister != 0 && (signed int)CommandRegister == 1 && (signed int)CommandRegister == 2 at file /Users/user/NVIDIA-OpenSMA/src/nv/emulation/pca9555.cpp line 158 column 18 function i2c_write'
Slicing time: 0.002s (removed 146 assignments)
No solver specified; defaulting to bitwuzla
Solving claim '(signed int)i < (signed int)data_length::1 && (signed int)CommandRegister == 0 && (signed int)CommandRegister != 1 && (signed int)CommandRegister != 2 at file /Users/user/NVIDIA-OpenSMA/src/nv/emulation/pca9555.cpp line 158 column 18 function i2c_write' with solver Bitwuzla 0.8.2
Encoding remaining VCC(s) using bit-vector/floating-point arithmetic
Encoding to solver time: 0.018s
Solving with solver Bitwuzla 0.8.2
Runtime decision procedure: 0.003s
✓ PASSED: '(signed int)i < (signed int)data_length::1 && (signed int)CommandRegister == 0 && (signed int)CommandRegister != 1 && (signed int)CommandRegister != 2 at file /Users/user/NVIDIA-OpenSMA/src/nv/emulation/pca9555.cpp line 158 column 18 function i2c_write'
Slicing time: 0.002s (removed 146 assignments)
No solver specified; defaulting to bitwuzla
Solving claim '(signed int)i < (signed int)data_length::1 && (signed int)CommandRegister == 0 && (signed int)CommandRegister != 1 && (signed int)CommandRegister == 2 at file /Users/user/NVIDIA-OpenSMA/src/nv/emulation/pca9555.cpp line 158 column 18 function i2c_write' with solver Bitwuzla 0.8.2
Encoding remaining VCC(s) using bit-vector/floating-point arithmetic
Encoding to solver time: 0.018s
Solving with solver Bitwuzla 0.8.2
Runtime decision procedure: 0.003s
✓ PASSED: '(signed int)i < (signed int)data_length::1 && (signed int)CommandRegister == 0 && (signed int)CommandRegister != 1 && (signed int)CommandRegister == 2 at file /Users/user/NVIDIA-OpenSMA/src/nv/emulation/pca9555.cpp line 158 column 18 function i2c_write'
Slicing time: 0.002s (removed 146 assignments)
No solver specified; defaulting to bitwuzla
Solving claim '(signed int)i < (signed int)data_length::1 && (signed int)CommandRegister != 0 && (signed int)CommandRegister != 1 && (signed int)CommandRegister != 2 at file /Users/user/NVIDIA-OpenSMA/src/nv/emulation/pca9555.cpp line 158 column 18 function i2c_write' with solver Bitwuzla 0.8.2
Encoding remaining VCC(s) using bit-vector/floating-point arithmetic
Encoding to solver time: 0.019s
Solving with solver Bitwuzla 0.8.2
Runtime decision procedure: 0.002s
✓ PASSED: '(signed int)i < (signed int)data_length::1 && (signed int)CommandRegister != 0 && (signed int)CommandRegister != 1 && (signed int)CommandRegister != 2 at file /Users/user/NVIDIA-OpenSMA/src/nv/emulation/pca9555.cpp line 158 column 18 function i2c_write'
Slicing time: 0.002s (removed 146 assignments)
No solver specified; defaulting to bitwuzla
Solving claim '(signed int)i < (signed int)data_length::1 && (signed int)CommandRegister != 0 && (signed int)CommandRegister != 1 && (signed int)CommandRegister == 2 at file /Users/user/NVIDIA-OpenSMA/src/nv/emulation/pca9555.cpp line 158 column 18 function i2c_write' with solver Bitwuzla 0.8.2
Encoding remaining VCC(s) using bit-vector/floating-point arithmetic
Encoding to solver time: 0.017s
Solving with solver Bitwuzla 0.8.2
Runtime decision procedure: 0.002s
✓ PASSED: '(signed int)i < (signed int)data_length::1 && (signed int)CommandRegister != 0 && (signed int)CommandRegister != 1 && (signed int)CommandRegister == 2 at file /Users/user/NVIDIA-OpenSMA/src/nv/emulation/pca9555.cpp line 158 column 18 function i2c_write'
Slicing time: 0.002s (removed 146 assignments)
No solver specified; defaulting to bitwuzla
Solving claim '(signed int)data_length::1 <= 3 && (signed int)i < (signed int)data_length::1 && (signed int)CommandRegister == 0 && (signed int)CommandRegister != 1 at file /Users/user/NVIDIA-OpenSMA/src/nv/emulation/pca9555.cpp line 151 column 18 function i2c_write' with solver Bitwuzla 0.8.2
Encoding remaining VCC(s) using bit-vector/floating-point arithmetic
Encoding to solver time: 0.017s
Solving with solver Bitwuzla 0.8.2
Runtime decision procedure: 0.002s
✓ PASSED: '(signed int)data_length::1 <= 3 && (signed int)i < (signed int)data_length::1 && (signed int)CommandRegister == 0 && (signed int)CommandRegister != 1 at file /Users/user/NVIDIA-OpenSMA/src/nv/emulation/pca9555.cpp line 151 column 18 function i2c_write'
Slicing time: 0.002s (removed 146 assignments)
No solver specified; defaulting to bitwuzla
Solving claim '(signed int)data_length::1 <= 3 && (signed int)i < (signed int)data_length::1 && (signed int)CommandRegister == 0 && (signed int)CommandRegister == 1 at file /Users/user/NVIDIA-OpenSMA/src/nv/emulation/pca9555.cpp line 151 column 18 function i2c_write' with solver Bitwuzla 0.8.2
Encoding remaining VCC(s) using bit-vector/floating-point arithmetic
Encoding to solver time: 0.017s
Solving with solver Bitwuzla 0.8.2
Runtime decision procedure: 0.002s
✓ PASSED: '(signed int)data_length::1 <= 3 && (signed int)i < (signed int)data_length::1 && (signed int)CommandRegister == 0 && (signed int)CommandRegister == 1 at file /Users/user/NVIDIA-OpenSMA/src/nv/emulation/pca9555.cpp line 151 column 18 function i2c_write'
Slicing time: 0.002s (removed 146 assignments)
No solver specified; defaulting to bitwuzla
Solving claim '(signed int)data_length::1 <= 3 && (signed int)i < (signed int)data_length::1 && (signed int)CommandRegister != 0 && (signed int)CommandRegister != 1 at file /Users/user/NVIDIA-OpenSMA/src/nv/emulation/pca9555.cpp line 151 column 18 function i2c_write' with solver Bitwuzla 0.8.2
Encoding remaining VCC(s) using bit-vector/floating-point arithmetic
Encoding to solver time: 0.017s
Solving with solver Bitwuzla 0.8.2
Runtime decision procedure: 0.002s
✓ PASSED: '(signed int)data_length::1 <= 3 && (signed int)i < (signed int)data_length::1 && (signed int)CommandRegister != 0 && (signed int)CommandRegister != 1 at file /Users/user/NVIDIA-OpenSMA/src/nv/emulation/pca9555.cpp line 151 column 18 function i2c_write'
Slicing time: 0.002s (removed 146 assignments)
No solver specified; defaulting to bitwuzla
Solving claim '(signed int)data_length::1 <= 3 && (signed int)i < (signed int)data_length::1 && (signed int)CommandRegister != 0 && (signed int)CommandRegister == 1 at file /Users/user/NVIDIA-OpenSMA/src/nv/emulation/pca9555.cpp line 151 column 18 function i2c_write' with solver Bitwuzla 0.8.2
Encoding remaining VCC(s) using bit-vector/floating-point arithmetic
Encoding to solver time: 0.016s
Solving with solver Bitwuzla 0.8.2
Runtime decision procedure: 0.008s
✗ FAILED: '(signed int)data_length::1 <= 3 && (signed int)i < (signed int)data_length::1 && (signed int)CommandRegister != 0 && (signed int)CommandRegister == 1 at file /Users/user/NVIDIA-OpenSMA/src/nv/emulation/pca9555.cpp line 151 column 18 function i2c_write'

[Counterexample]


State 1 file /Users/user/NVIDIA-OpenSMA/verification/harnesses/pca9555_harness.cpp line 189 column 5 function f_output_propagation thread 0
----------------------------------------------------
  v = 0 (00000000)

State 4 file /Users/user/NVIDIA-OpenSMA/verification/harnesses/pca9555_harness.cpp line 193 column 5 function f_output_propagation thread 0
----------------------------------------------------
  *return_value$_operator[]$4 = { .elems={ 2, v?1!0&0#1, 0, 0, 0, 0, 0, 0, 0, 0, 0, 0, 0, 0, 0, 0, 0, 0, 0, 0, 0, 0, 0, 0, 0, 0, 0, 0, 0, 0, 0, 0, 0, 0, 0 } }

State 7 file /Users/user/NVIDIA-OpenSMA/src/nv/emulation/pca9555.cpp line 151 column 18 function i2c_write thread 0
----------------------------------------------------
Violated property:
  file /Users/user/NVIDIA-OpenSMA/src/nv/emulation/pca9555.cpp line 151 column 18 function i2c_write
  (signed int)data_length::1 <= 3 && (signed int)i < (signed int)data_length::1 && (signed int)CommandRegister != 0 && (signed int)CommandRegister == 1
  (signed int)data_length::1 > 3 || (signed int)i >= (signed int)data_length::1 || (signed int)CommandRegister == 0 || (signed int)CommandRegister != 1

Slicing time: 0.002s (removed 146 assignments)
No solver specified; defaulting to bitwuzla
Solving claim '(signed int)data_length::1 != 1 && (signed int)data_length::1 <= 3 && (signed int)i < (signed int)data_length::1 && (signed int)CommandRegister != 0 at file /Users/user/NVIDIA-OpenSMA/src/nv/emulation/pca9555.cpp line 147 column 18 function i2c_write' with solver Bitwuzla 0.8.2
Encoding remaining VCC(s) using bit-vector/floating-point arithmetic
Encoding to solver time: 0.017s
Solving with solver Bitwuzla 0.8.2
Runtime decision procedure: 0.009s
✗ FAILED: '(signed int)data_length::1 != 1 && (signed int)data_length::1 <= 3 && (signed int)i < (signed int)data_length::1 && (signed int)CommandRegister != 0 at file /Users/user/NVIDIA-OpenSMA/src/nv/emulation/pca9555.cpp line 147 column 18 function i2c_write'

[Counterexample]


State 1 file /Users/user/NVIDIA-OpenSMA/verification/harnesses/pca9555_harness.cpp line 189 column 5 function f_output_propagation thread 0
----------------------------------------------------
  v = 0 (00000000)

State 4 file /Users/user/NVIDIA-OpenSMA/verification/harnesses/pca9555_harness.cpp line 193 column 5 function f_output_propagation thread 0
----------------------------------------------------
  *return_value$_operator[]$4 = { .elems={ 2, v?1!0&0#1, 0, 0, 0, 0, 0, 0, 0, 0, 0, 0, 0, 0, 0, 0, 0, 0, 0, 0, 0, 0, 0, 0, 0, 0, 0, 0, 0, 0, 0, 0, 0, 0, 0 } }

State 7 file /Users/user/NVIDIA-OpenSMA/src/nv/emulation/pca9555.cpp line 147 column 18 function i2c_write thread 0
----------------------------------------------------
Violated property:
  file /Users/user/NVIDIA-OpenSMA/src/nv/emulation/pca9555.cpp line 147 column 18 function i2c_write
  (signed int)data_length::1 != 1 && (signed int)data_length::1 <= 3 && (signed int)i < (signed int)data_length::1 && (signed int)CommandRegister != 0
  (signed int)data_length::1 == 1 || (signed int)data_length::1 > 3 || (signed int)i >= (signed int)data_length::1 || (signed int)CommandRegister == 0

Slicing time: 0.002s (removed 146 assignments)
No solver specified; defaulting to bitwuzla
Solving claim '(signed int)data_length::1 != 1 && (signed int)data_length::1 <= 3 && (signed int)i < (signed int)data_length::1 && (signed int)CommandRegister == 0 at file /Users/user/NVIDIA-OpenSMA/src/nv/emulation/pca9555.cpp line 147 column 18 function i2c_write' with solver Bitwuzla 0.8.2
Encoding remaining VCC(s) using bit-vector/floating-point arithmetic
Encoding to solver time: 0.018s
Solving with solver Bitwuzla 0.8.2
Runtime decision procedure: 0.002s
✓ PASSED: '(signed int)data_length::1 != 1 && (signed int)data_length::1 <= 3 && (signed int)i < (signed int)data_length::1 && (signed int)CommandRegister == 0 at file /Users/user/NVIDIA-OpenSMA/src/nv/emulation/pca9555.cpp line 147 column 18 function i2c_write'
Slicing time: 0.002s (removed 146 assignments)
No solver specified; defaulting to bitwuzla
Solving claim '(signed int)data_length::1 != 1 && (signed int)data_length::1 <= 3 && (signed int)i < (signed int)data_length::1 at file /Users/user/NVIDIA-OpenSMA/src/nv/emulation/pca9555.cpp line 142 column 5 function i2c_write' with solver Bitwuzla 0.8.2
Encoding remaining VCC(s) using bit-vector/floating-point arithmetic
Encoding to solver time: 0.018s
Solving with solver Bitwuzla 0.8.2
Runtime decision procedure: 0.008s
✗ FAILED: '(signed int)data_length::1 != 1 && (signed int)data_length::1 <= 3 && (signed int)i < (signed int)data_length::1 at file /Users/user/NVIDIA-OpenSMA/src/nv/emulation/pca9555.cpp line 142 column 5 function i2c_write'

[Counterexample]


State 1 file /Users/user/NVIDIA-OpenSMA/verification/harnesses/pca9555_harness.cpp line 189 column 5 function f_output_propagation thread 0
----------------------------------------------------
  v = 0 (00000000)

State 4 file /Users/user/NVIDIA-OpenSMA/verification/harnesses/pca9555_harness.cpp line 193 column 5 function f_output_propagation thread 0
----------------------------------------------------
  *return_value$_operator[]$4 = { .elems={ 2, v?1!0&0#1, 0, 0, 0, 0, 0, 0, 0, 0, 0, 0, 0, 0, 0, 0, 0, 0, 0, 0, 0, 0, 0, 0, 0, 0, 0, 0, 0, 0, 0, 0, 0, 0, 0 } }

State 7 file /Users/user/NVIDIA-OpenSMA/src/nv/emulation/pca9555.cpp line 142 column 5 function i2c_write thread 0
----------------------------------------------------
Violated property:
  file /Users/user/NVIDIA-OpenSMA/src/nv/emulation/pca9555.cpp line 142 column 5 function i2c_write
  (signed int)data_length::1 != 1 && (signed int)data_length::1 <= 3 && (signed int)i < (signed int)data_length::1
  (signed int)data_length::1 == 1 || (signed int)data_length::1 > 3 || (signed int)i >= (signed int)data_length::1

Slicing time: 0.002s (removed 146 assignments)
No solver specified; defaulting to bitwuzla
Solving claim '(signed int)data_length::1 != 1 && (signed int)data_length::1 <= 3 at file /Users/user/NVIDIA-OpenSMA/src/nv/emulation/pca9555.cpp line 138 column 5 function i2c_write' with solver Bitwuzla 0.8.2
Encoding remaining VCC(s) using bit-vector/floating-point arithmetic
Encoding to solver time: 0.019s
Solving with solver Bitwuzla 0.8.2
Runtime decision procedure: 0.009s
✗ FAILED: '(signed int)data_length::1 != 1 && (signed int)data_length::1 <= 3 at file /Users/user/NVIDIA-OpenSMA/src/nv/emulation/pca9555.cpp line 138 column 5 function i2c_write'

[Counterexample]


State 1 file /Users/user/NVIDIA-OpenSMA/verification/harnesses/pca9555_harness.cpp line 189 column 5 function f_output_propagation thread 0
----------------------------------------------------
  v = 0 (00000000)

State 4 file /Users/user/NVIDIA-OpenSMA/verification/harnesses/pca9555_harness.cpp line 193 column 5 function f_output_propagation thread 0
----------------------------------------------------
  *return_value$_operator[]$4 = { .elems={ 2, v?1!0&0#1, 0, 0, 0, 0, 0, 0, 0, 0, 0, 0, 0, 0, 0, 0, 0, 0, 0, 0, 0, 0, 0, 0, 0, 0, 0, 0, 0, 0, 0, 0, 0, 0, 0 } }

State 7 file /Users/user/NVIDIA-OpenSMA/src/nv/emulation/pca9555.cpp line 138 column 5 function i2c_write thread 0
----------------------------------------------------
Violated property:
  file /Users/user/NVIDIA-OpenSMA/src/nv/emulation/pca9555.cpp line 138 column 5 function i2c_write
  (signed int)data_length::1 != 1 && (signed int)data_length::1 <= 3
  (signed int)data_length::1 == 1 || (signed int)data_length::1 > 3

Slicing time: 0.002s (removed 146 assignments)
No solver specified; defaulting to bitwuzla
Solving claim '(signed int)data_length::1 != 1 at file /Users/user/NVIDIA-OpenSMA/src/nv/emulation/pca9555.cpp line 127 column 5 function i2c_write' with solver Bitwuzla 0.8.2
Encoding remaining VCC(s) using bit-vector/floating-point arithmetic
Encoding to solver time: 0.017s
Solving with solver Bitwuzla 0.8.2
Runtime decision procedure: 0.008s
✗ FAILED: '(signed int)data_length::1 != 1 at file /Users/user/NVIDIA-OpenSMA/src/nv/emulation/pca9555.cpp line 127 column 5 function i2c_write'

[Counterexample]


State 1 file /Users/user/NVIDIA-OpenSMA/verification/harnesses/pca9555_harness.cpp line 189 column 5 function f_output_propagation thread 0
----------------------------------------------------
  v = 0 (00000000)

State 4 file /Users/user/NVIDIA-OpenSMA/verification/harnesses/pca9555_harness.cpp line 193 column 5 function f_output_propagation thread 0
----------------------------------------------------
  *return_value$_operator[]$4 = { .elems={ 2, v?1!0&0#1, 0, 0, 0, 0, 0, 0, 0, 0, 0, 0, 0, 0, 0, 0, 0, 0, 0, 0, 0, 0, 0, 0, 0, 0, 0, 0, 0, 0, 0, 0, 0, 0, 0 } }

State 7 file /Users/user/NVIDIA-OpenSMA/src/nv/emulation/pca9555.cpp line 127 column 5 function i2c_write thread 0
----------------------------------------------------
Violated property:
  file /Users/user/NVIDIA-OpenSMA/src/nv/emulation/pca9555.cpp line 127 column 5 function i2c_write
  (signed int)data_length::1 != 1
  (signed int)data_length::1 == 1

Slicing time: 0.002s (removed 142 assignments)
No solver specified; defaulting to bitwuzla
Solving claim '((signed int)pin_mask::1 & (signed int)((unsigned short int)(~(signed int)direction_vector))) != 0 at file /Users/user/NVIDIA-OpenSMA/src/nv/emulation/pca9555.cpp line 184 column 5 function update_input_pins' with solver Bitwuzla 0.8.2
Encoding remaining VCC(s) using bit-vector/floating-point arithmetic
Encoding to solver time: 0.017s
Solving with solver Bitwuzla 0.8.2
Runtime decision procedure: 0.003s
✓ PASSED: '((signed int)pin_mask::1 & (signed int)((unsigned short int)(~(signed int)direction_vector))) != 0 at file /Users/user/NVIDIA-OpenSMA/src/nv/emulation/pca9555.cpp line 184 column 5 function update_input_pins'
Slicing time: 0.002s (removed 142 assignments)
No solver specified; defaulting to bitwuzla
Solving claim '((signed int)pin_mask::1 & (signed int)((unsigned short int)(~(signed int)direction_vector))) == 0 at file /Users/user/NVIDIA-OpenSMA/src/nv/emulation/pca9555.cpp line 184 column 5 function update_input_pins' with solver Bitwuzla 0.8.2
Encoding remaining VCC(s) using bit-vector/floating-point arithmetic
Encoding to solver time: 0.017s
Solving with solver Bitwuzla 0.8.2
Runtime decision procedure: 0.005s
✗ FAILED: '((signed int)pin_mask::1 & (signed int)((unsigned short int)(~(signed int)direction_vector))) == 0 at file /Users/user/NVIDIA-OpenSMA/src/nv/emulation/pca9555.cpp line 184 column 5 function update_input_pins'

[Counterexample]


State 1 file /Users/user/NVIDIA-OpenSMA/verification/harnesses/pca9555_harness.cpp line 140 column 5 function f_input_update_masked thread 0
----------------------------------------------------
  dev = { ._active_register=0, ._active_bank=0, ._new_command=1, .interrupt_low_vector={ .elems={ 255, 255 } },
    .state_at_last_interrupt_check={ .elems = { 0 } },
    ._gpio_pin_state={ .elems = { 0 } },
    ._gpio_output={ .elems={ 255, 255 } },
    ._gpio_inversion_enable={ .elems = { 0 } },
    ._gpio_direction_config={ .elems={ 255, 255 } },
    ._required_outputs={ .elems = { 0 } },
    ._required_inputs={ .elems={ 255, 255 } },
    .anon_pad$11=0 }

State 2 file /Users/user/NVIDIA-OpenSMA/verification/harnesses/pca9555_harness.cpp line 147 column 5 function f_input_update_masked thread 0
----------------------------------------------------
  mask = 0 (00000000 00000000)

State 4 file /Users/user/NVIDIA-OpenSMA/src/nv/emulation/pca9555.cpp line 182 column 5 function update_input_pins thread 0
----------------------------------------------------
  direction_vector = 65535 (11111111 11111111)

State 5 file /Users/user/NVIDIA-OpenSMA/src/nv/emulation/pca9555.cpp line 184 column 5 function update_input_pins thread 0
----------------------------------------------------
Violated property:
  file /Users/user/NVIDIA-OpenSMA/src/nv/emulation/pca9555.cpp line 184 column 5 function update_input_pins
  ((signed int)pin_mask::1 & (signed int)((unsigned short int)(~(signed int)direction_vector))) == 0
  ((signed int)pin_mask::1 & (signed int)((unsigned short int)(~(signed int)direction_vector))) != 0

Slicing time: 0.002s (removed 146 assignments)
No solver specified; defaulting to bitwuzla
Solving claim '(signed int)data_length::1 != 1 && (signed int)data_length::1 <= 3 && (signed int)i >= (signed int)data_length::1 at file /Users/user/NVIDIA-OpenSMA/src/nv/emulation/pca9555.cpp line 142 column 5 function i2c_write' with solver Bitwuzla 0.8.2
Encoding remaining VCC(s) using bit-vector/floating-point arithmetic
Encoding to solver time: 0.017s
Solving with solver Bitwuzla 0.8.2
Runtime decision procedure: 0.005s
✗ FAILED: '(signed int)data_length::1 != 1 && (signed int)data_length::1 <= 3 && (signed int)i >= (signed int)data_length::1 at file /Users/user/NVIDIA-OpenSMA/src/nv/emulation/pca9555.cpp line 142 column 5 function i2c_write'

[Counterexample]


State 1 file /Users/user/NVIDIA-OpenSMA/verification/harnesses/pca9555_harness.cpp line 91 column 5 function f_direction_constraint thread 0
----------------------------------------------------
  req_out = 0 (00000000)

State 2 file /Users/user/NVIDIA-OpenSMA/verification/harnesses/pca9555_harness.cpp line 92 column 5 function f_direction_constraint thread 0
----------------------------------------------------
  req_in = 0 (00000000)

State 5 file /Users/user/NVIDIA-OpenSMA/verification/harnesses/pca9555_harness.cpp line 98 column 5 function f_direction_constraint thread 0
----------------------------------------------------
  bank = 0 (00000000 00000000 00000000 00000000)

State 8 file /Users/user/NVIDIA-OpenSMA/verification/harnesses/pca9555_harness.cpp line 99 column 5 function f_direction_constraint thread 0
----------------------------------------------------
  cmd = 6 (00000110)

State 9 file /Users/user/NVIDIA-OpenSMA/verification/harnesses/pca9555_harness.cpp line 101 column 5 function f_direction_constraint thread 0
----------------------------------------------------
  new_dir = 0 (00000000)

State 10 file /Users/user/NVIDIA-OpenSMA/verification/harnesses/pca9555_harness.cpp line 105 column 5 function f_direction_constraint thread 0
----------------------------------------------------
  *return_value$_operator[]$6 = { .elems={ cmd?1!0&0#1, 0, 0, 0, 0, 0, 0, 0, 0, 0, 0, 0, 0, 0, 0, 0, 0, 0, 0, 0, 0, 0, 0, 0, 0, 0, 0, 0, 0, 0, 0, 0, 0, 0, 0 } }

State 11 file /Users/user/NVIDIA-OpenSMA/verification/harnesses/pca9555_harness.cpp line 106 column 5 function f_direction_constraint thread 0
----------------------------------------------------
  *return_value$_operator[]$7 = { .elems = 0 }

State 15 file /Users/user/NVIDIA-OpenSMA/src/nv/emulation/pca9555.cpp line 142 column 5 function i2c_write thread 0
----------------------------------------------------
Violated property:
  file /Users/user/NVIDIA-OpenSMA/src/nv/emulation/pca9555.cpp line 142 column 5 function i2c_write
  (signed int)data_length::1 != 1 && (signed int)data_length::1 <= 3 && (signed int)i >= (signed int)data_length::1

Slicing time: 0.002s (removed 108 assignments)
No solver specified; defaulting to bitwuzla
Solving claim '(signed int)target_direction::0 != (signed int)(*return_value$_at$4) at file /Users/user/NVIDIA-OpenSMA/src/nv/emulation/pca9555.cpp line 323 column 5 function correct_direction_violations_and_apply' with solver Bitwuzla 0.8.2
Encoding remaining VCC(s) using bit-vector/floating-point arithmetic
Encoding to solver time: 0.020s
Solving with solver Bitwuzla 0.8.2
Runtime decision procedure: 0.007s
✗ FAILED: '(signed int)target_direction::0 != (signed int)(*return_value$_at$4) at file /Users/user/NVIDIA-OpenSMA/src/nv/emulation/pca9555.cpp line 323 column 5 function correct_direction_violations_and_apply'

[Counterexample]


State 1 file /Users/user/NVIDIA-OpenSMA/verification/harnesses/pca9555_harness.cpp line 91 column 5 function f_direction_constraint thread 0
----------------------------------------------------
  req_out = 128 (10000000)

State 2 file /Users/user/NVIDIA-OpenSMA/verification/harnesses/pca9555_harness.cpp line 92 column 5 function f_direction_constraint thread 0
----------------------------------------------------
  req_in = 0 (00000000)

State 4 file /Users/user/NVIDIA-OpenSMA/verification/harnesses/pca9555_harness.cpp line 96 column 5 function f_direction_constraint thread 0
----------------------------------------------------
  dev = { ._active_register=0, ._active_bank=0, ._new_command=1, .interrupt_low_vector={ .elems={ 255, 255 } },
    .state_at_last_interrupt_check={ .elems = { 0 } },
    ._gpio_pin_state={ .elems = { 0 } },
    ._gpio_output={ .elems={ 255, 255 } },
    ._gpio_inversion_enable={ .elems = { 0 } },
    ._gpio_direction_config={ .elems={ 127, 255 } },
    ._required_outputs={ .elems={ 128, 0 } },
    ._required_inputs={ .elems = { 0 } },
    .anon_pad$11=65280 }

State 6 file /Users/user/NVIDIA-OpenSMA/verification/harnesses/pca9555_harness.cpp line 98 column 5 function f_direction_constraint thread 0
----------------------------------------------------
  bank = 0 (00000000 00000000 00000000 00000000)

State 9 file /Users/user/NVIDIA-OpenSMA/verification/harnesses/pca9555_harness.cpp line 99 column 5 function f_direction_constraint thread 0
----------------------------------------------------
  cmd = 6 (00000110)

State 10 file /Users/user/NVIDIA-OpenSMA/verification/harnesses/pca9555_harness.cpp line 101 column 5 function f_direction_constraint thread 0
----------------------------------------------------
  new_dir = 128 (10000000)

State 11 file /Users/user/NVIDIA-OpenSMA/verification/harnesses/pca9555_harness.cpp line 105 column 5 function f_direction_constraint thread 0
----------------------------------------------------
  *return_value$_operator[]$6 = { .elems={ cmd?1!0&0#1, 0, 0, 0, 0, 0, 0, 0, 0, 0, 0, 0, 0, 0, 0, 0, 0, 0, 0, 0, 0, 0, 0, 0, 0, 0, 0, 0, 0, 0, 0, 0, 0, 0, 0 } }

State 12 file /Users/user/NVIDIA-OpenSMA/verification/harnesses/pca9555_harness.cpp line 106 column 5 function f_direction_constraint thread 0
----------------------------------------------------
  *return_value$_operator[]$7 = { .elems=128 }

State 15 file /Users/user/NVIDIA-OpenSMA/src/nv/emulation/pca9555.cpp line 319 column 5 function correct_direction_violations_and_apply thread 0
----------------------------------------------------
  *return_value$_at$1 = ( class nv::emulation::Pca9555 { unsigned int _active_register; unsigned int _active_bank; _Bool _new_command;  struct std::array<unsigned char, 2> { unsigned char [2] elems; }interrupt_low_vector;  struct std::array<unsigned char, 2> { unsigned char [2] elems; }state_at_last_interrupt_check;  struct std::array<unsigned char, 2> { unsigned char [2] elems; }_gpio_pin_state;  struct std::array<unsigned char, 2> { unsigned char [2] elems; }_gpio_output;  struct std::array<unsigned char, 2> { unsigned char [2] elems; }_gpio_inversion_enable;  struct std::array<unsigned char, 2> { unsigned char [2] elems; }_gpio_direction_config;  struct std::array<unsigned char, 2> { unsigned char [2] elems; }_required_outputs;  struct std::array<unsigned char, 2> { unsigned char [2] elems; }_required_inputs; unsigned _ExtInt(24) anon_pad$11; })(byte_update_little_endian((unsigned _ExtInt(224))({ ._active_register=0, ._active_bank=0, ._new_command=1, .interrupt_low_vector={ .elems={ 255, 255 } },
    .state_at_last_interrupt_check={ .elems = { 0 } },
    ._gpio_pin_state={ .elems = { 0 } },
    ._gpio_output={ .elems={ 255, 255 } },
    ._gpio_inversion_enable={ .elems = { 0 } },
    ._gpio_direction_config={ .elems={ 127, 255 } },
    ._required_outputs={ .elems={ 128, 0 } },
    ._required_inputs={ .elems = { 0 } },
    .anon_pad$11=65280 }), 19, (unsigned char)(((signed int)((unsigned char)(128 | (signed int)(byte_extract_little_endian((unsigned _ExtInt(224))({ ._active_register=0, ._active_bank=0, ._new_command=1, .interrupt_low_vector={ .elems={ 255, 255 } },
    .state_at_last_interrupt_check={ .elems = { 0 } },
    ._gpio_pin_state={ .elems = { 0 } },
    ._gpio_output={ .elems={ 255, 255 } },
    ._gpio_inversion_enable={ .elems = { 0 } },
    ._gpio_direction_config={ .elems={ 127, 255 } },
    ._required_outputs={ .elems={ 128, 0 } },
    ._required_inputs={ .elems = { 0 } },
    .anon_pad$11=65280 }), 23))))) & (signed int)((unsigned char)(~((signed int)(byte_extract_little_endian((unsigned _ExtInt(224))({ ._active_register=0, ._active_bank=0, ._new_command=1, .interrupt_low_vector={ .elems={ 255, 255 } },
    .state_at_last_interrupt_check={ .elems = { 0 } },
    ._gpio_pin_state={ .elems = { 0 } },
    ._gpio_output={ .elems={ 255, 255 } },
    ._gpio_inversion_enable={ .elems = { 0 } },
    ._gpio_direction_config={ .elems={ 127, 255 } },
    ._required_outputs={ .elems={ 128, 0 } },
    ._required_inputs={ .elems = { 0 } },
    .anon_pad$11=65280 }), 21))))))))

State 16 file /Users/user/NVIDIA-OpenSMA/src/nv/emulation/pca9555.cpp line 323 column 5 function correct_direction_violations_and_apply thread 0
----------------------------------------------------
Violated property:
  file /Users/user/NVIDIA-OpenSMA/src/nv/emulation/pca9555.cpp line 323 column 5 function correct_direction_violations_and_apply
  (signed int)target_direction::0 != (signed int)(*return_value$_at$4)
  (signed int)target_direction::0 == (signed int)(*return_value$_at$4)

Slicing time: 0.002s (removed 108 assignments)
No solver specified; defaulting to bitwuzla
Solving claim '(signed int)target_direction::0 == (signed int)(*return_value$_at$4) at file /Users/user/NVIDIA-OpenSMA/src/nv/emulation/pca9555.cpp line 323 column 5 function correct_direction_violations_and_apply' with solver Bitwuzla 0.8.2
Encoding remaining VCC(s) using bit-vector/floating-point arithmetic
Encoding to solver time: 0.022s
Solving with solver Bitwuzla 0.8.2
Runtime decision procedure: 0.007s
✗ FAILED: '(signed int)target_direction::0 == (signed int)(*return_value$_at$4) at file /Users/user/NVIDIA-OpenSMA/src/nv/emulation/pca9555.cpp line 323 column 5 function correct_direction_violations_and_apply'

[Counterexample]


State 1 file /Users/user/NVIDIA-OpenSMA/verification/harnesses/pca9555_harness.cpp line 91 column 5 function f_direction_constraint thread 0
----------------------------------------------------
  req_out = 255 (11111111)

State 2 file /Users/user/NVIDIA-OpenSMA/verification/harnesses/pca9555_harness.cpp line 92 column 5 function f_direction_constraint thread 0
----------------------------------------------------
  req_in = 0 (00000000)

State 4 file /Users/user/NVIDIA-OpenSMA/verification/harnesses/pca9555_harness.cpp line 96 column 5 function f_direction_constraint thread 0
----------------------------------------------------
  dev = { ._active_register=0, ._active_bank=0, ._new_command=1, .interrupt_low_vector={ .elems={ 255, 255 } },
    .state_at_last_interrupt_check={ .elems = { 0 } },
    ._gpio_pin_state={ .elems = { 0 } },
    ._gpio_output={ .elems={ 255, 255 } },
    ._gpio_inversion_enable={ .elems = { 0 } },
    ._gpio_direction_config={ .elems={ 0, 255 } },
    ._required_outputs={ .elems={ 255, 0 } },
    ._required_inputs={ .elems = { 0 } },
    .anon_pad$11=16711935 }

State 6 file /Users/user/NVIDIA-OpenSMA/verification/harnesses/pca9555_harness.cpp line 98 column 5 function f_direction_constraint thread 0
----------------------------------------------------
  bank = 1 (00000000 00000000 00000000 00000001)

State 9 file /Users/user/NVIDIA-OpenSMA/verification/harnesses/pca9555_harness.cpp line 99 column 5 function f_direction_constraint thread 0
----------------------------------------------------
  cmd = 7 (00000111)

State 10 file /Users/user/NVIDIA-OpenSMA/verification/harnesses/pca9555_harness.cpp line 101 column 5 function f_direction_constraint thread 0
----------------------------------------------------
  new_dir = 0 (00000000)

State 11 file /Users/user/NVIDIA-OpenSMA/verification/harnesses/pca9555_harness.cpp line 105 column 5 function f_direction_constraint thread 0
----------------------------------------------------
  *return_value$_operator[]$6 = { .elems={ cmd?1!0&0#1, 0, 0, 0, 0, 0, 0, 0, 0, 0, 0, 0, 0, 0, 0, 0, 0, 0, 0, 0, 0, 0, 0, 0, 0, 0, 0, 0, 0, 0, 0, 0, 0, 0, 0 } }

State 12 file /Users/user/NVIDIA-OpenSMA/verification/harnesses/pca9555_harness.cpp line 106 column 5 function f_direction_constraint thread 0
----------------------------------------------------
  *return_value$_operator[]$7 = { .elems = 0 }

State 15 file /Users/user/NVIDIA-OpenSMA/src/nv/emulation/pca9555.cpp line 319 column 5 function correct_direction_violations_and_apply thread 0
----------------------------------------------------
  *return_value$_at$1 = ( class nv::emulation::Pca9555 { unsigned int _active_register; unsigned int _active_bank; _Bool _new_command;  struct std::array<unsigned char, 2> { unsigned char [2] elems; }interrupt_low_vector;  struct std::array<unsigned char, 2> { unsigned char [2] elems; }state_at_last_interrupt_check;  struct std::array<unsigned char, 2> { unsigned char [2] elems; }_gpio_pin_state;  struct std::array<unsigned char, 2> { unsigned char [2] elems; }_gpio_output;  struct std::array<unsigned char, 2> { unsigned char [2] elems; }_gpio_inversion_enable;  struct std::array<unsigned char, 2> { unsigned char [2] elems; }_gpio_direction_config;  struct std::array<unsigned char, 2> { unsigned char [2] elems; }_required_outputs;  struct std::array<unsigned char, 2> { unsigned char [2] elems; }_required_inputs; unsigned _ExtInt(24) anon_pad$11; })(byte_update_little_endian((unsigned _ExtInt(224))({ ._active_register=0, ._active_bank=0, ._new_command=1, .interrupt_low_vector={ .elems={ 255, 255 } },
    .state_at_last_interrupt_check={ .elems = { 0 } },
    ._gpio_pin_state={ .elems = { 0 } },
    ._gpio_output={ .elems={ 255, 255 } },
    ._gpio_inversion_enable={ .elems = { 0 } },
    ._gpio_direction_config={ .elems={ 0, 255 } },
    ._required_outputs={ .elems={ 255, 0 } },
    ._required_inputs={ .elems = { 0 } },
    .anon_pad$11=16711935 }), 20, (unsigned char)((signed int)((unsigned char)((signed int)(byte_extract_little_endian((unsigned _ExtInt(224))({ ._active_register=0, ._active_bank=0, ._new_command=1, .interrupt_low_vector={ .elems={ 255, 255 } },
    .state_at_last_interrupt_check={ .elems = { 0 } },
    ._gpio_pin_state={ .elems = { 0 } },
    ._gpio_output={ .elems={ 255, 255 } },
    ._gpio_inversion_enable={ .elems = { 0 } },
    ._gpio_direction_config={ .elems={ 0, 255 } },
    ._required_outputs={ .elems={ 255, 0 } },
    ._required_inputs={ .elems = { 0 } },
    .anon_pad$11=16711935 }), 24)))) & (signed int)((unsigned char)(~((signed int)(byte_extract_little_endian((unsigned _ExtInt(224))({ ._active_register=0, ._active_bank=0, ._new_command=1, .interrupt_low_vector={ .elems={ 255, 255 } },
    .state_at_last_interrupt_check={ .elems = { 0 } },
    ._gpio_pin_state={ .elems = { 0 } },
    ._gpio_output={ .elems={ 255, 255 } },
    ._gpio_inversion_enable={ .elems = { 0 } },
    ._gpio_direction_config={ .elems={ 0, 255 } },
    ._required_outputs={ .elems={ 255, 0 } },
    ._required_inputs={ .elems = { 0 } },
    .anon_pad$11=16711935 }), 22))))))))

State 16 file /Users/user/NVIDIA-OpenSMA/src/nv/emulation/pca9555.cpp line 323 column 5 function correct_direction_violations_and_apply thread 0
----------------------------------------------------
Violated property:
  file /Users/user/NVIDIA-OpenSMA/src/nv/emulation/pca9555.cpp line 323 column 5 function correct_direction_violations_and_apply
  (signed int)target_direction::0 == (signed int)(*return_value$_at$4)
  (signed int)target_direction::0 != (signed int)(*return_value$_at$4)

Slicing time: 0.002s (removed 146 assignments)
No solver specified; defaulting to bitwuzla
Solving claim '(signed int)CommandRegister == 0 && (signed int)CommandRegister == 1 && (signed int)CommandRegister == 2 && (signed int)CommandRegister != 3 at file /Users/user/NVIDIA-OpenSMA/src/nv/emulation/pca9555.cpp line 164 column 18 function i2c_write' with solver Bitwuzla 0.8.2
Encoding remaining VCC(s) using bit-vector/floating-point arithmetic
Encoding to solver time: 0.018s
Solving with solver Bitwuzla 0.8.2
Runtime decision procedure: 0.004s
✓ PASSED: '(signed int)CommandRegister == 0 && (signed int)CommandRegister == 1 && (signed int)CommandRegister == 2 && (signed int)CommandRegister != 3 at file /Users/user/NVIDIA-OpenSMA/src/nv/emulation/pca9555.cpp line 164 column 18 function i2c_write'
Slicing time: 0.002s (removed 146 assignments)
No solver specified; defaulting to bitwuzla
Solving claim '(signed int)CommandRegister == 0 && (signed int)CommandRegister == 1 && (signed int)CommandRegister == 2 && (signed int)CommandRegister == 3 at file /Users/user/NVIDIA-OpenSMA/src/nv/emulation/pca9555.cpp line 164 column 18 function i2c_write' with solver Bitwuzla 0.8.2
Encoding remaining VCC(s) using bit-vector/floating-point arithmetic
Encoding to solver time: 0.017s
Solving with solver Bitwuzla 0.8.2
Runtime decision procedure: 0.004s
✓ PASSED: '(signed int)CommandRegister == 0 && (signed int)CommandRegister == 1 && (signed int)CommandRegister == 2 && (signed int)CommandRegister == 3 at file /Users/user/NVIDIA-OpenSMA/src/nv/emulation/pca9555.cpp line 164 column 18 function i2c_write'
Slicing time: 0.002s (removed 146 assignments)
No solver specified; defaulting to bitwuzla
Solving claim '(signed int)CommandRegister != 0 && (signed int)CommandRegister == 1 && (signed int)CommandRegister == 2 && (signed int)CommandRegister != 3 at file /Users/user/NVIDIA-OpenSMA/src/nv/emulation/pca9555.cpp line 164 column 18 function i2c_write' with solver Bitwuzla 0.8.2
Encoding remaining VCC(s) using bit-vector/floating-point arithmetic
Encoding to solver time: 0.018s
Solving with solver Bitwuzla 0.8.2
Runtime decision procedure: 0.004s
✓ PASSED: '(signed int)CommandRegister != 0 && (signed int)CommandRegister == 1 && (signed int)CommandRegister == 2 && (signed int)CommandRegister != 3 at file /Users/user/NVIDIA-OpenSMA/src/nv/emulation/pca9555.cpp line 164 column 18 function i2c_write'
Slicing time: 0.002s (removed 146 assignments)
No solver specified; defaulting to bitwuzla
Solving claim '(signed int)CommandRegister != 0 && (signed int)CommandRegister == 1 && (signed int)CommandRegister == 2 && (signed int)CommandRegister == 3 at file /Users/user/NVIDIA-OpenSMA/src/nv/emulation/pca9555.cpp line 164 column 18 function i2c_write' with solver Bitwuzla 0.8.2
Encoding remaining VCC(s) using bit-vector/floating-point arithmetic
Encoding to solver time: 0.017s
Solving with solver Bitwuzla 0.8.2
Runtime decision procedure: 0.005s
✓ PASSED: '(signed int)CommandRegister != 0 && (signed int)CommandRegister == 1 && (signed int)CommandRegister == 2 && (signed int)CommandRegister == 3 at file /Users/user/NVIDIA-OpenSMA/src/nv/emulation/pca9555.cpp line 164 column 18 function i2c_write'
Slicing time: 0.002s (removed 146 assignments)
No solver specified; defaulting to bitwuzla
Solving claim '(signed int)CommandRegister == 0 && (signed int)CommandRegister != 1 && (signed int)CommandRegister == 2 && (signed int)CommandRegister != 3 at file /Users/user/NVIDIA-OpenSMA/src/nv/emulation/pca9555.cpp line 164 column 18 function i2c_write' with solver Bitwuzla 0.8.2
Encoding remaining VCC(s) using bit-vector/floating-point arithmetic
Encoding to solver time: 0.018s
Solving with solver Bitwuzla 0.8.2
Runtime decision procedure: 0.005s
✓ PASSED: '(signed int)CommandRegister == 0 && (signed int)CommandRegister != 1 && (signed int)CommandRegister == 2 && (signed int)CommandRegister != 3 at file /Users/user/NVIDIA-OpenSMA/src/nv/emulation/pca9555.cpp line 164 column 18 function i2c_write'
Slicing time: 0.002s (removed 146 assignments)
No solver specified; defaulting to bitwuzla
Solving claim '(signed int)CommandRegister == 0 && (signed int)CommandRegister != 1 && (signed int)CommandRegister == 2 && (signed int)CommandRegister == 3 at file /Users/user/NVIDIA-OpenSMA/src/nv/emulation/pca9555.cpp line 164 column 18 function i2c_write' with solver Bitwuzla 0.8.2
Encoding remaining VCC(s) using bit-vector/floating-point arithmetic
Encoding to solver time: 0.019s
Solving with solver Bitwuzla 0.8.2
Runtime decision procedure: 0.005s
✓ PASSED: '(signed int)CommandRegister == 0 && (signed int)CommandRegister != 1 && (signed int)CommandRegister == 2 && (signed int)CommandRegister == 3 at file /Users/user/NVIDIA-OpenSMA/src/nv/emulation/pca9555.cpp line 164 column 18 function i2c_write'
Slicing time: 0.002s (removed 146 assignments)
No solver specified; defaulting to bitwuzla
Solving claim '(signed int)CommandRegister != 0 && (signed int)CommandRegister != 1 && (signed int)CommandRegister == 2 && (signed int)CommandRegister != 3 at file /Users/user/NVIDIA-OpenSMA/src/nv/emulation/pca9555.cpp line 164 column 18 function i2c_write' with solver Bitwuzla 0.8.2
Encoding remaining VCC(s) using bit-vector/floating-point arithmetic
Encoding to solver time: 0.018s
Solving with solver Bitwuzla 0.8.2
Runtime decision procedure: 0.005s
✓ PASSED: '(signed int)CommandRegister != 0 && (signed int)CommandRegister != 1 && (signed int)CommandRegister == 2 && (signed int)CommandRegister != 3 at file /Users/user/NVIDIA-OpenSMA/src/nv/emulation/pca9555.cpp line 164 column 18 function i2c_write'
Slicing time: 0.002s (removed 146 assignments)
No solver specified; defaulting to bitwuzla
Solving claim '(signed int)CommandRegister != 0 && (signed int)CommandRegister != 1 && (signed int)CommandRegister == 2 && (signed int)CommandRegister == 3 at file /Users/user/NVIDIA-OpenSMA/src/nv/emulation/pca9555.cpp line 164 column 18 function i2c_write' with solver Bitwuzla 0.8.2
Encoding remaining VCC(s) using bit-vector/floating-point arithmetic
Encoding to solver time: 0.018s
Solving with solver Bitwuzla 0.8.2
Runtime decision procedure: 0.004s
✓ PASSED: '(signed int)CommandRegister != 0 && (signed int)CommandRegister != 1 && (signed int)CommandRegister == 2 && (signed int)CommandRegister == 3 at file /Users/user/NVIDIA-OpenSMA/src/nv/emulation/pca9555.cpp line 164 column 18 function i2c_write'
Slicing time: 0.003s (removed 146 assignments)
No solver specified; defaulting to bitwuzla
Solving claim '(signed int)CommandRegister == 0 && (signed int)CommandRegister == 1 && (signed int)CommandRegister != 2 && (signed int)CommandRegister != 3 at file /Users/user/NVIDIA-OpenSMA/src/nv/emulation/pca9555.cpp line 164 column 18 function i2c_write' with solver Bitwuzla 0.8.2
Encoding remaining VCC(s) using bit-vector/floating-point arithmetic
Encoding to solver time: 0.018s
Solving with solver Bitwuzla 0.8.2
Runtime decision procedure: 0.004s
✓ PASSED: '(signed int)CommandRegister == 0 && (signed int)CommandRegister == 1 && (signed int)CommandRegister != 2 && (signed int)CommandRegister != 3 at file /Users/user/NVIDIA-OpenSMA/src/nv/emulation/pca9555.cpp line 164 column 18 function i2c_write'
Slicing time: 0.002s (removed 146 assignments)
No solver specified; defaulting to bitwuzla
Solving claim '(signed int)CommandRegister == 0 && (signed int)CommandRegister == 1 && (signed int)CommandRegister != 2 && (signed int)CommandRegister == 3 at file /Users/user/NVIDIA-OpenSMA/src/nv/emulation/pca9555.cpp line 164 column 18 function i2c_write' with solver Bitwuzla 0.8.2
Encoding remaining VCC(s) using bit-vector/floating-point arithmetic
Encoding to solver time: 0.018s
Solving with solver Bitwuzla 0.8.2
Runtime decision procedure: 0.004s
✓ PASSED: '(signed int)CommandRegister == 0 && (signed int)CommandRegister == 1 && (signed int)CommandRegister != 2 && (signed int)CommandRegister == 3 at file /Users/user/NVIDIA-OpenSMA/src/nv/emulation/pca9555.cpp line 164 column 18 function i2c_write'
Slicing time: 0.003s (removed 146 assignments)
No solver specified; defaulting to bitwuzla
Solving claim '(signed int)CommandRegister != 0 && (signed int)CommandRegister == 1 && (signed int)CommandRegister != 2 && (signed int)CommandRegister != 3 at file /Users/user/NVIDIA-OpenSMA/src/nv/emulation/pca9555.cpp line 164 column 18 function i2c_write' with solver Bitwuzla 0.8.2
Encoding remaining VCC(s) using bit-vector/floating-point arithmetic
Encoding to solver time: 0.018s
Solving with solver Bitwuzla 0.8.2
Runtime decision procedure: 0.005s
✓ PASSED: '(signed int)CommandRegister != 0 && (signed int)CommandRegister == 1 && (signed int)CommandRegister != 2 && (signed int)CommandRegister != 3 at file /Users/user/NVIDIA-OpenSMA/src/nv/emulation/pca9555.cpp line 164 column 18 function i2c_write'
Slicing time: 0.002s (removed 146 assignments)
No solver specified; defaulting to bitwuzla
Solving claim '(signed int)CommandRegister != 0 && (signed int)CommandRegister == 1 && (signed int)CommandRegister != 2 && (signed int)CommandRegister == 3 at file /Users/user/NVIDIA-OpenSMA/src/nv/emulation/pca9555.cpp line 164 column 18 function i2c_write' with solver Bitwuzla 0.8.2
Encoding remaining VCC(s) using bit-vector/floating-point arithmetic
Encoding to solver time: 0.018s
Solving with solver Bitwuzla 0.8.2
Runtime decision procedure: 0.005s
✓ PASSED: '(signed int)CommandRegister != 0 && (signed int)CommandRegister == 1 && (signed int)CommandRegister != 2 && (signed int)CommandRegister == 3 at file /Users/user/NVIDIA-OpenSMA/src/nv/emulation/pca9555.cpp line 164 column 18 function i2c_write'
Slicing time: 0.002s (removed 146 assignments)
No solver specified; defaulting to bitwuzla
Solving claim '(signed int)CommandRegister == 0 && (signed int)CommandRegister != 1 && (signed int)CommandRegister != 2 && (signed int)CommandRegister != 3 at file /Users/user/NVIDIA-OpenSMA/src/nv/emulation/pca9555.cpp line 164 column 18 function i2c_write' with solver Bitwuzla 0.8.2
Encoding remaining VCC(s) using bit-vector/floating-point arithmetic
Encoding to solver time: 0.018s
Solving with solver Bitwuzla 0.8.2
Runtime decision procedure: 0.004s
✓ PASSED: '(signed int)CommandRegister == 0 && (signed int)CommandRegister != 1 && (signed int)CommandRegister != 2 && (signed int)CommandRegister != 3 at file /Users/user/NVIDIA-OpenSMA/src/nv/emulation/pca9555.cpp line 164 column 18 function i2c_write'
Slicing time: 0.002s (removed 146 assignments)
No solver specified; defaulting to bitwuzla
Solving claim '(signed int)CommandRegister == 0 && (signed int)CommandRegister != 1 && (signed int)CommandRegister != 2 && (signed int)CommandRegister == 3 at file /Users/user/NVIDIA-OpenSMA/src/nv/emulation/pca9555.cpp line 164 column 18 function i2c_write' with solver Bitwuzla 0.8.2
Encoding remaining VCC(s) using bit-vector/floating-point arithmetic
Encoding to solver time: 0.018s
Solving with solver Bitwuzla 0.8.2
Runtime decision procedure: 0.004s
✓ PASSED: '(signed int)CommandRegister == 0 && (signed int)CommandRegister != 1 && (signed int)CommandRegister != 2 && (signed int)CommandRegister == 3 at file /Users/user/NVIDIA-OpenSMA/src/nv/emulation/pca9555.cpp line 164 column 18 function i2c_write'
Slicing time: 0.002s (removed 146 assignments)
No solver specified; defaulting to bitwuzla
Solving claim '(signed int)CommandRegister != 0 && (signed int)CommandRegister != 1 && (signed int)CommandRegister != 2 && (signed int)CommandRegister != 3 at file /Users/user/NVIDIA-OpenSMA/src/nv/emulation/pca9555.cpp line 164 column 18 function i2c_write' with solver Bitwuzla 0.8.2
Encoding remaining VCC(s) using bit-vector/floating-point arithmetic
Encoding to solver time: 0.017s
Solving with solver Bitwuzla 0.8.2
Runtime decision procedure: 0.005s
✓ PASSED: '(signed int)CommandRegister != 0 && (signed int)CommandRegister != 1 && (signed int)CommandRegister != 2 && (signed int)CommandRegister != 3 at file /Users/user/NVIDIA-OpenSMA/src/nv/emulation/pca9555.cpp line 164 column 18 function i2c_write'
Slicing time: 0.002s (removed 146 assignments)
No solver specified; defaulting to bitwuzla
Solving claim '(signed int)CommandRegister != 0 && (signed int)CommandRegister != 1 && (signed int)CommandRegister != 2 && (signed int)CommandRegister == 3 at file /Users/user/NVIDIA-OpenSMA/src/nv/emulation/pca9555.cpp line 164 column 18 function i2c_write' with solver Bitwuzla 0.8.2
Encoding remaining VCC(s) using bit-vector/floating-point arithmetic
Encoding to solver time: 0.018s
Solving with solver Bitwuzla 0.8.2
Runtime decision procedure: 0.005s
✗ FAILED: '(signed int)CommandRegister != 0 && (signed int)CommandRegister != 1 && (signed int)CommandRegister != 2 && (signed int)CommandRegister == 3 at file /Users/user/NVIDIA-OpenSMA/src/nv/emulation/pca9555.cpp line 164 column 18 function i2c_write'

[Counterexample]


State 1 file /Users/user/NVIDIA-OpenSMA/verification/harnesses/pca9555_harness.cpp line 91 column 5 function f_direction_constraint thread 0
----------------------------------------------------
  req_out = 0 (00000000)

State 2 file /Users/user/NVIDIA-OpenSMA/verification/harnesses/pca9555_harness.cpp line 92 column 5 function f_direction_constraint thread 0
----------------------------------------------------
  req_in = 0 (00000000)

State 5 file /Users/user/NVIDIA-OpenSMA/verification/harnesses/pca9555_harness.cpp line 98 column 5 function f_direction_constraint thread 0
----------------------------------------------------
  bank = 0 (00000000 00000000 00000000 00000000)

State 8 file /Users/user/NVIDIA-OpenSMA/verification/harnesses/pca9555_harness.cpp line 99 column 5 function f_direction_constraint thread 0
----------------------------------------------------
  cmd = 6 (00000110)

State 9 file /Users/user/NVIDIA-OpenSMA/verification/harnesses/pca9555_harness.cpp line 101 column 5 function f_direction_constraint thread 0
----------------------------------------------------
  new_dir = 0 (00000000)

State 10 file /Users/user/NVIDIA-OpenSMA/verification/harnesses/pca9555_harness.cpp line 105 column 5 function f_direction_constraint thread 0
----------------------------------------------------
  *return_value$_operator[]$6 = { .elems={ cmd?1!0&0#1, 0, 0, 0, 0, 0, 0, 0, 0, 0, 0, 0, 0, 0, 0, 0, 0, 0, 0, 0, 0, 0, 0, 0, 0, 0, 0, 0, 0, 0, 0, 0, 0, 0, 0 } }

State 11 file /Users/user/NVIDIA-OpenSMA/verification/harnesses/pca9555_harness.cpp line 106 column 5 function f_direction_constraint thread 0
----------------------------------------------------
  *return_value$_operator[]$7 = { .elems = 0 }

State 14 file /Users/user/NVIDIA-OpenSMA/src/nv/emulation/pca9555.cpp line 164 column 18 function i2c_write thread 0
----------------------------------------------------
Violated property:
  file /Users/user/NVIDIA-OpenSMA/src/nv/emulation/pca9555.cpp line 164 column 18 function i2c_write
  (signed int)CommandRegister != 0 && (signed int)CommandRegister != 1 && (signed int)CommandRegister != 2 && (signed int)CommandRegister == 3
  (signed int)CommandRegister == 0 || (signed int)CommandRegister == 1 || (signed int)CommandRegister == 2 || (signed int)CommandRegister != 3

Slicing time: 0.002s (removed 146 assignments)
No solver specified; defaulting to bitwuzla
Solving claim '(signed int)i < (signed int)data_length::1 && (signed int)CommandRegister == 0 && (signed int)CommandRegister == 1 && (signed int)CommandRegister != 2 at file /Users/user/NVIDIA-OpenSMA/src/nv/emulation/pca9555.cpp line 158 column 18 function i2c_write' with solver Bitwuzla 0.8.2
Encoding remaining VCC(s) using bit-vector/floating-point arithmetic
Encoding to solver time: 0.018s
Solving with solver Bitwuzla 0.8.2
Runtime decision procedure: 0.004s
✓ PASSED: '(signed int)i < (signed int)data_length::1 && (signed int)CommandRegister == 0 && (signed int)CommandRegister == 1 && (signed int)CommandRegister != 2 at file /Users/user/NVIDIA-OpenSMA/src/nv/emulation/pca9555.cpp line 158 column 18 function i2c_write'
Slicing time: 0.002s (removed 146 assignments)
No solver specified; defaulting to bitwuzla
Solving claim '(signed int)i < (signed int)data_length::1 && (signed int)CommandRegister == 0 && (signed int)CommandRegister == 1 && (signed int)CommandRegister == 2 at file /Users/user/NVIDIA-OpenSMA/src/nv/emulation/pca9555.cpp line 158 column 18 function i2c_write' with solver Bitwuzla 0.8.2
Encoding remaining VCC(s) using bit-vector/floating-point arithmetic
Encoding to solver time: 0.017s
Solving with solver Bitwuzla 0.8.2
Runtime decision procedure: 0.005s
✓ PASSED: '(signed int)i < (signed int)data_length::1 && (signed int)CommandRegister == 0 && (signed int)CommandRegister == 1 && (signed int)CommandRegister == 2 at file /Users/user/NVIDIA-OpenSMA/src/nv/emulation/pca9555.cpp line 158 column 18 function i2c_write'
Slicing time: 0.002s (removed 146 assignments)
No solver specified; defaulting to bitwuzla
Solving claim '(signed int)i < (signed int)data_length::1 && (signed int)CommandRegister != 0 && (signed int)CommandRegister == 1 && (signed int)CommandRegister != 2 at file /Users/user/NVIDIA-OpenSMA/src/nv/emulation/pca9555.cpp line 158 column 18 function i2c_write' with solver Bitwuzla 0.8.2
Encoding remaining VCC(s) using bit-vector/floating-point arithmetic
Encoding to solver time: 0.018s
Solving with solver Bitwuzla 0.8.2
Runtime decision procedure: 0.004s
✓ PASSED: '(signed int)i < (signed int)data_length::1 && (signed int)CommandRegister != 0 && (signed int)CommandRegister == 1 && (signed int)CommandRegister != 2 at file /Users/user/NVIDIA-OpenSMA/src/nv/emulation/pca9555.cpp line 158 column 18 function i2c_write'
Slicing time: 0.002s (removed 146 assignments)
No solver specified; defaulting to bitwuzla
Solving claim '(signed int)i < (signed int)data_length::1 && (signed int)CommandRegister != 0 && (signed int)CommandRegister == 1 && (signed int)CommandRegister == 2 at file /Users/user/NVIDIA-OpenSMA/src/nv/emulation/pca9555.cpp line 158 column 18 function i2c_write' with solver Bitwuzla 0.8.2
Encoding remaining VCC(s) using bit-vector/floating-point arithmetic
Encoding to solver time: 0.018s
Solving with solver Bitwuzla 0.8.2
Runtime decision procedure: 0.004s
✓ PASSED: '(signed int)i < (signed int)data_length::1 && (signed int)CommandRegister != 0 && (signed int)CommandRegister == 1 && (signed int)CommandRegister == 2 at file /Users/user/NVIDIA-OpenSMA/src/nv/emulation/pca9555.cpp line 158 column 18 function i2c_write'
Slicing time: 0.002s (removed 146 assignments)
No solver specified; defaulting to bitwuzla
Solving claim '(signed int)i < (signed int)data_length::1 && (signed int)CommandRegister == 0 && (signed int)CommandRegister != 1 && (signed int)CommandRegister != 2 at file /Users/user/NVIDIA-OpenSMA/src/nv/emulation/pca9555.cpp line 158 column 18 function i2c_write' with solver Bitwuzla 0.8.2
Encoding remaining VCC(s) using bit-vector/floating-point arithmetic
Encoding to solver time: 0.018s
Solving with solver Bitwuzla 0.8.2
Runtime decision procedure: 0.004s
✓ PASSED: '(signed int)i < (signed int)data_length::1 && (signed int)CommandRegister == 0 && (signed int)CommandRegister != 1 && (signed int)CommandRegister != 2 at file /Users/user/NVIDIA-OpenSMA/src/nv/emulation/pca9555.cpp line 158 column 18 function i2c_write'
Slicing time: 0.002s (removed 146 assignments)
No solver specified; defaulting to bitwuzla
Solving claim '(signed int)i < (signed int)data_length::1 && (signed int)CommandRegister == 0 && (signed int)CommandRegister != 1 && (signed int)CommandRegister == 2 at file /Users/user/NVIDIA-OpenSMA/src/nv/emulation/pca9555.cpp line 158 column 18 function i2c_write' with solver Bitwuzla 0.8.2
Encoding remaining VCC(s) using bit-vector/floating-point arithmetic
Encoding to solver time: 0.018s
Solving with solver Bitwuzla 0.8.2
Runtime decision procedure: 0.005s
✓ PASSED: '(signed int)i < (signed int)data_length::1 && (signed int)CommandRegister == 0 && (signed int)CommandRegister != 1 && (signed int)CommandRegister == 2 at file /Users/user/NVIDIA-OpenSMA/src/nv/emulation/pca9555.cpp line 158 column 18 function i2c_write'
Slicing time: 0.002s (removed 146 assignments)
No solver specified; defaulting to bitwuzla
Solving claim '(signed int)i < (signed int)data_length::1 && (signed int)CommandRegister != 0 && (signed int)CommandRegister != 1 && (signed int)CommandRegister != 2 at file /Users/user/NVIDIA-OpenSMA/src/nv/emulation/pca9555.cpp line 158 column 18 function i2c_write' with solver Bitwuzla 0.8.2
Encoding remaining VCC(s) using bit-vector/floating-point arithmetic
Encoding to solver time: 0.018s
Solving with solver Bitwuzla 0.8.2
Runtime decision procedure: 0.005s
✗ FAILED: '(signed int)i < (signed int)data_length::1 && (signed int)CommandRegister != 0 && (signed int)CommandRegister != 1 && (signed int)CommandRegister != 2 at file /Users/user/NVIDIA-OpenSMA/src/nv/emulation/pca9555.cpp line 158 column 18 function i2c_write'

[Counterexample]


State 1 file /Users/user/NVIDIA-OpenSMA/verification/harnesses/pca9555_harness.cpp line 91 column 5 function f_direction_constraint thread 0
----------------------------------------------------
  req_out = 0 (00000000)

State 2 file /Users/user/NVIDIA-OpenSMA/verification/harnesses/pca9555_harness.cpp line 92 column 5 function f_direction_constraint thread 0
----------------------------------------------------
  req_in = 0 (00000000)

State 5 file /Users/user/NVIDIA-OpenSMA/verification/harnesses/pca9555_harness.cpp line 98 column 5 function f_direction_constraint thread 0
----------------------------------------------------
  bank = 0 (00000000 00000000 00000000 00000000)

State 8 file /Users/user/NVIDIA-OpenSMA/verification/harnesses/pca9555_harness.cpp line 99 column 5 function f_direction_constraint thread 0
----------------------------------------------------
  cmd = 6 (00000110)

State 9 file /Users/user/NVIDIA-OpenSMA/verification/harnesses/pca9555_harness.cpp line 101 column 5 function f_direction_constraint thread 0
----------------------------------------------------
  new_dir = 0 (00000000)

State 10 file /Users/user/NVIDIA-OpenSMA/verification/harnesses/pca9555_harness.cpp line 105 column 5 function f_direction_constraint thread 0
----------------------------------------------------
  *return_value$_operator[]$6 = { .elems={ cmd?1!0&0#1, 0, 0, 0, 0, 0, 0, 0, 0, 0, 0, 0, 0, 0, 0, 0, 0, 0, 0, 0, 0, 0, 0, 0, 0, 0, 0, 0, 0, 0, 0, 0, 0, 0, 0 } }

State 11 file /Users/user/NVIDIA-OpenSMA/verification/harnesses/pca9555_harness.cpp line 106 column 5 function f_direction_constraint thread 0
----------------------------------------------------
  *return_value$_operator[]$7 = { .elems = 0 }

State 14 file /Users/user/NVIDIA-OpenSMA/src/nv/emulation/pca9555.cpp line 158 column 18 function i2c_write thread 0
----------------------------------------------------
Violated property:
  file /Users/user/NVIDIA-OpenSMA/src/nv/emulation/pca9555.cpp line 158 column 18 function i2c_write
  (signed int)i < (signed int)data_length::1 && (signed int)CommandRegister != 0 && (signed int)CommandRegister != 1 && (signed int)CommandRegister != 2
  (signed int)i >= (signed int)data_length::1 || (signed int)CommandRegister == 0 || (signed int)CommandRegister == 1 || (signed int)CommandRegister == 2

Slicing time: 0.002s (removed 146 assignments)
No solver specified; defaulting to bitwuzla
Solving claim '(signed int)i < (signed int)data_length::1 && (signed int)CommandRegister != 0 && (signed int)CommandRegister != 1 && (signed int)CommandRegister == 2 at file /Users/user/NVIDIA-OpenSMA/src/nv/emulation/pca9555.cpp line 158 column 18 function i2c_write' with solver Bitwuzla 0.8.2
Encoding remaining VCC(s) using bit-vector/floating-point arithmetic
Encoding to solver time: 0.018s
Solving with solver Bitwuzla 0.8.2
Runtime decision procedure: 0.005s
✓ PASSED: '(signed int)i < (signed int)data_length::1 && (signed int)CommandRegister != 0 && (signed int)CommandRegister != 1 && (signed int)CommandRegister == 2 at file /Users/user/NVIDIA-OpenSMA/src/nv/emulation/pca9555.cpp line 158 column 18 function i2c_write'
Slicing time: 0.002s (removed 146 assignments)
No solver specified; defaulting to bitwuzla
Solving claim '(signed int)data_length::1 <= 3 && (signed int)i < (signed int)data_length::1 && (signed int)CommandRegister == 0 && (signed int)CommandRegister != 1 at file /Users/user/NVIDIA-OpenSMA/src/nv/emulation/pca9555.cpp line 151 column 18 function i2c_write' with solver Bitwuzla 0.8.2
Encoding remaining VCC(s) using bit-vector/floating-point arithmetic
Encoding to solver time: 0.018s
Solving with solver Bitwuzla 0.8.2
Runtime decision procedure: 0.005s
✓ PASSED: '(signed int)data_length::1 <= 3 && (signed int)i < (signed int)data_length::1 && (signed int)CommandRegister == 0 && (signed int)CommandRegister != 1 at file /Users/user/NVIDIA-OpenSMA/src/nv/emulation/pca9555.cpp line 151 column 18 function i2c_write'
Slicing time: 0.002s (removed 146 assignments)
No solver specified; defaulting to bitwuzla
Solving claim '(signed int)data_length::1 <= 3 && (signed int)i < (signed int)data_length::1 && (signed int)CommandRegister == 0 && (signed int)CommandRegister == 1 at file /Users/user/NVIDIA-OpenSMA/src/nv/emulation/pca9555.cpp line 151 column 18 function i2c_write' with solver Bitwuzla 0.8.2
Encoding remaining VCC(s) using bit-vector/floating-point arithmetic
Encoding to solver time: 0.017s
Solving with solver Bitwuzla 0.8.2
Runtime decision procedure: 0.005s
✓ PASSED: '(signed int)data_length::1 <= 3 && (signed int)i < (signed int)data_length::1 && (signed int)CommandRegister == 0 && (signed int)CommandRegister == 1 at file /Users/user/NVIDIA-OpenSMA/src/nv/emulation/pca9555.cpp line 151 column 18 function i2c_write'
Slicing time: 0.002s (removed 146 assignments)
No solver specified; defaulting to bitwuzla
Solving claim '(signed int)data_length::1 <= 3 && (signed int)i < (signed int)data_length::1 && (signed int)CommandRegister != 0 && (signed int)CommandRegister != 1 at file /Users/user/NVIDIA-OpenSMA/src/nv/emulation/pca9555.cpp line 151 column 18 function i2c_write' with solver Bitwuzla 0.8.2
Encoding remaining VCC(s) using bit-vector/floating-point arithmetic
Encoding to solver time: 0.018s
Solving with solver Bitwuzla 0.8.2
Runtime decision procedure: 0.005s
✗ FAILED: '(signed int)data_length::1 <= 3 && (signed int)i < (signed int)data_length::1 && (signed int)CommandRegister != 0 && (signed int)CommandRegister != 1 at file /Users/user/NVIDIA-OpenSMA/src/nv/emulation/pca9555.cpp line 151 column 18 function i2c_write'

[Counterexample]


State 1 file /Users/user/NVIDIA-OpenSMA/verification/harnesses/pca9555_harness.cpp line 91 column 5 function f_direction_constraint thread 0
----------------------------------------------------
  req_out = 0 (00000000)

State 2 file /Users/user/NVIDIA-OpenSMA/verification/harnesses/pca9555_harness.cpp line 92 column 5 function f_direction_constraint thread 0
----------------------------------------------------
  req_in = 0 (00000000)

State 5 file /Users/user/NVIDIA-OpenSMA/verification/harnesses/pca9555_harness.cpp line 98 column 5 function f_direction_constraint thread 0
----------------------------------------------------
  bank = 0 (00000000 00000000 00000000 00000000)

State 8 file /Users/user/NVIDIA-OpenSMA/verification/harnesses/pca9555_harness.cpp line 99 column 5 function f_direction_constraint thread 0
----------------------------------------------------
  cmd = 6 (00000110)

State 9 file /Users/user/NVIDIA-OpenSMA/verification/harnesses/pca9555_harness.cpp line 101 column 5 function f_direction_constraint thread 0
----------------------------------------------------
  new_dir = 0 (00000000)

State 10 file /Users/user/NVIDIA-OpenSMA/verification/harnesses/pca9555_harness.cpp line 105 column 5 function f_direction_constraint thread 0
----------------------------------------------------
  *return_value$_operator[]$6 = { .elems={ cmd?1!0&0#1, 0, 0, 0, 0, 0, 0, 0, 0, 0, 0, 0, 0, 0, 0, 0, 0, 0, 0, 0, 0, 0, 0, 0, 0, 0, 0, 0, 0, 0, 0, 0, 0, 0, 0 } }

State 11 file /Users/user/NVIDIA-OpenSMA/verification/harnesses/pca9555_harness.cpp line 106 column 5 function f_direction_constraint thread 0
----------------------------------------------------
  *return_value$_operator[]$7 = { .elems = 0 }

State 14 file /Users/user/NVIDIA-OpenSMA/src/nv/emulation/pca9555.cpp line 151 column 18 function i2c_write thread 0
----------------------------------------------------
Violated property:
  file /Users/user/NVIDIA-OpenSMA/src/nv/emulation/pca9555.cpp line 151 column 18 function i2c_write
  (signed int)data_length::1 <= 3 && (signed int)i < (signed int)data_length::1 && (signed int)CommandRegister != 0 && (signed int)CommandRegister != 1
  (signed int)data_length::1 > 3 || (signed int)i >= (signed int)data_length::1 || (signed int)CommandRegister == 0 || (signed int)CommandRegister == 1

Slicing time: 0.002s (removed 146 assignments)
No solver specified; defaulting to bitwuzla
Solving claim '(signed int)data_length::1 <= 3 && (signed int)i < (signed int)data_length::1 && (signed int)CommandRegister != 0 && (signed int)CommandRegister == 1 at file /Users/user/NVIDIA-OpenSMA/src/nv/emulation/pca9555.cpp line 151 column 18 function i2c_write' with solver Bitwuzla 0.8.2
Encoding remaining VCC(s) using bit-vector/floating-point arithmetic
Encoding to solver time: 0.019s
Solving with solver Bitwuzla 0.8.2
Runtime decision procedure: 0.005s
✓ PASSED: '(signed int)data_length::1 <= 3 && (signed int)i < (signed int)data_length::1 && (signed int)CommandRegister != 0 && (signed int)CommandRegister == 1 at file /Users/user/NVIDIA-OpenSMA/src/nv/emulation/pca9555.cpp line 151 column 18 function i2c_write'
Slicing time: 0.002s (removed 146 assignments)
No solver specified; defaulting to bitwuzla
Solving claim '(signed int)data_length::1 != 1 && (signed int)data_length::1 <= 3 && (signed int)i < (signed int)data_length::1 && (signed int)CommandRegister != 0 at file /Users/user/NVIDIA-OpenSMA/src/nv/emulation/pca9555.cpp line 147 column 18 function i2c_write' with solver Bitwuzla 0.8.2
Encoding remaining VCC(s) using bit-vector/floating-point arithmetic
Encoding to solver time: 0.018s
Solving with solver Bitwuzla 0.8.2
Runtime decision procedure: 0.005s
✗ FAILED: '(signed int)data_length::1 != 1 && (signed int)data_length::1 <= 3 && (signed int)i < (signed int)data_length::1 && (signed int)CommandRegister != 0 at file /Users/user/NVIDIA-OpenSMA/src/nv/emulation/pca9555.cpp line 147 column 18 function i2c_write'

[Counterexample]


State 1 file /Users/user/NVIDIA-OpenSMA/verification/harnesses/pca9555_harness.cpp line 91 column 5 function f_direction_constraint thread 0
----------------------------------------------------
  req_out = 0 (00000000)

State 2 file /Users/user/NVIDIA-OpenSMA/verification/harnesses/pca9555_harness.cpp line 92 column 5 function f_direction_constraint thread 0
----------------------------------------------------
  req_in = 0 (00000000)

State 5 file /Users/user/NVIDIA-OpenSMA/verification/harnesses/pca9555_harness.cpp line 98 column 5 function f_direction_constraint thread 0
----------------------------------------------------
  bank = 0 (00000000 00000000 00000000 00000000)

State 8 file /Users/user/NVIDIA-OpenSMA/verification/harnesses/pca9555_harness.cpp line 99 column 5 function f_direction_constraint thread 0
----------------------------------------------------
  cmd = 6 (00000110)

State 9 file /Users/user/NVIDIA-OpenSMA/verification/harnesses/pca9555_harness.cpp line 101 column 5 function f_direction_constraint thread 0
----------------------------------------------------
  new_dir = 0 (00000000)

State 10 file /Users/user/NVIDIA-OpenSMA/verification/harnesses/pca9555_harness.cpp line 105 column 5 function f_direction_constraint thread 0
----------------------------------------------------
  *return_value$_operator[]$6 = { .elems={ cmd?1!0&0#1, 0, 0, 0, 0, 0, 0, 0, 0, 0, 0, 0, 0, 0, 0, 0, 0, 0, 0, 0, 0, 0, 0, 0, 0, 0, 0, 0, 0, 0, 0, 0, 0, 0, 0 } }

State 11 file /Users/user/NVIDIA-OpenSMA/verification/harnesses/pca9555_harness.cpp line 106 column 5 function f_direction_constraint thread 0
----------------------------------------------------
  *return_value$_operator[]$7 = { .elems = 0 }

State 14 file /Users/user/NVIDIA-OpenSMA/src/nv/emulation/pca9555.cpp line 147 column 18 function i2c_write thread 0
----------------------------------------------------
Violated property:
  file /Users/user/NVIDIA-OpenSMA/src/nv/emulation/pca9555.cpp line 147 column 18 function i2c_write
  (signed int)data_length::1 != 1 && (signed int)data_length::1 <= 3 && (signed int)i < (signed int)data_length::1 && (signed int)CommandRegister != 0

Slicing time: 0.002s (removed 146 assignments)
No solver specified; defaulting to bitwuzla
Solving claim '(signed int)data_length::1 != 1 && (signed int)data_length::1 <= 3 && (signed int)i < (signed int)data_length::1 && (signed int)CommandRegister == 0 at file /Users/user/NVIDIA-OpenSMA/src/nv/emulation/pca9555.cpp line 147 column 18 function i2c_write' with solver Bitwuzla 0.8.2
Encoding remaining VCC(s) using bit-vector/floating-point arithmetic
Encoding to solver time: 0.018s
Solving with solver Bitwuzla 0.8.2
Runtime decision procedure: 0.005s
✓ PASSED: '(signed int)data_length::1 != 1 && (signed int)data_length::1 <= 3 && (signed int)i < (signed int)data_length::1 && (signed int)CommandRegister == 0 at file /Users/user/NVIDIA-OpenSMA/src/nv/emulation/pca9555.cpp line 147 column 18 function i2c_write'
Slicing time: 0.002s (removed 146 assignments)
No solver specified; defaulting to bitwuzla
Solving claim '(signed int)data_length::1 != 1 && (signed int)data_length::1 <= 3 && (signed int)i < (signed int)data_length::1 at file /Users/user/NVIDIA-OpenSMA/src/nv/emulation/pca9555.cpp line 142 column 5 function i2c_write' with solver Bitwuzla 0.8.2
Encoding remaining VCC(s) using bit-vector/floating-point arithmetic
Encoding to solver time: 0.018s
Solving with solver Bitwuzla 0.8.2
Runtime decision procedure: 0.005s
✗ FAILED: '(signed int)data_length::1 != 1 && (signed int)data_length::1 <= 3 && (signed int)i < (signed int)data_length::1 at file /Users/user/NVIDIA-OpenSMA/src/nv/emulation/pca9555.cpp line 142 column 5 function i2c_write'

[Counterexample]


State 1 file /Users/user/NVIDIA-OpenSMA/verification/harnesses/pca9555_harness.cpp line 91 column 5 function f_direction_constraint thread 0
----------------------------------------------------
  req_out = 0 (00000000)

State 2 file /Users/user/NVIDIA-OpenSMA/verification/harnesses/pca9555_harness.cpp line 92 column 5 function f_direction_constraint thread 0
----------------------------------------------------
  req_in = 0 (00000000)

State 5 file /Users/user/NVIDIA-OpenSMA/verification/harnesses/pca9555_harness.cpp line 98 column 5 function f_direction_constraint thread 0
----------------------------------------------------
  bank = 0 (00000000 00000000 00000000 00000000)

State 8 file /Users/user/NVIDIA-OpenSMA/verification/harnesses/pca9555_harness.cpp line 99 column 5 function f_direction_constraint thread 0
----------------------------------------------------
  cmd = 6 (00000110)

State 9 file /Users/user/NVIDIA-OpenSMA/verification/harnesses/pca9555_harness.cpp line 101 column 5 function f_direction_constraint thread 0
----------------------------------------------------
  new_dir = 0 (00000000)

State 10 file /Users/user/NVIDIA-OpenSMA/verification/harnesses/pca9555_harness.cpp line 105 column 5 function f_direction_constraint thread 0
----------------------------------------------------
  *return_value$_operator[]$6 = { .elems={ cmd?1!0&0#1, 0, 0, 0, 0, 0, 0, 0, 0, 0, 0, 0, 0, 0, 0, 0, 0, 0, 0, 0, 0, 0, 0, 0, 0, 0, 0, 0, 0, 0, 0, 0, 0, 0, 0 } }

State 11 file /Users/user/NVIDIA-OpenSMA/verification/harnesses/pca9555_harness.cpp line 106 column 5 function f_direction_constraint thread 0
----------------------------------------------------
  *return_value$_operator[]$7 = { .elems = 0 }

State 14 file /Users/user/NVIDIA-OpenSMA/src/nv/emulation/pca9555.cpp line 142 column 5 function i2c_write thread 0
----------------------------------------------------
Violated property:
  file /Users/user/NVIDIA-OpenSMA/src/nv/emulation/pca9555.cpp line 142 column 5 function i2c_write
  (signed int)data_length::1 != 1 && (signed int)data_length::1 <= 3 && (signed int)i < (signed int)data_length::1

Slicing time: 0.002s (removed 146 assignments)
No solver specified; defaulting to bitwuzla
Solving claim '(signed int)data_length::1 != 1 && (signed int)data_length::1 <= 3 at file /Users/user/NVIDIA-OpenSMA/src/nv/emulation/pca9555.cpp line 138 column 5 function i2c_write' with solver Bitwuzla 0.8.2
Encoding remaining VCC(s) using bit-vector/floating-point arithmetic
Encoding to solver time: 0.017s
Solving with solver Bitwuzla 0.8.2
Runtime decision procedure: 0.005s
✗ FAILED: '(signed int)data_length::1 != 1 && (signed int)data_length::1 <= 3 at file /Users/user/NVIDIA-OpenSMA/src/nv/emulation/pca9555.cpp line 138 column 5 function i2c_write'

[Counterexample]


State 1 file /Users/user/NVIDIA-OpenSMA/verification/harnesses/pca9555_harness.cpp line 91 column 5 function f_direction_constraint thread 0
----------------------------------------------------
  req_out = 0 (00000000)

State 2 file /Users/user/NVIDIA-OpenSMA/verification/harnesses/pca9555_harness.cpp line 92 column 5 function f_direction_constraint thread 0
----------------------------------------------------
  req_in = 0 (00000000)

State 5 file /Users/user/NVIDIA-OpenSMA/verification/harnesses/pca9555_harness.cpp line 98 column 5 function f_direction_constraint thread 0
----------------------------------------------------
  bank = 0 (00000000 00000000 00000000 00000000)

State 8 file /Users/user/NVIDIA-OpenSMA/verification/harnesses/pca9555_harness.cpp line 99 column 5 function f_direction_constraint thread 0
----------------------------------------------------
  cmd = 6 (00000110)

State 9 file /Users/user/NVIDIA-OpenSMA/verification/harnesses/pca9555_harness.cpp line 101 column 5 function f_direction_constraint thread 0
----------------------------------------------------
  new_dir = 0 (00000000)

State 10 file /Users/user/NVIDIA-OpenSMA/verification/harnesses/pca9555_harness.cpp line 105 column 5 function f_direction_constraint thread 0
----------------------------------------------------
  *return_value$_operator[]$6 = { .elems={ cmd?1!0&0#1, 0, 0, 0, 0, 0, 0, 0, 0, 0, 0, 0, 0, 0, 0, 0, 0, 0, 0, 0, 0, 0, 0, 0, 0, 0, 0, 0, 0, 0, 0, 0, 0, 0, 0 } }

State 11 file /Users/user/NVIDIA-OpenSMA/verification/harnesses/pca9555_harness.cpp line 106 column 5 function f_direction_constraint thread 0
----------------------------------------------------
  *return_value$_operator[]$7 = { .elems = 0 }

State 14 file /Users/user/NVIDIA-OpenSMA/src/nv/emulation/pca9555.cpp line 138 column 5 function i2c_write thread 0
----------------------------------------------------
Violated property:
  file /Users/user/NVIDIA-OpenSMA/src/nv/emulation/pca9555.cpp line 138 column 5 function i2c_write
  (signed int)data_length::1 != 1 && (signed int)data_length::1 <= 3

Slicing time: 0.002s (removed 146 assignments)
No solver specified; defaulting to bitwuzla
Solving claim '(signed int)data_length::1 != 1 at file /Users/user/NVIDIA-OpenSMA/src/nv/emulation/pca9555.cpp line 127 column 5 function i2c_write' with solver Bitwuzla 0.8.2
Encoding remaining VCC(s) using bit-vector/floating-point arithmetic
Encoding to solver time: 0.019s
Solving with solver Bitwuzla 0.8.2
Runtime decision procedure: 0.005s
✗ FAILED: '(signed int)data_length::1 != 1 at file /Users/user/NVIDIA-OpenSMA/src/nv/emulation/pca9555.cpp line 127 column 5 function i2c_write'

[Counterexample]


State 1 file /Users/user/NVIDIA-OpenSMA/verification/harnesses/pca9555_harness.cpp line 91 column 5 function f_direction_constraint thread 0
----------------------------------------------------
  req_out = 0 (00000000)

State 2 file /Users/user/NVIDIA-OpenSMA/verification/harnesses/pca9555_harness.cpp line 92 column 5 function f_direction_constraint thread 0
----------------------------------------------------
  req_in = 0 (00000000)

State 5 file /Users/user/NVIDIA-OpenSMA/verification/harnesses/pca9555_harness.cpp line 98 column 5 function f_direction_constraint thread 0
----------------------------------------------------
  bank = 0 (00000000 00000000 00000000 00000000)

State 8 file /Users/user/NVIDIA-OpenSMA/verification/harnesses/pca9555_harness.cpp line 99 column 5 function f_direction_constraint thread 0
----------------------------------------------------
  cmd = 6 (00000110)

State 9 file /Users/user/NVIDIA-OpenSMA/verification/harnesses/pca9555_harness.cpp line 101 column 5 function f_direction_constraint thread 0
----------------------------------------------------
  new_dir = 0 (00000000)

State 10 file /Users/user/NVIDIA-OpenSMA/verification/harnesses/pca9555_harness.cpp line 105 column 5 function f_direction_constraint thread 0
----------------------------------------------------
  *return_value$_operator[]$6 = { .elems={ cmd?1!0&0#1, 0, 0, 0, 0, 0, 0, 0, 0, 0, 0, 0, 0, 0, 0, 0, 0, 0, 0, 0, 0, 0, 0, 0, 0, 0, 0, 0, 0, 0, 0, 0, 0, 0, 0 } }

State 11 file /Users/user/NVIDIA-OpenSMA/verification/harnesses/pca9555_harness.cpp line 106 column 5 function f_direction_constraint thread 0
----------------------------------------------------
  *return_value$_operator[]$7 = { .elems = 0 }

State 14 file /Users/user/NVIDIA-OpenSMA/src/nv/emulation/pca9555.cpp line 127 column 5 function i2c_write thread 0
----------------------------------------------------
Violated property:
  file /Users/user/NVIDIA-OpenSMA/src/nv/emulation/pca9555.cpp line 127 column 5 function i2c_write
  (signed int)data_length::1 != 1

Slicing time: 0.002s (removed 77 assignments)
No solver specified; defaulting to bitwuzla
Solving claim '(signed int)(*return_value$_at$1) == (signed int)InterruptVectorDefault at file /Users/user/NVIDIA-OpenSMA/src/nv/emulation/pca9555.cpp line 259 column 12 function get_interrupt_l_state' with solver Bitwuzla 0.8.2
Encoding remaining VCC(s) using bit-vector/floating-point arithmetic
Encoding to solver time: 0.023s
Solving with solver Bitwuzla 0.8.2
Runtime decision procedure: 0.012s
✗ FAILED: '(signed int)(*return_value$_at$1) == (signed int)InterruptVectorDefault at file /Users/user/NVIDIA-OpenSMA/src/nv/emulation/pca9555.cpp line 259 column 12 function get_interrupt_l_state'

[Counterexample]


State 1 file /Users/user/NVIDIA-OpenSMA/verification/harnesses/pca9555_harness.cpp line 43 column 5 function f_totality thread 0
----------------------------------------------------
  init = 65535 (11111111 11111111)

State 2 file /Users/user/NVIDIA-OpenSMA/verification/harnesses/pca9555_harness.cpp line 44 column 5 function f_totality thread 0
----------------------------------------------------
  out_m = 65535 (11111111 11111111)

State 3 file /Users/user/NVIDIA-OpenSMA/verification/harnesses/pca9555_harness.cpp line 45 column 5 function f_totality thread 0
----------------------------------------------------
  in_m = 255 (00000000 11111111)

State 4 file /Users/user/NVIDIA-OpenSMA/verification/harnesses/pca9555_harness.cpp line 46 column 5 function f_totality thread 0
----------------------------------------------------
  dev = { ._active_register=0, ._active_bank=0, ._new_command=1, .interrupt_low_vector={ .elems={ 255, 255 } },
    .state_at_last_interrupt_check={ .elems={ 255, 255 } },
    ._gpio_pin_state={ .elems={ 255, 255 } },
    ._gpio_output={ .elems={ 255, 255 } },
    ._gpio_inversion_enable={ .elems = { 0 } },
    ._gpio_direction_config={ .elems = { 0 } },
    ._required_outputs={ .elems={ 255, 255 } },
    ._required_inputs={ .elems={ 255, 0 } },
    .anon_pad$11=0 }

State 5 file /Users/user/NVIDIA-OpenSMA/src/nv/emulation/pca9555.cpp line 87 column 13 function i2c_read thread 0
----------------------------------------------------
  *return_value$_at$3 = ( class nv::emulation::Pca9555 { unsigned int _active_register; unsigned int _active_bank; _Bool _new_command;  struct std::array<unsigned char, 2> { unsigned char [2] elems; }interrupt_low_vector;  struct std::array<unsigned char, 2> { unsigned char [2] elems; }state_at_last_interrupt_check;  struct std::array<unsigned char, 2> { unsigned char [2] elems; }_gpio_pin_state;  struct std::array<unsigned char, 2> { unsigned char [2] elems; }_gpio_output;  struct std::array<unsigned char, 2> { unsigned char [2] elems; }_gpio_inversion_enable;  struct std::array<unsigned char, 2> { unsigned char [2] elems; }_gpio_direction_config;  struct std::array<unsigned char, 2> { unsigned char [2] elems; }_required_outputs;  struct std::array<unsigned char, 2> { unsigned char [2] elems; }_required_inputs; unsigned _ExtInt(24) anon_pad$11; })(byte_update_little_endian((unsigned _ExtInt(224))({ ._active_register=0, ._active_bank=0, ._new_command=0, .interrupt_low_vector={ .elems={ 255, 255 } },
    .state_at_last_interrupt_check={ .elems={ 255, 255 } },
    ._gpio_pin_state={ .elems={ 255, 255 } },
    ._gpio_output={ .elems={ 255, 255 } },
    ._gpio_inversion_enable={ .elems = { 0 } },
    ._gpio_direction_config={ .elems = { 0 } },
    ._required_outputs={ .elems={ 255, 255 } },
    ._required_inputs={ .elems={ 255, 0 } },
    .anon_pad$11=0 }), 9, 255))

State 6 file /Users/user/NVIDIA-OpenSMA/src/nv/emulation/pca9555.cpp line 338 column 5 function next_bank thread 0
----------------------------------------------------
  *bank::0 = { ._active_register=0, ._active_bank=1, ._new_command=0, .interrupt_low_vector={ .elems={ 255, 255 } },
    .state_at_last_interrupt_check={ .elems={ 255, 255 } },
    ._gpio_pin_state={ .elems={ 255, 255 } },
    ._gpio_output={ .elems={ 255, 255 } },
    ._gpio_inversion_enable={ .elems = { 0 } },
    ._gpio_direction_config={ .elems = { 0 } },
    ._required_outputs={ .elems={ 255, 255 } },
    ._required_inputs={ .elems={ 255, 0 } },
    .anon_pad$11=0 }

State 7 file /Users/user/NVIDIA-OpenSMA/src/nv/emulation/pca9555.cpp line 87 column 13 function i2c_read thread 0
----------------------------------------------------
  *return_value$_at$3 = ( class nv::emulation::Pca9555 { unsigned int _active_register; unsigned int _active_bank; _Bool _new_command;  struct std::array<unsigned char, 2> { unsigned char [2] elems; }interrupt_low_vector;  struct std::array<unsigned char, 2> { unsigned char [2] elems; }state_at_last_interrupt_check;  struct std::array<unsigned char, 2> { unsigned char [2] elems; }_gpio_pin_state;  struct std::array<unsigned char, 2> { unsigned char [2] elems; }_gpio_output;  struct std::array<unsigned char, 2> { unsigned char [2] elems; }_gpio_inversion_enable;  struct std::array<unsigned char, 2> { unsigned char [2] elems; }_gpio_direction_config;  struct std::array<unsigned char, 2> { unsigned char [2] elems; }_required_outputs;  struct std::array<unsigned char, 2> { unsigned char [2] elems; }_required_inputs; unsigned _ExtInt(24) anon_pad$11; })(byte_update_little_endian((unsigned _ExtInt(224))({ ._active_register=0, ._active_bank=1, ._new_command=0, .interrupt_low_vector={ .elems={ 255, 255 } },
    .state_at_last_interrupt_check={ .elems={ 255, 255 } },
    ._gpio_pin_state={ .elems={ 255, 255 } },
    ._gpio_output={ .elems={ 255, 255 } },
    ._gpio_inversion_enable={ .elems = { 0 } },
    ._gpio_direction_config={ .elems = { 0 } },
    ._required_outputs={ .elems={ 255, 255 } },
    ._required_inputs={ .elems={ 255, 0 } },
    .anon_pad$11=0 }), 10, 255))

State 8 file /Users/user/NVIDIA-OpenSMA/src/nv/emulation/pca9555.cpp line 338 column 5 function next_bank thread 0
----------------------------------------------------
  *bank::0 = { ._active_register=0, ._active_bank=0, ._new_command=0, .interrupt_low_vector={ .elems={ 255, 255 } },
    .state_at_last_interrupt_check={ .elems={ 255, 255 } },
    ._gpio_pin_state={ .elems={ 255, 255 } },
    ._gpio_output={ .elems={ 255, 255 } },
    ._gpio_inversion_enable={ .elems = { 0 } },
    ._gpio_direction_config={ .elems = { 0 } },
    ._required_outputs={ .elems={ 255, 255 } },
    ._required_inputs={ .elems={ 255, 0 } },
    .anon_pad$11=0 }

State 9 file /Users/user/NVIDIA-OpenSMA/verification/harnesses/pca9555_harness.cpp line 55 column 14 function f_totality thread 0
----------------------------------------------------
  *return_value$_operator[]$5 = { .elems={ nondet_symbol(symex::nondet27), 0, 0, 0, 0, 0, 0, 0, 0, 0, 0, 0, 0, 0, 0, 0, 0, 0, 0, 0, 0, 0, 0, 0, 0, 0, 0, 0, 0, 0, 0, 0, 0, 0, 0 } }

State 10 file /Users/user/NVIDIA-OpenSMA/verification/harnesses/pca9555_harness.cpp line 56 column 14 function f_totality thread 0
----------------------------------------------------
  *return_value$_operator[]$6 = { .elems = 0 }

State 13 file /Users/user/NVIDIA-OpenSMA/src/nv/emulation/pca9555.cpp line 129 column 9 function i2c_write thread 0
----------------------------------------------------
  this->_active_register = { ._active_register=127, ._active_bank=0, ._new_command=1,
    .interrupt_low_vector={ .elems={ 255, 255 } }, .state_at_last_interrupt_check={ .elems={ 255, 255 } },
    ._gpio_pin_state={ .elems={ 255, 255 } },
    ._gpio_output={ .elems={ 255, 255 } },
    ._gpio_inversion_enable={ .elems = { 0 } },
    ._gpio_direction_config={ .elems = { 0 } },
    ._required_outputs={ .elems={ 255, 255 } },
    ._required_inputs={ .elems={ 255, 0 } },
    .anon_pad$11=0 }

State 14 file /Users/user/NVIDIA-OpenSMA/src/nv/emulation/pca9555.cpp line 130 column 9 function i2c_write thread 0
----------------------------------------------------
  this->_active_bank = { ._active_register=127, ._active_bank=0, ._new_command=1,
    .interrupt_low_vector={ .elems={ 255, 255 } }, .state_at_last_interrupt_check={ .elems={ 255, 255 } },
    ._gpio_pin_state={ .elems={ 255, 255 } },
    ._gpio_output={ .elems={ 255, 255 } },
    ._gpio_inversion_enable={ .elems = { 0 } },
    ._gpio_direction_config={ .elems = { 0 } },
    ._required_outputs={ .elems={ 255, 255 } },
    ._required_inputs={ .elems={ 255, 0 } },
    .anon_pad$11=0 }

State 19 file /Users/user/NVIDIA-OpenSMA/src/nv/emulation/pca9555.cpp line 182 column 5 function update_input_pins thread 0
----------------------------------------------------
  direction_vector = 0 (00000000 00000000)

State 20 file /Users/user/NVIDIA-OpenSMA/src/nv/emulation/pca9555.cpp line 192 column 5 function update_input_pins thread 0
----------------------------------------------------
  pin_mask::1 = 0 (00000000 00000000)

State 21 file /Users/user/NVIDIA-OpenSMA/src/nv/emulation/pca9555.cpp line 198 column 5 function update_input_pins thread 0
----------------------------------------------------
  OldPinValues = 65535 (11111111 11111111)

State 22 file /Users/user/NVIDIA-OpenSMA/src/nv/emulation/pca9555.cpp line 201 column 5 function update_input_pins thread 0
----------------------------------------------------
  NewPinValues = 65535 (11111111 11111111)

State 23 file /Users/user/NVIDIA-OpenSMA/src/nv/emulation/pca9555.cpp line 207 column 5 function update_input_pins thread 0
----------------------------------------------------
  *return_value$_at$5 = { ._active_register=127, ._active_bank=0, ._new_command=1,
    .interrupt_low_vector={ .elems={ 255, 255 } }, .state_at_last_interrupt_check={ .elems={ 255, 255 } },
    ._gpio_pin_state=255,
    ._gpio_output={ .elems={ 255, 255 } }, ._gpio_inversion_enable={ .elems = { 0 } },
    ._gpio_direction_config={ .elems = { 0 } },
    ._required_outputs={ .elems={ 255, 255 } },
    ._required_inputs={ .elems={ 255, 0 } },
    .anon_pad$11=0 }

State 24 file /Users/user/NVIDIA-OpenSMA/src/nv/emulation/pca9555.cpp line 209 column 5 function update_input_pins thread 0
----------------------------------------------------
  *return_value$_at$6 = { ._active_register=127, ._active_bank=0, ._new_command=1,
    .interrupt_low_vector={ .elems={ 255, 255 } }, .state_at_last_interrupt_check={ .elems={ 255, 255 } },
    ._gpio_pin_state=255,
    ._gpio_output={ .elems={ 255, 255 } }, ._gpio_inversion_enable={ .elems = { 0 } },
    ._gpio_direction_config={ .elems = { 0 } },
    ._required_outputs={ .elems={ 255, 255 } },
    ._required_inputs={ .elems={ 255, 0 } },
    .anon_pad$11=0 }

State 25 file /Users/user/NVIDIA-OpenSMA/src/nv/emulation/pca9555.cpp line 307 column 5 function update_interrupts thread 0
----------------------------------------------------
  *return_value$_at$5 = { ._active_register=127, ._active_bank=0, ._new_command=1,
    .interrupt_low_vector={ .elems={ 255, 255 } }, .state_at_last_interrupt_check=255,
    ._gpio_pin_state={ .elems={ 255, 255 } }, ._gpio_output={ .elems={ 255, 255 } },
    ._gpio_inversion_enable={ .elems = { 0 } },
    ._gpio_direction_config={ .elems = { 0 } },
    ._required_outputs={ .elems={ 255, 255 } },
    ._required_inputs={ .elems={ 255, 0 } },
    .anon_pad$11=0 }

State 26 file /Users/user/NVIDIA-OpenSMA/src/nv/emulation/pca9555.cpp line 310 column 5 function update_interrupts thread 0
----------------------------------------------------
  *return_value$_at$7 = { ._active_register=127, ._active_bank=0, ._new_command=1,
    .interrupt_low_vector=255, .state_at_last_interrupt_check={ .elems={ 255, 255 } },
    ._gpio_pin_state={ .elems={ 255, 255 } },
    ._gpio_output={ .elems={ 255, 255 } },
    ._gpio_inversion_enable={ .elems = { 0 } },
    ._gpio_direction_config={ .elems = { 0 } },
    ._required_outputs={ .elems={ 255, 255 } },
    ._required_inputs={ .elems={ 255, 0 } },
    .anon_pad$11=0 }

State 27 file /Users/user/NVIDIA-OpenSMA/src/nv/emulation/pca9555.cpp line 307 column 5 function update_interrupts thread 0
----------------------------------------------------
  *return_value$_at$5 = { ._active_register=127, ._active_bank=0, ._new_command=1,
    .interrupt_low_vector={ .elems={ 255, 255 } }, .state_at_last_interrupt_check=255,
    ._gpio_pin_state={ .elems={ 255, 255 } }, ._gpio_output={ .elems={ 255, 255 } },
    ._gpio_inversion_enable={ .elems = { 0 } },
    ._gpio_direction_config={ .elems = { 0 } },
    ._required_outputs={ .elems={ 255, 255 } },
    ._required_inputs={ .elems={ 255, 0 } },
    .anon_pad$11=0 }

State 28 file /Users/user/NVIDIA-OpenSMA/src/nv/emulation/pca9555.cpp line 310 column 5 function update_interrupts thread 0
----------------------------------------------------
  *return_value$_at$7 = { ._active_register=127, ._active_bank=0, ._new_command=1,
    .interrupt_low_vector=255, .state_at_last_interrupt_check={ .elems={ 255, 255 } },
    ._gpio_pin_state={ .elems={ 255, 255 } },
    ._gpio_output={ .elems={ 255, 255 } },
    ._gpio_inversion_enable={ .elems = { 0 } },
    ._gpio_direction_config={ .elems = { 0 } },
    ._required_outputs={ .elems={ 255, 255 } },
    ._required_inputs={ .elems={ 255, 0 } },
    .anon_pad$11=0 }

State 30 file /Users/user/NVIDIA-OpenSMA/verification/harnesses/pca9555_harness.cpp line 64 column 5 function f_totality thread 0
----------------------------------------------------
  bank = 1 (00000000 00000000 00000000 00000001)

State 31 file /Users/user/NVIDIA-OpenSMA/src/nv/emulation/pca9555.cpp line 235 column 5 function update_input_pins thread 0
----------------------------------------------------
  *return_value$_at$3 = ( class nv::emulation::Pca9555 { unsigned int _active_register; unsigned int _active_bank; _Bool _new_command;  struct std::array<unsigned char, 2> { unsigned char [2] elems; }interrupt_low_vector;  struct std::array<unsigned char, 2> { unsigned char [2] elems; }state_at_last_interrupt_check;  struct std::array<unsigned char, 2> { unsigned char [2] elems; }_gpio_pin_state;  struct std::array<unsigned char, 2> { unsigned char [2] elems; }_gpio_output;  struct std::array<unsigned char, 2> { unsigned char [2] elems; }_gpio_inversion_enable;  struct std::array<unsigned char, 2> { unsigned char [2] elems; }_gpio_direction_config;  struct std::array<unsigned char, 2> { unsigned char [2] elems; }_required_outputs;  struct std::array<unsigned char, 2> { unsigned char [2] elems; }_required_inputs; unsigned _ExtInt(24) anon_pad$11; })(byte_update_little_endian((unsigned _ExtInt(224))({ ._active_register=127, ._active_bank=0, ._new_command=1,
    .interrupt_low_vector={ .elems={ 255, 255 } }, .state_at_last_interrupt_check={ .elems={ 255, 255 } },
    ._gpio_pin_state={ .elems={ 255, 255 } },
    ._gpio_output={ .elems={ 255, 255 } },
    ._gpio_inversion_enable={ .elems = { 0 } },
    ._gpio_direction_config={ .elems = { 0 } },
    ._required_outputs={ .elems={ 255, 255 } },
    ._required_inputs={ .elems={ 255, 0 } },
    .anon_pad$11=0 }), 14, 255))

State 32 file /Users/user/NVIDIA-OpenSMA/src/nv/emulation/pca9555.cpp line 307 column 5 function update_interrupts thread 0
----------------------------------------------------
  *return_value$_at$5 = ( class nv::emulation::Pca9555 { unsigned int _active_register; unsigned int _active_bank; _Bool _new_command;  struct std::array<unsigned char, 2> { unsigned char [2] elems; }interrupt_low_vector;  struct std::array<unsigned char, 2> { unsigned char [2] elems; }state_at_last_interrupt_check;  struct std::array<unsigned char, 2> { unsigned char [2] elems; }_gpio_pin_state;  struct std::array<unsigned char, 2> { unsigned char [2] elems; }_gpio_output;  struct std::array<unsigned char, 2> { unsigned char [2] elems; }_gpio_inversion_enable;  struct std::array<unsigned char, 2> { unsigned char [2] elems; }_gpio_direction_config;  struct std::array<unsigned char, 2> { unsigned char [2] elems; }_required_outputs;  struct std::array<unsigned char, 2> { unsigned char [2] elems; }_required_inputs; unsigned _ExtInt(24) anon_pad$11; })(byte_update_little_endian((unsigned _ExtInt(224))({ ._active_register=127, ._active_bank=0, ._new_command=1,
    .interrupt_low_vector={ .elems={ 255, 255 } }, .state_at_last_interrupt_check={ .elems={ 255, 255 } },
    ._gpio_pin_state={ .elems={ 255, 255 } },
    ._gpio_output={ .elems={ 255, 255 } },
    ._gpio_inversion_enable={ .elems = { 0 } },
    ._gpio_direction_config={ .elems = { 0 } },
    ._required_outputs={ .elems={ 255, 255 } },
    ._required_inputs={ .elems={ 255, 0 } },
    .anon_pad$11=0 }), 12, byte_extract_little_endian((unsigned _ExtInt(224))({ ._active_register=127, ._active_bank=0, ._new_command=1,
    .interrupt_low_vector={ .elems={ 255, 255 } }, .state_at_last_interrupt_check={ .elems={ 255, 255 } },
    ._gpio_pin_state={ .elems={ 255, 255 } },
    ._gpio_output={ .elems={ 255, 255 } },
    ._gpio_inversion_enable={ .elems = { 0 } },
    ._gpio_direction_config={ .elems = { 0 } },
    ._required_outputs={ .elems={ 255, 255 } },
    ._required_inputs={ .elems={ 255, 0 } },
    .anon_pad$11=0 }), 14)))

State 33 file /Users/user/NVIDIA-OpenSMA/src/nv/emulation/pca9555.cpp line 310 column 5 function update_interrupts thread 0
----------------------------------------------------
  *return_value$_at$7 = ( class nv::emulation::Pca9555 { unsigned int _active_register; unsigned int _active_bank; _Bool _new_command;  struct std::array<unsigned char, 2> { unsigned char [2] elems; }interrupt_low_vector;  struct std::array<unsigned char, 2> { unsigned char [2] elems; }state_at_last_interrupt_check;  struct std::array<unsigned char, 2> { unsigned char [2] elems; }_gpio_pin_state;  struct std::array<unsigned char, 2> { unsigned char [2] elems; }_gpio_output;  struct std::array<unsigned char, 2> { unsigned char [2] elems; }_gpio_inversion_enable;  struct std::array<unsigned char, 2> { unsigned char [2] elems; }_gpio_direction_config;  struct std::array<unsigned char, 2> { unsigned char [2] elems; }_required_outputs;  struct std::array<unsigned char, 2> { unsigned char [2] elems; }_required_inputs; unsigned _ExtInt(24) anon_pad$11; })(byte_update_little_endian((unsigned _ExtInt(224))({ ._active_register=127, ._active_bank=0, ._new_command=1,
    .interrupt_low_vector={ .elems={ 255, 255 } }, .state_at_last_interrupt_check={ .elems={ 255, 255 } },
    ._gpio_pin_state={ .elems={ 255, 255 } },
    ._gpio_output={ .elems={ 255, 255 } },
    ._gpio_inversion_enable={ .elems = { 0 } },
    ._gpio_direction_config={ .elems = { 0 } },
    ._required_outputs={ .elems={ 255, 255 } },
    ._required_inputs={ .elems={ 255, 0 } },
    .anon_pad$11=0 }), 10, 255))

State 34 file /Users/user/NVIDIA-OpenSMA/src/nv/emulation/pca9555.cpp line 259 column 12 function get_interrupt_l_state thread 0
----------------------------------------------------
Violated property:
  file /Users/user/NVIDIA-OpenSMA/src/nv/emulation/pca9555.cpp line 259 column 12 function get_interrupt_l_state
  (signed int)(*return_value$_at$1) == (signed int)InterruptVectorDefault
  (signed int)(*return_value$_at$1) != (signed int)InterruptVectorDefault

Slicing time: 0.002s (removed 77 assignments)
No solver specified; defaulting to bitwuzla
Solving claim '(signed int)(*return_value$_at$1) != (signed int)InterruptVectorDefault at file /Users/user/NVIDIA-OpenSMA/src/nv/emulation/pca9555.cpp line 259 column 12 function get_interrupt_l_state' with solver Bitwuzla 0.8.2
Encoding remaining VCC(s) using bit-vector/floating-point arithmetic
Encoding to solver time: 0.022s
Solving with solver Bitwuzla 0.8.2
Runtime decision procedure: 0.012s
✗ FAILED: '(signed int)(*return_value$_at$1) != (signed int)InterruptVectorDefault at file /Users/user/NVIDIA-OpenSMA/src/nv/emulation/pca9555.cpp line 259 column 12 function get_interrupt_l_state'

[Counterexample]


State 1 file /Users/user/NVIDIA-OpenSMA/verification/harnesses/pca9555_harness.cpp line 43 column 5 function f_totality thread 0
----------------------------------------------------
  init = 0 (00000000 00000000)

State 2 file /Users/user/NVIDIA-OpenSMA/verification/harnesses/pca9555_harness.cpp line 44 column 5 function f_totality thread 0
----------------------------------------------------
  out_m = 0 (00000000 00000000)

State 3 file /Users/user/NVIDIA-OpenSMA/verification/harnesses/pca9555_harness.cpp line 45 column 5 function f_totality thread 0
----------------------------------------------------
  in_m = 0 (00000000 00000000)

State 4 file /Users/user/NVIDIA-OpenSMA/verification/harnesses/pca9555_harness.cpp line 46 column 5 function f_totality thread 0
----------------------------------------------------
  dev = { ._active_register=0, ._active_bank=0, ._new_command=1, .interrupt_low_vector={ .elems={ 255, 255 } },
    .state_at_last_interrupt_check={ .elems = { 0 } },
    ._gpio_pin_state={ .elems = { 0 } },
    ._gpio_output={ .elems={ 255, 255 } },
    ._gpio_inversion_enable={ .elems = { 0 } },
    ._gpio_direction_config={ .elems={ 255, 255 } },
    ._required_outputs={ .elems = { 0 } },
    ._required_inputs={ .elems = { 0 } },
    .anon_pad$11=0 }

State 5 file /Users/user/NVIDIA-OpenSMA/src/nv/emulation/pca9555.cpp line 87 column 13 function i2c_read thread 0
----------------------------------------------------
  *return_value$_at$3 = ( class nv::emulation::Pca9555 { unsigned int _active_register; unsigned int _active_bank; _Bool _new_command;  struct std::array<unsigned char, 2> { unsigned char [2] elems; }interrupt_low_vector;  struct std::array<unsigned char, 2> { unsigned char [2] elems; }state_at_last_interrupt_check;  struct std::array<unsigned char, 2> { unsigned char [2] elems; }_gpio_pin_state;  struct std::array<unsigned char, 2> { unsigned char [2] elems; }_gpio_output;  struct std::array<unsigned char, 2> { unsigned char [2] elems; }_gpio_inversion_enable;  struct std::array<unsigned char, 2> { unsigned char [2] elems; }_gpio_direction_config;  struct std::array<unsigned char, 2> { unsigned char [2] elems; }_required_outputs;  struct std::array<unsigned char, 2> { unsigned char [2] elems; }_required_inputs; unsigned _ExtInt(24) anon_pad$11; })(byte_update_little_endian((unsigned _ExtInt(224))({ ._active_register=0, ._active_bank=0, ._new_command=0, .interrupt_low_vector={ .elems={ 255, 255 } },
    .state_at_last_interrupt_check={ .elems = { 0 } },
    ._gpio_pin_state={ .elems = { 0 } },
    ._gpio_output={ .elems={ 255, 255 } },
    ._gpio_inversion_enable={ .elems = { 0 } },
    ._gpio_direction_config={ .elems={ 255, 255 } },
    ._required_outputs={ .elems = { 0 } },
    ._required_inputs={ .elems = { 0 } },
    .anon_pad$11=0 }), 9, 255))

State 6 file /Users/user/NVIDIA-OpenSMA/src/nv/emulation/pca9555.cpp line 338 column 5 function next_bank thread 0
----------------------------------------------------
  *bank::0 = { ._active_register=0, ._active_bank=1, ._new_command=0, .interrupt_low_vector={ .elems={ 255, 255 } },
    .state_at_last_interrupt_check={ .elems = { 0 } },
    ._gpio_pin_state={ .elems = { 0 } },
    ._gpio_output={ .elems={ 255, 255 } },
    ._gpio_inversion_enable={ .elems = { 0 } },
    ._gpio_direction_config={ .elems={ 255, 255 } },
    ._required_outputs={ .elems = { 0 } },
    ._required_inputs={ .elems = { 0 } },
    .anon_pad$11=0 }

State 7 file /Users/user/NVIDIA-OpenSMA/src/nv/emulation/pca9555.cpp line 87 column 13 function i2c_read thread 0
----------------------------------------------------
  *return_value$_at$3 = ( class nv::emulation::Pca9555 { unsigned int _active_register; unsigned int _active_bank; _Bool _new_command;  struct std::array<unsigned char, 2> { unsigned char [2] elems; }interrupt_low_vector;  struct std::array<unsigned char, 2> { unsigned char [2] elems; }state_at_last_interrupt_check;  struct std::array<unsigned char, 2> { unsigned char [2] elems; }_gpio_pin_state;  struct std::array<unsigned char, 2> { unsigned char [2] elems; }_gpio_output;  struct std::array<unsigned char, 2> { unsigned char [2] elems; }_gpio_inversion_enable;  struct std::array<unsigned char, 2> { unsigned char [2] elems; }_gpio_direction_config;  struct std::array<unsigned char, 2> { unsigned char [2] elems; }_required_outputs;  struct std::array<unsigned char, 2> { unsigned char [2] elems; }_required_inputs; unsigned _ExtInt(24) anon_pad$11; })(byte_update_little_endian((unsigned _ExtInt(224))({ ._active_register=0, ._active_bank=1, ._new_command=0, .interrupt_low_vector={ .elems={ 255, 255 } },
    .state_at_last_interrupt_check={ .elems = { 0 } },
    ._gpio_pin_state={ .elems = { 0 } },
    ._gpio_output={ .elems={ 255, 255 } },
    ._gpio_inversion_enable={ .elems = { 0 } },
    ._gpio_direction_config={ .elems={ 255, 255 } },
    ._required_outputs={ .elems = { 0 } },
    ._required_inputs={ .elems = { 0 } },
    .anon_pad$11=0 }), 10, 255))

State 8 file /Users/user/NVIDIA-OpenSMA/src/nv/emulation/pca9555.cpp line 338 column 5 function next_bank thread 0
----------------------------------------------------
  *bank::0 = { ._active_register=0, ._active_bank=0, ._new_command=0, .interrupt_low_vector={ .elems={ 255, 255 } },
    .state_at_last_interrupt_check={ .elems = { 0 } },
    ._gpio_pin_state={ .elems = { 0 } },
    ._gpio_output={ .elems={ 255, 255 } },
    ._gpio_inversion_enable={ .elems = { 0 } },
    ._gpio_direction_config={ .elems={ 255, 255 } },
    ._required_outputs={ .elems = { 0 } },
    ._required_inputs={ .elems = { 0 } },
    .anon_pad$11=0 }

State 9 file /Users/user/NVIDIA-OpenSMA/verification/harnesses/pca9555_harness.cpp line 55 column 14 function f_totality thread 0
----------------------------------------------------
  *return_value$_operator[]$5 = { .elems={ nondet_symbol(symex::nondet27), 0, 0, 0, 0, 0, 0, 0, 0, 0, 0, 0, 0, 0, 0, 0, 0, 0, 0, 0, 0, 0, 0, 0, 0, 0, 0, 0, 0, 0, 0, 0, 0, 0, 0 } }

State 10 file /Users/user/NVIDIA-OpenSMA/verification/harnesses/pca9555_harness.cpp line 56 column 14 function f_totality thread 0
----------------------------------------------------
  *return_value$_operator[]$6 = { .elems = 0 }

State 13 file /Users/user/NVIDIA-OpenSMA/src/nv/emulation/pca9555.cpp line 129 column 9 function i2c_write thread 0
----------------------------------------------------
  this->_active_register = { ._active_register=0, ._active_bank=0, ._new_command=1, .interrupt_low_vector={ .elems={ 255, 255 } },
    .state_at_last_interrupt_check={ .elems = { 0 } },
    ._gpio_pin_state={ .elems = { 0 } },
    ._gpio_output={ .elems={ 255, 255 } },
    ._gpio_inversion_enable={ .elems = { 0 } },
    ._gpio_direction_config={ .elems={ 255, 255 } },
    ._required_outputs={ .elems = { 0 } },
    ._required_inputs={ .elems = { 0 } },
    .anon_pad$11=0 }

State 14 file /Users/user/NVIDIA-OpenSMA/src/nv/emulation/pca9555.cpp line 130 column 9 function i2c_write thread 0
----------------------------------------------------
  this->_active_bank = { ._active_register=0, ._active_bank=0, ._new_command=1, .interrupt_low_vector={ .elems={ 255, 255 } },
    .state_at_last_interrupt_check={ .elems = { 0 } },
    ._gpio_pin_state={ .elems = { 0 } },
    ._gpio_output={ .elems={ 255, 255 } },
    ._gpio_inversion_enable={ .elems = { 0 } },
    ._gpio_direction_config={ .elems={ 255, 255 } },
    ._required_outputs={ .elems = { 0 } },
    ._required_inputs={ .elems = { 0 } },
    .anon_pad$11=0 }

State 18 file /Users/user/NVIDIA-OpenSMA/src/nv/emulation/pca9555.cpp line 182 column 5 function update_input_pins thread 0
----------------------------------------------------
  direction_vector = 65535 (11111111 11111111)

State 19 file /Users/user/NVIDIA-OpenSMA/src/nv/emulation/pca9555.cpp line 192 column 5 function update_input_pins thread 0
----------------------------------------------------
  pin_mask::1 = 256 (00000001 00000000)

State 20 file /Users/user/NVIDIA-OpenSMA/src/nv/emulation/pca9555.cpp line 198 column 5 function update_input_pins thread 0
----------------------------------------------------
  OldPinValues = 0 (00000000 00000000)

State 21 file /Users/user/NVIDIA-OpenSMA/src/nv/emulation/pca9555.cpp line 201 column 5 function update_input_pins thread 0
----------------------------------------------------
  NewPinValues = 256 (00000001 00000000)

State 22 file /Users/user/NVIDIA-OpenSMA/src/nv/emulation/pca9555.cpp line 207 column 5 function update_input_pins thread 0
----------------------------------------------------
  *return_value$_at$5 = { ._active_register=0, ._active_bank=0, ._new_command=1, .interrupt_low_vector={ .elems={ 255, 255 } },
    .state_at_last_interrupt_check={ .elems = { 0 } },
    ._gpio_pin_state=0,
    ._gpio_output={ .elems={ 255, 255 } }, ._gpio_inversion_enable={ .elems = { 0 } },
    ._gpio_direction_config={ .elems={ 255, 255 } },
    ._required_outputs={ .elems = { 0 } },
    ._required_inputs={ .elems = { 0 } },
    .anon_pad$11=0 }

State 23 file /Users/user/NVIDIA-OpenSMA/src/nv/emulation/pca9555.cpp line 209 column 5 function update_input_pins thread 0
----------------------------------------------------
  *return_value$_at$6 = { ._active_register=0, ._active_bank=0, ._new_command=1, .interrupt_low_vector={ .elems={ 255, 255 } },
    .state_at_last_interrupt_check={ .elems = { 0 } },
    ._gpio_pin_state=1,
    ._gpio_output={ .elems={ 255, 255 } }, ._gpio_inversion_enable={ .elems = { 0 } },
    ._gpio_direction_config={ .elems={ 255, 255 } },
    ._required_outputs={ .elems = { 0 } },
    ._required_inputs={ .elems = { 0 } },
    .anon_pad$11=0 }

State 24 file /Users/user/NVIDIA-OpenSMA/src/nv/emulation/pca9555.cpp line 307 column 5 function update_interrupts thread 0
----------------------------------------------------
  *return_value$_at$5 = { ._active_register=0, ._active_bank=0, ._new_command=1, .interrupt_low_vector={ .elems={ 255, 255 } },
    .state_at_last_interrupt_check=0,
    ._gpio_pin_state={ .elems={ 0, 1 } }, ._gpio_output={ .elems={ 255, 255 } },
    ._gpio_inversion_enable={ .elems = { 0 } },
    ._gpio_direction_config={ .elems={ 255, 255 } },
    ._required_outputs={ .elems = { 0 } },
    ._required_inputs={ .elems = { 0 } },
    .anon_pad$11=0 }

State 25 file /Users/user/NVIDIA-OpenSMA/src/nv/emulation/pca9555.cpp line 310 column 5 function update_interrupts thread 0
----------------------------------------------------
  *return_value$_at$7 = { ._active_register=0, ._active_bank=0, ._new_command=1, .interrupt_low_vector=255,
    .state_at_last_interrupt_check={ .elems = { 0 } }, ._gpio_pin_state={ .elems={ 0, 1 } },
    ._gpio_output={ .elems={ 255, 255 } },
    ._gpio_inversion_enable={ .elems = { 0 } },
    ._gpio_direction_config={ .elems={ 255, 255 } },
    ._required_outputs={ .elems = { 0 } },
    ._required_inputs={ .elems = { 0 } },
    .anon_pad$11=0 }

State 26 file /Users/user/NVIDIA-OpenSMA/src/nv/emulation/pca9555.cpp line 307 column 5 function update_interrupts thread 0
----------------------------------------------------
  *return_value$_at$5 = { ._active_register=0, ._active_bank=0, ._new_command=1, .interrupt_low_vector={ .elems={ 255, 255 } },
    .state_at_last_interrupt_check=1,
    ._gpio_pin_state={ .elems={ 0, 1 } }, ._gpio_output={ .elems={ 255, 255 } },
    ._gpio_inversion_enable={ .elems = { 0 } },
    ._gpio_direction_config={ .elems={ 255, 255 } },
    ._required_outputs={ .elems = { 0 } },
    ._required_inputs={ .elems = { 0 } },
    .anon_pad$11=0 }

State 27 file /Users/user/NVIDIA-OpenSMA/src/nv/emulation/pca9555.cpp line 310 column 5 function update_interrupts thread 0
----------------------------------------------------
  *return_value$_at$7 = { ._active_register=0, ._active_bank=0, ._new_command=1, .interrupt_low_vector=254,
    .state_at_last_interrupt_check={ .elems={ 0, 1 } }, ._gpio_pin_state={ .elems={ 0, 1 } },
    ._gpio_output={ .elems={ 255, 255 } },
    ._gpio_inversion_enable={ .elems = { 0 } },
    ._gpio_direction_config={ .elems={ 255, 255 } },
    ._required_outputs={ .elems = { 0 } },
    ._required_inputs={ .elems = { 0 } },
    .anon_pad$11=0 }

State 29 file /Users/user/NVIDIA-OpenSMA/verification/harnesses/pca9555_harness.cpp line 64 column 5 function f_totality thread 0
----------------------------------------------------
  bank = 0 (00000000 00000000 00000000 00000000)

State 30 file /Users/user/NVIDIA-OpenSMA/src/nv/emulation/pca9555.cpp line 235 column 5 function update_input_pins thread 0
----------------------------------------------------
  *return_value$_at$3 = ( class nv::emulation::Pca9555 { unsigned int _active_register; unsigned int _active_bank; _Bool _new_command;  struct std::array<unsigned char, 2> { unsigned char [2] elems; }interrupt_low_vector;  struct std::array<unsigned char, 2> { unsigned char [2] elems; }state_at_last_interrupt_check;  struct std::array<unsigned char, 2> { unsigned char [2] elems; }_gpio_pin_state;  struct std::array<unsigned char, 2> { unsigned char [2] elems; }_gpio_output;  struct std::array<unsigned char, 2> { unsigned char [2] elems; }_gpio_inversion_enable;  struct std::array<unsigned char, 2> { unsigned char [2] elems; }_gpio_direction_config;  struct std::array<unsigned char, 2> { unsigned char [2] elems; }_required_outputs;  struct std::array<unsigned char, 2> { unsigned char [2] elems; }_required_inputs; unsigned _ExtInt(24) anon_pad$11; })(byte_update_little_endian((unsigned _ExtInt(224))({ ._active_register=0, ._active_bank=0, ._new_command=1, .interrupt_low_vector={ .elems={ 255, 254 } },
    .state_at_last_interrupt_check={ .elems={ 0, 1 } },
    ._gpio_pin_state={ .elems={ 0, 1 } },
    ._gpio_output={ .elems={ 255, 255 } },
    ._gpio_inversion_enable={ .elems = { 0 } },
    ._gpio_direction_config={ .elems={ 255, 255 } },
    ._required_outputs={ .elems = { 0 } },
    ._required_inputs={ .elems = { 0 } },
    .anon_pad$11=0 }), 13, 0))

State 31 file /Users/user/NVIDIA-OpenSMA/src/nv/emulation/pca9555.cpp line 307 column 5 function update_interrupts thread 0
----------------------------------------------------
  *return_value$_at$5 = ( class nv::emulation::Pca9555 { unsigned int _active_register; unsigned int _active_bank; _Bool _new_command;  struct std::array<unsigned char, 2> { unsigned char [2] elems; }interrupt_low_vector;  struct std::array<unsigned char, 2> { unsigned char [2] elems; }state_at_last_interrupt_check;  struct std::array<unsigned char, 2> { unsigned char [2] elems; }_gpio_pin_state;  struct std::array<unsigned char, 2> { unsigned char [2] elems; }_gpio_output;  struct std::array<unsigned char, 2> { unsigned char [2] elems; }_gpio_inversion_enable;  struct std::array<unsigned char, 2> { unsigned char [2] elems; }_gpio_direction_config;  struct std::array<unsigned char, 2> { unsigned char [2] elems; }_required_outputs;  struct std::array<unsigned char, 2> { unsigned char [2] elems; }_required_inputs; unsigned _ExtInt(24) anon_pad$11; })(byte_update_little_endian((unsigned _ExtInt(224))({ ._active_register=0, ._active_bank=0, ._new_command=1, .interrupt_low_vector={ .elems={ 255, 254 } },
    .state_at_last_interrupt_check={ .elems={ 0, 1 } },
    ._gpio_pin_state={ .elems={ 0, 1 } },
    ._gpio_output={ .elems={ 255, 255 } },
    ._gpio_inversion_enable={ .elems = { 0 } },
    ._gpio_direction_config={ .elems={ 255, 255 } },
    ._required_outputs={ .elems = { 0 } },
    ._required_inputs={ .elems = { 0 } },
    .anon_pad$11=0 }), 11, byte_extract_little_endian((unsigned _ExtInt(224))({ ._active_register=0, ._active_bank=0, ._new_command=1, .interrupt_low_vector={ .elems={ 255, 254 } },
    .state_at_last_interrupt_check={ .elems={ 0, 1 } },
    ._gpio_pin_state={ .elems={ 0, 1 } },
    ._gpio_output={ .elems={ 255, 255 } },
    ._gpio_inversion_enable={ .elems = { 0 } },
    ._gpio_direction_config={ .elems={ 255, 255 } },
    ._required_outputs={ .elems = { 0 } },
    ._required_inputs={ .elems = { 0 } },
    .anon_pad$11=0 }), 13)))

State 32 file /Users/user/NVIDIA-OpenSMA/src/nv/emulation/pca9555.cpp line 310 column 5 function update_interrupts thread 0
----------------------------------------------------
  *return_value$_at$7 = ( class nv::emulation::Pca9555 { unsigned int _active_register; unsigned int _active_bank; _Bool _new_command;  struct std::array<unsigned char, 2> { unsigned char [2] elems; }interrupt_low_vector;  struct std::array<unsigned char, 2> { unsigned char [2] elems; }state_at_last_interrupt_check;  struct std::array<unsigned char, 2> { unsigned char [2] elems; }_gpio_pin_state;  struct std::array<unsigned char, 2> { unsigned char [2] elems; }_gpio_output;  struct std::array<unsigned char, 2> { unsigned char [2] elems; }_gpio_inversion_enable;  struct std::array<unsigned char, 2> { unsigned char [2] elems; }_gpio_direction_config;  struct std::array<unsigned char, 2> { unsigned char [2] elems; }_required_outputs;  struct std::array<unsigned char, 2> { unsigned char [2] elems; }_required_inputs; unsigned _ExtInt(24) anon_pad$11; })(byte_update_little_endian((unsigned _ExtInt(224))({ ._active_register=0, ._active_bank=0, ._new_command=1, .interrupt_low_vector={ .elems={ 255, 254 } },
    .state_at_last_interrupt_check={ .elems={ 0, 1 } },
    ._gpio_pin_state={ .elems={ 0, 1 } },
    ._gpio_output={ .elems={ 255, 255 } },
    ._gpio_inversion_enable={ .elems = { 0 } },
    ._gpio_direction_config={ .elems={ 255, 255 } },
    ._required_outputs={ .elems = { 0 } },
    ._required_inputs={ .elems = { 0 } },
    .anon_pad$11=0 }), 9, 255))

State 33 file /Users/user/NVIDIA-OpenSMA/src/nv/emulation/pca9555.cpp line 259 column 12 function get_interrupt_l_state thread 0
----------------------------------------------------
Violated property:
  file /Users/user/NVIDIA-OpenSMA/src/nv/emulation/pca9555.cpp line 259 column 12 function get_interrupt_l_state
  (signed int)(*return_value$_at$1) != (signed int)InterruptVectorDefault
  (signed int)(*return_value$_at$1) == (signed int)InterruptVectorDefault

Slicing time: 0.003s (removed 111 assignments)
No solver specified; defaulting to bitwuzla
Solving claim '((signed int)pin_mask::1 & (signed int)((unsigned char)(~(signed int)direction_vector))) != 0 at file /Users/user/NVIDIA-OpenSMA/src/nv/emulation/pca9555.cpp line 217 column 5 function update_input_pins' with solver Bitwuzla 0.8.2
Encoding remaining VCC(s) using bit-vector/floating-point arithmetic
Encoding to solver time: 0.019s
Solving with solver Bitwuzla 0.8.2
Runtime decision procedure: 0.010s
✗ FAILED: '((signed int)pin_mask::1 & (signed int)((unsigned char)(~(signed int)direction_vector))) != 0 at file /Users/user/NVIDIA-OpenSMA/src/nv/emulation/pca9555.cpp line 217 column 5 function update_input_pins'

[Counterexample]


State 1 file /Users/user/NVIDIA-OpenSMA/verification/harnesses/pca9555_harness.cpp line 43 column 5 function f_totality thread 0
----------------------------------------------------
  init = 0 (00000000 00000000)

State 2 file /Users/user/NVIDIA-OpenSMA/verification/harnesses/pca9555_harness.cpp line 44 column 5 function f_totality thread 0
----------------------------------------------------
  out_m = 65535 (11111111 11111111)

State 3 file /Users/user/NVIDIA-OpenSMA/verification/harnesses/pca9555_harness.cpp line 45 column 5 function f_totality thread 0
----------------------------------------------------
  in_m = 255 (00000000 11111111)

State 4 file /Users/user/NVIDIA-OpenSMA/verification/harnesses/pca9555_harness.cpp line 46 column 5 function f_totality thread 0
----------------------------------------------------
  dev = { ._active_register=0, ._active_bank=0, ._new_command=1, .interrupt_low_vector={ .elems={ 255, 255 } },
    .state_at_last_interrupt_check={ .elems = { 0 } },
    ._gpio_pin_state={ .elems = { 0 } },
    ._gpio_output={ .elems={ 255, 255 } },
    ._gpio_inversion_enable={ .elems = { 0 } },
    ._gpio_direction_config={ .elems = { 0 } },
    ._required_outputs={ .elems={ 255, 255 } },
    ._required_inputs={ .elems={ 255, 0 } },
    .anon_pad$11=0 }

State 5 file /Users/user/NVIDIA-OpenSMA/src/nv/emulation/pca9555.cpp line 87 column 13 function i2c_read thread 0
----------------------------------------------------
  *return_value$_at$3 = ( class nv::emulation::Pca9555 { unsigned int _active_register; unsigned int _active_bank; _Bool _new_command;  struct std::array<unsigned char, 2> { unsigned char [2] elems; }interrupt_low_vector;  struct std::array<unsigned char, 2> { unsigned char [2] elems; }state_at_last_interrupt_check;  struct std::array<unsigned char, 2> { unsigned char [2] elems; }_gpio_pin_state;  struct std::array<unsigned char, 2> { unsigned char [2] elems; }_gpio_output;  struct std::array<unsigned char, 2> { unsigned char [2] elems; }_gpio_inversion_enable;  struct std::array<unsigned char, 2> { unsigned char [2] elems; }_gpio_direction_config;  struct std::array<unsigned char, 2> { unsigned char [2] elems; }_required_outputs;  struct std::array<unsigned char, 2> { unsigned char [2] elems; }_required_inputs; unsigned _ExtInt(24) anon_pad$11; })(byte_update_little_endian((unsigned _ExtInt(224))({ ._active_register=0, ._active_bank=0, ._new_command=0, .interrupt_low_vector={ .elems={ 255, 255 } },
    .state_at_last_interrupt_check={ .elems = { 0 } },
    ._gpio_pin_state={ .elems = { 0 } },
    ._gpio_output={ .elems={ 255, 255 } },
    ._gpio_inversion_enable={ .elems = { 0 } },
    ._gpio_direction_config={ .elems = { 0 } },
    ._required_outputs={ .elems={ 255, 255 } },
    ._required_inputs={ .elems={ 255, 0 } },
    .anon_pad$11=0 }), 9, 255))

State 6 file /Users/user/NVIDIA-OpenSMA/src/nv/emulation/pca9555.cpp line 338 column 5 function next_bank thread 0
----------------------------------------------------
  *bank::0 = { ._active_register=0, ._active_bank=1, ._new_command=0, .interrupt_low_vector={ .elems={ 255, 255 } },
    .state_at_last_interrupt_check={ .elems = { 0 } },
    ._gpio_pin_state={ .elems = { 0 } },
    ._gpio_output={ .elems={ 255, 255 } },
    ._gpio_inversion_enable={ .elems = { 0 } },
    ._gpio_direction_config={ .elems = { 0 } },
    ._required_outputs={ .elems={ 255, 255 } },
    ._required_inputs={ .elems={ 255, 0 } },
    .anon_pad$11=0 }

State 7 file /Users/user/NVIDIA-OpenSMA/src/nv/emulation/pca9555.cpp line 87 column 13 function i2c_read thread 0
----------------------------------------------------
  *return_value$_at$3 = ( class nv::emulation::Pca9555 { unsigned int _active_register; unsigned int _active_bank; _Bool _new_command;  struct std::array<unsigned char, 2> { unsigned char [2] elems; }interrupt_low_vector;  struct std::array<unsigned char, 2> { unsigned char [2] elems; }state_at_last_interrupt_check;  struct std::array<unsigned char, 2> { unsigned char [2] elems; }_gpio_pin_state;  struct std::array<unsigned char, 2> { unsigned char [2] elems; }_gpio_output;  struct std::array<unsigned char, 2> { unsigned char [2] elems; }_gpio_inversion_enable;  struct std::array<unsigned char, 2> { unsigned char [2] elems; }_gpio_direction_config;  struct std::array<unsigned char, 2> { unsigned char [2] elems; }_required_outputs;  struct std::array<unsigned char, 2> { unsigned char [2] elems; }_required_inputs; unsigned _ExtInt(24) anon_pad$11; })(byte_update_little_endian((unsigned _ExtInt(224))({ ._active_register=0, ._active_bank=1, ._new_command=0, .interrupt_low_vector={ .elems={ 255, 255 } },
    .state_at_last_interrupt_check={ .elems = { 0 } },
    ._gpio_pin_state={ .elems = { 0 } },
    ._gpio_output={ .elems={ 255, 255 } },
    ._gpio_inversion_enable={ .elems = { 0 } },
    ._gpio_direction_config={ .elems = { 0 } },
    ._required_outputs={ .elems={ 255, 255 } },
    ._required_inputs={ .elems={ 255, 0 } },
    .anon_pad$11=0 }), 10, 255))

State 8 file /Users/user/NVIDIA-OpenSMA/src/nv/emulation/pca9555.cpp line 338 column 5 function next_bank thread 0
----------------------------------------------------
  *bank::0 = { ._active_register=0, ._active_bank=0, ._new_command=0, .interrupt_low_vector={ .elems={ 255, 255 } },
    .state_at_last_interrupt_check={ .elems = { 0 } },
    ._gpio_pin_state={ .elems = { 0 } },
    ._gpio_output={ .elems={ 255, 255 } },
    ._gpio_inversion_enable={ .elems = { 0 } },
    ._gpio_direction_config={ .elems = { 0 } },
    ._required_outputs={ .elems={ 255, 255 } },
    ._required_inputs={ .elems={ 255, 0 } },
    .anon_pad$11=0 }

State 9 file /Users/user/NVIDIA-OpenSMA/verification/harnesses/pca9555_harness.cpp line 55 column 14 function f_totality thread 0
----------------------------------------------------
  *return_value$_operator[]$5 = { .elems={ nondet_symbol(symex::nondet27), 0, 0, 0, 0, 0, 0, 0, 0, 0, 0, 0, 0, 0, 0, 0, 0, 0, 0, 0, 0, 0, 0, 0, 0, 0, 0, 0, 0, 0, 0, 0, 0, 0, 0 } }

State 10 file /Users/user/NVIDIA-OpenSMA/verification/harnesses/pca9555_harness.cpp line 56 column 14 function f_totality thread 0
----------------------------------------------------
  *return_value$_operator[]$6 = { .elems = 0 }

State 13 file /Users/user/NVIDIA-OpenSMA/src/nv/emulation/pca9555.cpp line 129 column 9 function i2c_write thread 0
----------------------------------------------------
  this->_active_register = { ._active_register=127, ._active_bank=0, ._new_command=1,
    .interrupt_low_vector={ .elems={ 255, 255 } }, .state_at_last_interrupt_check={ .elems = { 0 } },
    ._gpio_pin_state={ .elems = { 0 } },
    ._gpio_output={ .elems={ 255, 255 } },
    ._gpio_inversion_enable={ .elems = { 0 } },
    ._gpio_direction_config={ .elems = { 0 } },
    ._required_outputs={ .elems={ 255, 255 } },
    ._required_inputs={ .elems={ 255, 0 } },
    .anon_pad$11=0 }

State 14 file /Users/user/NVIDIA-OpenSMA/src/nv/emulation/pca9555.cpp line 130 column 9 function i2c_write thread 0
----------------------------------------------------
  this->_active_bank = { ._active_register=127, ._active_bank=0, ._new_command=1,
    .interrupt_low_vector={ .elems={ 255, 255 } }, .state_at_last_interrupt_check={ .elems = { 0 } },
    ._gpio_pin_state={ .elems = { 0 } },
    ._gpio_output={ .elems={ 255, 255 } },
    ._gpio_inversion_enable={ .elems = { 0 } },
    ._gpio_direction_config={ .elems = { 0 } },
    ._required_outputs={ .elems={ 255, 255 } },
    ._required_inputs={ .elems={ 255, 0 } },
    .anon_pad$11=0 }

State 19 file /Users/user/NVIDIA-OpenSMA/src/nv/emulation/pca9555.cpp line 182 column 5 function update_input_pins thread 0
----------------------------------------------------
  direction_vector = 0 (00000000 00000000)

State 20 file /Users/user/NVIDIA-OpenSMA/src/nv/emulation/pca9555.cpp line 192 column 5 function update_input_pins thread 0
----------------------------------------------------
  pin_mask::1 = 0 (00000000 00000000)

State 21 file /Users/user/NVIDIA-OpenSMA/src/nv/emulation/pca9555.cpp line 198 column 5 function update_input_pins thread 0
----------------------------------------------------
  OldPinValues = 0 (00000000 00000000)

State 22 file /Users/user/NVIDIA-OpenSMA/src/nv/emulation/pca9555.cpp line 201 column 5 function update_input_pins thread 0
----------------------------------------------------
  NewPinValues = 0 (00000000 00000000)

State 23 file /Users/user/NVIDIA-OpenSMA/src/nv/emulation/pca9555.cpp line 207 column 5 function update_input_pins thread 0
----------------------------------------------------
  *return_value$_at$5 = { ._active_register=127, ._active_bank=0, ._new_command=1,
    .interrupt_low_vector={ .elems={ 255, 255 } }, .state_at_last_interrupt_check={ .elems = { 0 } },
    ._gpio_pin_state=0,
    ._gpio_output={ .elems={ 255, 255 } }, ._gpio_inversion_enable={ .elems = { 0 } },
    ._gpio_direction_config={ .elems = { 0 } },
    ._required_outputs={ .elems={ 255, 255 } },
    ._required_inputs={ .elems={ 255, 0 } },
    .anon_pad$11=0 }

State 24 file /Users/user/NVIDIA-OpenSMA/src/nv/emulation/pca9555.cpp line 209 column 5 function update_input_pins thread 0
----------------------------------------------------
  *return_value$_at$6 = { ._active_register=127, ._active_bank=0, ._new_command=1,
    .interrupt_low_vector={ .elems={ 255, 255 } }, .state_at_last_interrupt_check={ .elems = { 0 } },
    ._gpio_pin_state=0,
    ._gpio_output={ .elems={ 255, 255 } }, ._gpio_inversion_enable={ .elems = { 0 } },
    ._gpio_direction_config={ .elems = { 0 } },
    ._required_outputs={ .elems={ 255, 255 } },
    ._required_inputs={ .elems={ 255, 0 } },
    .anon_pad$11=0 }

State 25 file /Users/user/NVIDIA-OpenSMA/src/nv/emulation/pca9555.cpp line 307 column 5 function update_interrupts thread 0
----------------------------------------------------
  *return_value$_at$5 = { ._active_register=127, ._active_bank=0, ._new_command=1,
    .interrupt_low_vector={ .elems={ 255, 255 } }, .state_at_last_interrupt_check=0,
    ._gpio_pin_state={ .elems = { 0 } }, ._gpio_output={ .elems={ 255, 255 } },
    ._gpio_inversion_enable={ .elems = { 0 } },
    ._gpio_direction_config={ .elems = { 0 } },
    ._required_outputs={ .elems={ 255, 255 } },
    ._required_inputs={ .elems={ 255, 0 } },
    .anon_pad$11=0 }

State 26 file /Users/user/NVIDIA-OpenSMA/src/nv/emulation/pca9555.cpp line 310 column 5 function update_interrupts thread 0
----------------------------------------------------
  *return_value$_at$7 = { ._active_register=127, ._active_bank=0, ._new_command=1,
    .interrupt_low_vector=255, .state_at_last_interrupt_check={ .elems = { 0 } },
    ._gpio_pin_state={ .elems = { 0 } },
    ._gpio_output={ .elems={ 255, 255 } },
    ._gpio_inversion_enable={ .elems = { 0 } },
    ._gpio_direction_config={ .elems = { 0 } },
    ._required_outputs={ .elems={ 255, 255 } },
    ._required_inputs={ .elems={ 255, 0 } },
    .anon_pad$11=0 }

State 27 file /Users/user/NVIDIA-OpenSMA/src/nv/emulation/pca9555.cpp line 307 column 5 function update_interrupts thread 0
----------------------------------------------------
  *return_value$_at$5 = { ._active_register=127, ._active_bank=0, ._new_command=1,
    .interrupt_low_vector={ .elems={ 255, 255 } }, .state_at_last_interrupt_check=0,
    ._gpio_pin_state={ .elems = { 0 } }, ._gpio_output={ .elems={ 255, 255 } },
    ._gpio_inversion_enable={ .elems = { 0 } },
    ._gpio_direction_config={ .elems = { 0 } },
    ._required_outputs={ .elems={ 255, 255 } },
    ._required_inputs={ .elems={ 255, 0 } },
    .anon_pad$11=0 }

State 28 file /Users/user/NVIDIA-OpenSMA/src/nv/emulation/pca9555.cpp line 310 column 5 function update_interrupts thread 0
----------------------------------------------------
  *return_value$_at$7 = { ._active_register=127, ._active_bank=0, ._new_command=1,
    .interrupt_low_vector=255, .state_at_last_interrupt_check={ .elems = { 0 } },
    ._gpio_pin_state={ .elems = { 0 } },
    ._gpio_output={ .elems={ 255, 255 } },
    ._gpio_inversion_enable={ .elems = { 0 } },
    ._gpio_direction_config={ .elems = { 0 } },
    ._required_outputs={ .elems={ 255, 255 } },
    ._required_inputs={ .elems={ 255, 0 } },
    .anon_pad$11=0 }

State 30 file /Users/user/NVIDIA-OpenSMA/verification/harnesses/pca9555_harness.cpp line 64 column 5 function f_totality thread 0
----------------------------------------------------
  bank = 1 (00000000 00000000 00000000 00000001)

State 31 file /Users/user/NVIDIA-OpenSMA/src/nv/emulation/pca9555.cpp line 217 column 5 function update_input_pins thread 0
----------------------------------------------------
Violated property:
  file /Users/user/NVIDIA-OpenSMA/src/nv/emulation/pca9555.cpp line 217 column 5 function update_input_pins
  ((signed int)pin_mask::1 & (signed int)((unsigned char)(~(signed int)direction_vector))) != 0
  ((signed int)pin_mask::1 & (signed int)((unsigned char)(~(signed int)direction_vector))) == 0

Slicing time: 0.002s (removed 111 assignments)
No solver specified; defaulting to bitwuzla
Solving claim '((signed int)pin_mask::1 & (signed int)((unsigned char)(~(signed int)direction_vector))) == 0 at file /Users/user/NVIDIA-OpenSMA/src/nv/emulation/pca9555.cpp line 217 column 5 function update_input_pins' with solver Bitwuzla 0.8.2
Encoding remaining VCC(s) using bit-vector/floating-point arithmetic
Encoding to solver time: 0.019s
Solving with solver Bitwuzla 0.8.2
Runtime decision procedure: 0.010s
✗ FAILED: '((signed int)pin_mask::1 & (signed int)((unsigned char)(~(signed int)direction_vector))) == 0 at file /Users/user/NVIDIA-OpenSMA/src/nv/emulation/pca9555.cpp line 217 column 5 function update_input_pins'

[Counterexample]


State 1 file /Users/user/NVIDIA-OpenSMA/verification/harnesses/pca9555_harness.cpp line 43 column 5 function f_totality thread 0
----------------------------------------------------
  init = 0 (00000000 00000000)

State 2 file /Users/user/NVIDIA-OpenSMA/verification/harnesses/pca9555_harness.cpp line 44 column 5 function f_totality thread 0
----------------------------------------------------
  out_m = 65535 (11111111 11111111)

State 3 file /Users/user/NVIDIA-OpenSMA/verification/harnesses/pca9555_harness.cpp line 45 column 5 function f_totality thread 0
----------------------------------------------------
  in_m = 255 (00000000 11111111)

State 4 file /Users/user/NVIDIA-OpenSMA/verification/harnesses/pca9555_harness.cpp line 46 column 5 function f_totality thread 0
----------------------------------------------------
  dev = { ._active_register=0, ._active_bank=0, ._new_command=1, .interrupt_low_vector={ .elems={ 255, 255 } },
    .state_at_last_interrupt_check={ .elems = { 0 } },
    ._gpio_pin_state={ .elems = { 0 } },
    ._gpio_output={ .elems={ 255, 255 } },
    ._gpio_inversion_enable={ .elems = { 0 } },
    ._gpio_direction_config={ .elems = { 0 } },
    ._required_outputs={ .elems={ 255, 255 } },
    ._required_inputs={ .elems={ 255, 0 } },
    .anon_pad$11=0 }

State 5 file /Users/user/NVIDIA-OpenSMA/src/nv/emulation/pca9555.cpp line 87 column 13 function i2c_read thread 0
----------------------------------------------------
  *return_value$_at$3 = ( class nv::emulation::Pca9555 { unsigned int _active_register; unsigned int _active_bank; _Bool _new_command;  struct std::array<unsigned char, 2> { unsigned char [2] elems; }interrupt_low_vector;  struct std::array<unsigned char, 2> { unsigned char [2] elems; }state_at_last_interrupt_check;  struct std::array<unsigned char, 2> { unsigned char [2] elems; }_gpio_pin_state;  struct std::array<unsigned char, 2> { unsigned char [2] elems; }_gpio_output;  struct std::array<unsigned char, 2> { unsigned char [2] elems; }_gpio_inversion_enable;  struct std::array<unsigned char, 2> { unsigned char [2] elems; }_gpio_direction_config;  struct std::array<unsigned char, 2> { unsigned char [2] elems; }_required_outputs;  struct std::array<unsigned char, 2> { unsigned char [2] elems; }_required_inputs; unsigned _ExtInt(24) anon_pad$11; })(byte_update_little_endian((unsigned _ExtInt(224))({ ._active_register=0, ._active_bank=0, ._new_command=0, .interrupt_low_vector={ .elems={ 255, 255 } },
    .state_at_last_interrupt_check={ .elems = { 0 } },
    ._gpio_pin_state={ .elems = { 0 } },
    ._gpio_output={ .elems={ 255, 255 } },
    ._gpio_inversion_enable={ .elems = { 0 } },
    ._gpio_direction_config={ .elems = { 0 } },
    ._required_outputs={ .elems={ 255, 255 } },
    ._required_inputs={ .elems={ 255, 0 } },
    .anon_pad$11=0 }), 9, 255))

State 6 file /Users/user/NVIDIA-OpenSMA/src/nv/emulation/pca9555.cpp line 338 column 5 function next_bank thread 0
----------------------------------------------------
  *bank::0 = { ._active_register=0, ._active_bank=1, ._new_command=0, .interrupt_low_vector={ .elems={ 255, 255 } },
    .state_at_last_interrupt_check={ .elems = { 0 } },
    ._gpio_pin_state={ .elems = { 0 } },
    ._gpio_output={ .elems={ 255, 255 } },
    ._gpio_inversion_enable={ .elems = { 0 } },
    ._gpio_direction_config={ .elems = { 0 } },
    ._required_outputs={ .elems={ 255, 255 } },
    ._required_inputs={ .elems={ 255, 0 } },
    .anon_pad$11=0 }

State 7 file /Users/user/NVIDIA-OpenSMA/src/nv/emulation/pca9555.cpp line 87 column 13 function i2c_read thread 0
----------------------------------------------------
  *return_value$_at$3 = ( class nv::emulation::Pca9555 { unsigned int _active_register; unsigned int _active_bank; _Bool _new_command;  struct std::array<unsigned char, 2> { unsigned char [2] elems; }interrupt_low_vector;  struct std::array<unsigned char, 2> { unsigned char [2] elems; }state_at_last_interrupt_check;  struct std::array<unsigned char, 2> { unsigned char [2] elems; }_gpio_pin_state;  struct std::array<unsigned char, 2> { unsigned char [2] elems; }_gpio_output;  struct std::array<unsigned char, 2> { unsigned char [2] elems; }_gpio_inversion_enable;  struct std::array<unsigned char, 2> { unsigned char [2] elems; }_gpio_direction_config;  struct std::array<unsigned char, 2> { unsigned char [2] elems; }_required_outputs;  struct std::array<unsigned char, 2> { unsigned char [2] elems; }_required_inputs; unsigned _ExtInt(24) anon_pad$11; })(byte_update_little_endian((unsigned _ExtInt(224))({ ._active_register=0, ._active_bank=1, ._new_command=0, .interrupt_low_vector={ .elems={ 255, 255 } },
    .state_at_last_interrupt_check={ .elems = { 0 } },
    ._gpio_pin_state={ .elems = { 0 } },
    ._gpio_output={ .elems={ 255, 255 } },
    ._gpio_inversion_enable={ .elems = { 0 } },
    ._gpio_direction_config={ .elems = { 0 } },
    ._required_outputs={ .elems={ 255, 255 } },
    ._required_inputs={ .elems={ 255, 0 } },
    .anon_pad$11=0 }), 10, 255))

State 8 file /Users/user/NVIDIA-OpenSMA/src/nv/emulation/pca9555.cpp line 338 column 5 function next_bank thread 0
----------------------------------------------------
  *bank::0 = { ._active_register=0, ._active_bank=0, ._new_command=0, .interrupt_low_vector={ .elems={ 255, 255 } },
    .state_at_last_interrupt_check={ .elems = { 0 } },
    ._gpio_pin_state={ .elems = { 0 } },
    ._gpio_output={ .elems={ 255, 255 } },
    ._gpio_inversion_enable={ .elems = { 0 } },
    ._gpio_direction_config={ .elems = { 0 } },
    ._required_outputs={ .elems={ 255, 255 } },
    ._required_inputs={ .elems={ 255, 0 } },
    .anon_pad$11=0 }

State 9 file /Users/user/NVIDIA-OpenSMA/verification/harnesses/pca9555_harness.cpp line 55 column 14 function f_totality thread 0
----------------------------------------------------
  *return_value$_operator[]$5 = { .elems={ nondet_symbol(symex::nondet27), 0, 0, 0, 0, 0, 0, 0, 0, 0, 0, 0, 0, 0, 0, 0, 0, 0, 0, 0, 0, 0, 0, 0, 0, 0, 0, 0, 0, 0, 0, 0, 0, 0, 0 } }

State 10 file /Users/user/NVIDIA-OpenSMA/verification/harnesses/pca9555_harness.cpp line 56 column 14 function f_totality thread 0
----------------------------------------------------
  *return_value$_operator[]$6 = { .elems = 0 }

State 13 file /Users/user/NVIDIA-OpenSMA/src/nv/emulation/pca9555.cpp line 129 column 9 function i2c_write thread 0
----------------------------------------------------
  this->_active_register = { ._active_register=127, ._active_bank=0, ._new_command=1,
    .interrupt_low_vector={ .elems={ 255, 255 } }, .state_at_last_interrupt_check={ .elems = { 0 } },
    ._gpio_pin_state={ .elems = { 0 } },
    ._gpio_output={ .elems={ 255, 255 } },
    ._gpio_inversion_enable={ .elems = { 0 } },
    ._gpio_direction_config={ .elems = { 0 } },
    ._required_outputs={ .elems={ 255, 255 } },
    ._required_inputs={ .elems={ 255, 0 } },
    .anon_pad$11=0 }

State 14 file /Users/user/NVIDIA-OpenSMA/src/nv/emulation/pca9555.cpp line 130 column 9 function i2c_write thread 0
----------------------------------------------------
  this->_active_bank = { ._active_register=127, ._active_bank=0, ._new_command=1,
    .interrupt_low_vector={ .elems={ 255, 255 } }, .state_at_last_interrupt_check={ .elems = { 0 } },
    ._gpio_pin_state={ .elems = { 0 } },
    ._gpio_output={ .elems={ 255, 255 } },
    ._gpio_inversion_enable={ .elems = { 0 } },
    ._gpio_direction_config={ .elems = { 0 } },
    ._required_outputs={ .elems={ 255, 255 } },
    ._required_inputs={ .elems={ 255, 0 } },
    .anon_pad$11=0 }

State 19 file /Users/user/NVIDIA-OpenSMA/src/nv/emulation/pca9555.cpp line 182 column 5 function update_input_pins thread 0
----------------------------------------------------
  direction_vector = 0 (00000000 00000000)

State 20 file /Users/user/NVIDIA-OpenSMA/src/nv/emulation/pca9555.cpp line 192 column 5 function update_input_pins thread 0
----------------------------------------------------
  pin_mask::1 = 0 (00000000 00000000)

State 21 file /Users/user/NVIDIA-OpenSMA/src/nv/emulation/pca9555.cpp line 198 column 5 function update_input_pins thread 0
----------------------------------------------------
  OldPinValues = 0 (00000000 00000000)

State 22 file /Users/user/NVIDIA-OpenSMA/src/nv/emulation/pca9555.cpp line 201 column 5 function update_input_pins thread 0
----------------------------------------------------
  NewPinValues = 0 (00000000 00000000)

State 23 file /Users/user/NVIDIA-OpenSMA/src/nv/emulation/pca9555.cpp line 207 column 5 function update_input_pins thread 0
----------------------------------------------------
  *return_value$_at$5 = { ._active_register=127, ._active_bank=0, ._new_command=1,
    .interrupt_low_vector={ .elems={ 255, 255 } }, .state_at_last_interrupt_check={ .elems = { 0 } },
    ._gpio_pin_state=0,
    ._gpio_output={ .elems={ 255, 255 } }, ._gpio_inversion_enable={ .elems = { 0 } },
    ._gpio_direction_config={ .elems = { 0 } },
    ._required_outputs={ .elems={ 255, 255 } },
    ._required_inputs={ .elems={ 255, 0 } },
    .anon_pad$11=0 }

State 24 file /Users/user/NVIDIA-OpenSMA/src/nv/emulation/pca9555.cpp line 209 column 5 function update_input_pins thread 0
----------------------------------------------------
  *return_value$_at$6 = { ._active_register=127, ._active_bank=0, ._new_command=1,
    .interrupt_low_vector={ .elems={ 255, 255 } }, .state_at_last_interrupt_check={ .elems = { 0 } },
    ._gpio_pin_state=0,
    ._gpio_output={ .elems={ 255, 255 } }, ._gpio_inversion_enable={ .elems = { 0 } },
    ._gpio_direction_config={ .elems = { 0 } },
    ._required_outputs={ .elems={ 255, 255 } },
    ._required_inputs={ .elems={ 255, 0 } },
    .anon_pad$11=0 }

State 25 file /Users/user/NVIDIA-OpenSMA/src/nv/emulation/pca9555.cpp line 307 column 5 function update_interrupts thread 0
----------------------------------------------------
  *return_value$_at$5 = { ._active_register=127, ._active_bank=0, ._new_command=1,
    .interrupt_low_vector={ .elems={ 255, 255 } }, .state_at_last_interrupt_check=0,
    ._gpio_pin_state={ .elems = { 0 } }, ._gpio_output={ .elems={ 255, 255 } },
    ._gpio_inversion_enable={ .elems = { 0 } },
    ._gpio_direction_config={ .elems = { 0 } },
    ._required_outputs={ .elems={ 255, 255 } },
    ._required_inputs={ .elems={ 255, 0 } },
    .anon_pad$11=0 }

State 26 file /Users/user/NVIDIA-OpenSMA/src/nv/emulation/pca9555.cpp line 310 column 5 function update_interrupts thread 0
----------------------------------------------------
  *return_value$_at$7 = { ._active_register=127, ._active_bank=0, ._new_command=1,
    .interrupt_low_vector=255, .state_at_last_interrupt_check={ .elems = { 0 } },
    ._gpio_pin_state={ .elems = { 0 } },
    ._gpio_output={ .elems={ 255, 255 } },
    ._gpio_inversion_enable={ .elems = { 0 } },
    ._gpio_direction_config={ .elems = { 0 } },
    ._required_outputs={ .elems={ 255, 255 } },
    ._required_inputs={ .elems={ 255, 0 } },
    .anon_pad$11=0 }

State 27 file /Users/user/NVIDIA-OpenSMA/src/nv/emulation/pca9555.cpp line 307 column 5 function update_interrupts thread 0
----------------------------------------------------
  *return_value$_at$5 = { ._active_register=127, ._active_bank=0, ._new_command=1,
    .interrupt_low_vector={ .elems={ 255, 255 } }, .state_at_last_interrupt_check=0,
    ._gpio_pin_state={ .elems = { 0 } }, ._gpio_output={ .elems={ 255, 255 } },
    ._gpio_inversion_enable={ .elems = { 0 } },
    ._gpio_direction_config={ .elems = { 0 } },
    ._required_outputs={ .elems={ 255, 255 } },
    ._required_inputs={ .elems={ 255, 0 } },
    .anon_pad$11=0 }

State 28 file /Users/user/NVIDIA-OpenSMA/src/nv/emulation/pca9555.cpp line 310 column 5 function update_interrupts thread 0
----------------------------------------------------
  *return_value$_at$7 = { ._active_register=127, ._active_bank=0, ._new_command=1,
    .interrupt_low_vector=255, .state_at_last_interrupt_check={ .elems = { 0 } },
    ._gpio_pin_state={ .elems = { 0 } },
    ._gpio_output={ .elems={ 255, 255 } },
    ._gpio_inversion_enable={ .elems = { 0 } },
    ._gpio_direction_config={ .elems = { 0 } },
    ._required_outputs={ .elems={ 255, 255 } },
    ._required_inputs={ .elems={ 255, 0 } },
    .anon_pad$11=0 }

State 30 file /Users/user/NVIDIA-OpenSMA/verification/harnesses/pca9555_harness.cpp line 64 column 5 function f_totality thread 0
----------------------------------------------------
  bank = 1 (00000000 00000000 00000000 00000001)

State 31 file /Users/user/NVIDIA-OpenSMA/src/nv/emulation/pca9555.cpp line 217 column 5 function update_input_pins thread 0
----------------------------------------------------
Violated property:
  file /Users/user/NVIDIA-OpenSMA/src/nv/emulation/pca9555.cpp line 217 column 5 function update_input_pins
  ((signed int)pin_mask::1 & (signed int)((unsigned char)(~(signed int)direction_vector))) == 0
  ((signed int)pin_mask::1 & (signed int)((unsigned char)(~(signed int)direction_vector))) != 0

Slicing time: 0.002s (removed 143 assignments)
No solver specified; defaulting to bitwuzla
Solving claim '((signed int)pin_mask::1 & (signed int)((unsigned short int)(~(signed int)direction_vector))) != 0 at file /Users/user/NVIDIA-OpenSMA/src/nv/emulation/pca9555.cpp line 184 column 5 function update_input_pins' with solver Bitwuzla 0.8.2
Encoding remaining VCC(s) using bit-vector/floating-point arithmetic
Encoding to solver time: 0.019s
Solving with solver Bitwuzla 0.8.2
Runtime decision procedure: 0.009s
✗ FAILED: '((signed int)pin_mask::1 & (signed int)((unsigned short int)(~(signed int)direction_vector))) != 0 at file /Users/user/NVIDIA-OpenSMA/src/nv/emulation/pca9555.cpp line 184 column 5 function update_input_pins'

[Counterexample]


State 1 file /Users/user/NVIDIA-OpenSMA/verification/harnesses/pca9555_harness.cpp line 43 column 5 function f_totality thread 0
----------------------------------------------------
  init = 0 (00000000 00000000)

State 2 file /Users/user/NVIDIA-OpenSMA/verification/harnesses/pca9555_harness.cpp line 44 column 5 function f_totality thread 0
----------------------------------------------------
  out_m = 65535 (11111111 11111111)

State 3 file /Users/user/NVIDIA-OpenSMA/verification/harnesses/pca9555_harness.cpp line 45 column 5 function f_totality thread 0
----------------------------------------------------
  in_m = 0 (00000000 00000000)

State 4 file /Users/user/NVIDIA-OpenSMA/verification/harnesses/pca9555_harness.cpp line 46 column 5 function f_totality thread 0
----------------------------------------------------
  dev = { ._active_register=0, ._active_bank=0, ._new_command=1, .interrupt_low_vector={ .elems={ 255, 255 } },
    .state_at_last_interrupt_check={ .elems = { 0 } },
    ._gpio_pin_state={ .elems = { 0 } },
    ._gpio_output={ .elems={ 255, 255 } },
    ._gpio_inversion_enable={ .elems = { 0 } },
    ._gpio_direction_config={ .elems = { 0 } },
    ._required_outputs={ .elems={ 255, 255 } },
    ._required_inputs={ .elems = { 0 } },
    .anon_pad$11=0 }

State 5 file /Users/user/NVIDIA-OpenSMA/src/nv/emulation/pca9555.cpp line 87 column 13 function i2c_read thread 0
----------------------------------------------------
  *return_value$_at$3 = ( class nv::emulation::Pca9555 { unsigned int _active_register; unsigned int _active_bank; _Bool _new_command;  struct std::array<unsigned char, 2> { unsigned char [2] elems; }interrupt_low_vector;  struct std::array<unsigned char, 2> { unsigned char [2] elems; }state_at_last_interrupt_check;  struct std::array<unsigned char, 2> { unsigned char [2] elems; }_gpio_pin_state;  struct std::array<unsigned char, 2> { unsigned char [2] elems; }_gpio_output;  struct std::array<unsigned char, 2> { unsigned char [2] elems; }_gpio_inversion_enable;  struct std::array<unsigned char, 2> { unsigned char [2] elems; }_gpio_direction_config;  struct std::array<unsigned char, 2> { unsigned char [2] elems; }_required_outputs;  struct std::array<unsigned char, 2> { unsigned char [2] elems; }_required_inputs; unsigned _ExtInt(24) anon_pad$11; })(byte_update_little_endian((unsigned _ExtInt(224))({ ._active_register=0, ._active_bank=0, ._new_command=0, .interrupt_low_vector={ .elems={ 255, 255 } },
    .state_at_last_interrupt_check={ .elems = { 0 } },
    ._gpio_pin_state={ .elems = { 0 } },
    ._gpio_output={ .elems={ 255, 255 } },
    ._gpio_inversion_enable={ .elems = { 0 } },
    ._gpio_direction_config={ .elems = { 0 } },
    ._required_outputs={ .elems={ 255, 255 } },
    ._required_inputs={ .elems = { 0 } },
    .anon_pad$11=0 }), 9, 255))

State 6 file /Users/user/NVIDIA-OpenSMA/src/nv/emulation/pca9555.cpp line 338 column 5 function next_bank thread 0
----------------------------------------------------
  *bank::0 = { ._active_register=0, ._active_bank=1, ._new_command=0, .interrupt_low_vector={ .elems={ 255, 255 } },
    .state_at_last_interrupt_check={ .elems = { 0 } },
    ._gpio_pin_state={ .elems = { 0 } },
    ._gpio_output={ .elems={ 255, 255 } },
    ._gpio_inversion_enable={ .elems = { 0 } },
    ._gpio_direction_config={ .elems = { 0 } },
    ._required_outputs={ .elems={ 255, 255 } },
    ._required_inputs={ .elems = { 0 } },
    .anon_pad$11=0 }

State 7 file /Users/user/NVIDIA-OpenSMA/src/nv/emulation/pca9555.cpp line 87 column 13 function i2c_read thread 0
----------------------------------------------------
  *return_value$_at$3 = ( class nv::emulation::Pca9555 { unsigned int _active_register; unsigned int _active_bank; _Bool _new_command;  struct std::array<unsigned char, 2> { unsigned char [2] elems; }interrupt_low_vector;  struct std::array<unsigned char, 2> { unsigned char [2] elems; }state_at_last_interrupt_check;  struct std::array<unsigned char, 2> { unsigned char [2] elems; }_gpio_pin_state;  struct std::array<unsigned char, 2> { unsigned char [2] elems; }_gpio_output;  struct std::array<unsigned char, 2> { unsigned char [2] elems; }_gpio_inversion_enable;  struct std::array<unsigned char, 2> { unsigned char [2] elems; }_gpio_direction_config;  struct std::array<unsigned char, 2> { unsigned char [2] elems; }_required_outputs;  struct std::array<unsigned char, 2> { unsigned char [2] elems; }_required_inputs; unsigned _ExtInt(24) anon_pad$11; })(byte_update_little_endian((unsigned _ExtInt(224))({ ._active_register=0, ._active_bank=1, ._new_command=0, .interrupt_low_vector={ .elems={ 255, 255 } },
    .state_at_last_interrupt_check={ .elems = { 0 } },
    ._gpio_pin_state={ .elems = { 0 } },
    ._gpio_output={ .elems={ 255, 255 } },
    ._gpio_inversion_enable={ .elems = { 0 } },
    ._gpio_direction_config={ .elems = { 0 } },
    ._required_outputs={ .elems={ 255, 255 } },
    ._required_inputs={ .elems = { 0 } },
    .anon_pad$11=0 }), 10, 255))

State 8 file /Users/user/NVIDIA-OpenSMA/src/nv/emulation/pca9555.cpp line 338 column 5 function next_bank thread 0
----------------------------------------------------
  *bank::0 = { ._active_register=0, ._active_bank=0, ._new_command=0, .interrupt_low_vector={ .elems={ 255, 255 } },
    .state_at_last_interrupt_check={ .elems = { 0 } },
    ._gpio_pin_state={ .elems = { 0 } },
    ._gpio_output={ .elems={ 255, 255 } },
    ._gpio_inversion_enable={ .elems = { 0 } },
    ._gpio_direction_config={ .elems = { 0 } },
    ._required_outputs={ .elems={ 255, 255 } },
    ._required_inputs={ .elems = { 0 } },
    .anon_pad$11=0 }

State 9 file /Users/user/NVIDIA-OpenSMA/verification/harnesses/pca9555_harness.cpp line 55 column 14 function f_totality thread 0
----------------------------------------------------
  *return_value$_operator[]$5 = { .elems={ nondet_symbol(symex::nondet27), 0, 0, 0, 0, 0, 0, 0, 0, 0, 0, 0, 0, 0, 0, 0, 0, 0, 0, 0, 0, 0, 0, 0, 0, 0, 0, 0, 0, 0, 0, 0, 0, 0, 0 } }

State 10 file /Users/user/NVIDIA-OpenSMA/verification/harnesses/pca9555_harness.cpp line 56 column 14 function f_totality thread 0
----------------------------------------------------
  *return_value$_operator[]$6 = { .elems = 0 }

State 13 file /Users/user/NVIDIA-OpenSMA/src/nv/emulation/pca9555.cpp line 129 column 9 function i2c_write thread 0
----------------------------------------------------
  this->_active_register = { ._active_register=1, ._active_bank=0, ._new_command=1, .interrupt_low_vector={ .elems={ 255, 255 } },
    .state_at_last_interrupt_check={ .elems = { 0 } },
    ._gpio_pin_state={ .elems = { 0 } },
    ._gpio_output={ .elems={ 255, 255 } },
    ._gpio_inversion_enable={ .elems = { 0 } },
    ._gpio_direction_config={ .elems = { 0 } },
    ._required_outputs={ .elems={ 255, 255 } },
    ._required_inputs={ .elems = { 0 } },
    .anon_pad$11=0 }

State 14 file /Users/user/NVIDIA-OpenSMA/src/nv/emulation/pca9555.cpp line 130 column 9 function i2c_write thread 0
----------------------------------------------------
  this->_active_bank = { ._active_register=1, ._active_bank=0, ._new_command=1, .interrupt_low_vector={ .elems={ 255, 255 } },
    .state_at_last_interrupt_check={ .elems = { 0 } },
    ._gpio_pin_state={ .elems = { 0 } },
    ._gpio_output={ .elems={ 255, 255 } },
    ._gpio_inversion_enable={ .elems = { 0 } },
    ._gpio_direction_config={ .elems = { 0 } },
    ._required_outputs={ .elems={ 255, 255 } },
    ._required_inputs={ .elems = { 0 } },
    .anon_pad$11=0 }

State 17 file /Users/user/NVIDIA-OpenSMA/src/nv/emulation/pca9555.cpp line 153 column 17 function i2c_write thread 0
----------------------------------------------------
  *return_value$_at$4 = ( class nv::emulation::Pca9555 { unsigned int _active_register; unsigned int _active_bank; _Bool _new_command;  struct std::array<unsigned char, 2> { unsigned char [2] elems; }interrupt_low_vector;  struct std::array<unsigned char, 2> { unsigned char [2] elems; }state_at_last_interrupt_check;  struct std::array<unsigned char, 2> { unsigned char [2] elems; }_gpio_pin_state;  struct std::array<unsigned char, 2> { unsigned char [2] elems; }_gpio_output;  struct std::array<unsigned char, 2> { unsigned char [2] elems; }_gpio_inversion_enable;  struct std::array<unsigned char, 2> { unsigned char [2] elems; }_gpio_direction_config;  struct std::array<unsigned char, 2> { unsigned char [2] elems; }_required_outputs;  struct std::array<unsigned char, 2> { unsigned char [2] elems; }_required_inputs; unsigned _ExtInt(24) anon_pad$11; })(byte_update_little_endian((unsigned _ExtInt(224))({ ._active_register=1, ._active_bank=0, ._new_command=1, .interrupt_low_vector={ .elems={ 255, 255 } },
    .state_at_last_interrupt_check={ .elems = { 0 } },
    ._gpio_pin_state={ .elems = { 0 } },
    ._gpio_output={ .elems={ 255, 255 } },
    ._gpio_inversion_enable={ .elems = { 0 } },
    ._gpio_direction_config={ .elems = { 0 } },
    ._required_outputs={ .elems={ 255, 255 } },
    ._required_inputs={ .elems = { 0 } },
    .anon_pad$11=0 }), 15, 0))

State 18 file /Users/user/NVIDIA-OpenSMA/src/nv/emulation/pca9555.cpp line 268 column 5 function propagate_output_or_direction_change thread 0
----------------------------------------------------
  *return_value$_at$1 = ( class nv::emulation::Pca9555 { unsigned int _active_register; unsigned int _active_bank; _Bool _new_command;  struct std::array<unsigned char, 2> { unsigned char [2] elems; }interrupt_low_vector;  struct std::array<unsigned char, 2> { unsigned char [2] elems; }state_at_last_interrupt_check;  struct std::array<unsigned char, 2> { unsigned char [2] elems; }_gpio_pin_state;  struct std::array<unsigned char, 2> { unsigned char [2] elems; }_gpio_output;  struct std::array<unsigned char, 2> { unsigned char [2] elems; }_gpio_inversion_enable;  struct std::array<unsigned char, 2> { unsigned char [2] elems; }_gpio_direction_config;  struct std::array<unsigned char, 2> { unsigned char [2] elems; }_required_outputs;  struct std::array<unsigned char, 2> { unsigned char [2] elems; }_required_inputs; unsigned _ExtInt(24) anon_pad$11; })(byte_update_little_endian((unsigned _ExtInt(224))({ ._active_register=1, ._active_bank=0, ._new_command=1, .interrupt_low_vector={ .elems={ 255, 255 } },
    .state_at_last_interrupt_check={ .elems = { 0 } },
    ._gpio_pin_state={ .elems = { 0 } },
    ._gpio_output={ .elems={ 0, 255 } },
    ._gpio_inversion_enable={ .elems = { 0 } },
    ._gpio_direction_config={ .elems = { 0 } },
    ._required_outputs={ .elems={ 255, 255 } },
    ._required_inputs={ .elems = { 0 } },
    .anon_pad$11=0 }), 13, (unsigned char)((signed int)((unsigned char)((signed int)(byte_extract_little_endian((unsigned _ExtInt(224))({ ._active_register=1, ._active_bank=0, ._new_command=1, .interrupt_low_vector={ .elems={ 255, 255 } },
    .state_at_last_interrupt_check={ .elems = { 0 } },
    ._gpio_pin_state={ .elems = { 0 } },
    ._gpio_output={ .elems={ 0, 255 } },
    ._gpio_inversion_enable={ .elems = { 0 } },
    ._gpio_direction_config={ .elems = { 0 } },
    ._required_outputs={ .elems={ 255, 255 } },
    ._required_inputs={ .elems = { 0 } },
    .anon_pad$11=0 }), 15)) & (signed int)((unsigned char)(~((signed int)(byte_extract_little_endian((unsigned _ExtInt(224))({ ._active_register=1, ._active_bank=0, ._new_command=1, .interrupt_low_vector={ .elems={ 255, 255 } },
    .state_at_last_interrupt_check={ .elems = { 0 } },
    ._gpio_pin_state={ .elems = { 0 } },
    ._gpio_output={ .elems={ 0, 255 } },
    ._gpio_inversion_enable={ .elems = { 0 } },
    ._gpio_direction_config={ .elems = { 0 } },
    ._required_outputs={ .elems={ 255, 255 } },
    ._required_inputs={ .elems = { 0 } },
    .anon_pad$11=0 }), 19))))))) | (signed int)((unsigned char)((signed int)(byte_extract_little_endian((unsigned _ExtInt(224))({ ._active_register=1, ._active_bank=0, ._new_command=1, .interrupt_low_vector={ .elems={ 255, 255 } },
    .state_at_last_interrupt_check={ .elems = { 0 } },
    ._gpio_pin_state={ .elems = { 0 } },
    ._gpio_output={ .elems={ 0, 255 } },
    ._gpio_inversion_enable={ .elems = { 0 } },
    ._gpio_direction_config={ .elems = { 0 } },
    ._required_outputs={ .elems={ 255, 255 } },
    ._required_inputs={ .elems = { 0 } },
    .anon_pad$11=0 }), 13)) & (signed int)(byte_extract_little_endian((unsigned _ExtInt(224))({ ._active_register=1, ._active_bank=0, ._new_command=1, .interrupt_low_vector={ .elems={ 255, 255 } },
    .state_at_last_interrupt_check={ .elems = { 0 } },
    ._gpio_pin_state={ .elems = { 0 } },
    ._gpio_output={ .elems={ 0, 255 } },
    ._gpio_inversion_enable={ .elems = { 0 } },
    ._gpio_direction_config={ .elems = { 0 } },
    ._required_outputs={ .elems={ 255, 255 } },
    ._required_inputs={ .elems = { 0 } },
    .anon_pad$11=0 }), 19)))))))

State 19 file /Users/user/NVIDIA-OpenSMA/src/nv/emulation/pca9555.cpp line 307 column 5 function update_interrupts thread 0
----------------------------------------------------
  *return_value$_at$5 = ( class nv::emulation::Pca9555 { unsigned int _active_register; unsigned int _active_bank; _Bool _new_command;  struct std::array<unsigned char, 2> { unsigned char [2] elems; }interrupt_low_vector;  struct std::array<unsigned char, 2> { unsigned char [2] elems; }state_at_last_interrupt_check;  struct std::array<unsigned char, 2> { unsigned char [2] elems; }_gpio_pin_state;  struct std::array<unsigned char, 2> { unsigned char [2] elems; }_gpio_output;  struct std::array<unsigned char, 2> { unsigned char [2] elems; }_gpio_inversion_enable;  struct std::array<unsigned char, 2> { unsigned char [2] elems; }_gpio_direction_config;  struct std::array<unsigned char, 2> { unsigned char [2] elems; }_required_outputs;  struct std::array<unsigned char, 2> { unsigned char [2] elems; }_required_inputs; unsigned _ExtInt(24) anon_pad$11; })(byte_update_little_endian((unsigned _ExtInt(224))({ ._active_register=1, ._active_bank=0, ._new_command=1, .interrupt_low_vector={ .elems={ 255, 255 } },
    .state_at_last_interrupt_check={ .elems = { 0 } },
    ._gpio_pin_state={ .elems = { 0 } },
    ._gpio_output={ .elems={ 0, 255 } },
    ._gpio_inversion_enable={ .elems = { 0 } },
    ._gpio_direction_config={ .elems = { 0 } },
    ._required_outputs={ .elems={ 255, 255 } },
    ._required_inputs={ .elems = { 0 } },
    .anon_pad$11=0 }), 11, byte_extract_little_endian((unsigned _ExtInt(224))({ ._active_register=1, ._active_bank=0, ._new_command=1, .interrupt_low_vector={ .elems={ 255, 255 } },
    .state_at_last_interrupt_check={ .elems = { 0 } },
    ._gpio_pin_state={ .elems = { 0 } },
    ._gpio_output={ .elems={ 0, 255 } },
    ._gpio_inversion_enable={ .elems = { 0 } },
    ._gpio_direction_config={ .elems = { 0 } },
    ._required_outputs={ .elems={ 255, 255 } },
    ._required_inputs={ .elems = { 0 } },
    .anon_pad$11=0 }), 13)))

State 20 file /Users/user/NVIDIA-OpenSMA/src/nv/emulation/pca9555.cpp line 310 column 5 function update_interrupts thread 0
----------------------------------------------------
  *return_value$_at$7 = ( class nv::emulation::Pca9555 { unsigned int _active_register; unsigned int _active_bank; _Bool _new_command;  struct std::array<unsigned char, 2> { unsigned char [2] elems; }interrupt_low_vector;  struct std::array<unsigned char, 2> { unsigned char [2] elems; }state_at_last_interrupt_check;  struct std::array<unsigned char, 2> { unsigned char [2] elems; }_gpio_pin_state;  struct std::array<unsigned char, 2> { unsigned char [2] elems; }_gpio_output;  struct std::array<unsigned char, 2> { unsigned char [2] elems; }_gpio_inversion_enable;  struct std::array<unsigned char, 2> { unsigned char [2] elems; }_gpio_direction_config;  struct std::array<unsigned char, 2> { unsigned char [2] elems; }_required_outputs;  struct std::array<unsigned char, 2> { unsigned char [2] elems; }_required_inputs; unsigned _ExtInt(24) anon_pad$11; })(byte_update_little_endian((unsigned _ExtInt(224))({ ._active_register=1, ._active_bank=0, ._new_command=1, .interrupt_low_vector={ .elems={ 255, 255 } },
    .state_at_last_interrupt_check={ .elems = { 0 } },
    ._gpio_pin_state={ .elems = { 0 } },
    ._gpio_output={ .elems={ 0, 255 } },
    ._gpio_inversion_enable={ .elems = { 0 } },
    ._gpio_direction_config={ .elems = { 0 } },
    ._required_outputs={ .elems={ 255, 255 } },
    ._required_inputs={ .elems = { 0 } },
    .anon_pad$11=0 }), 9, 255))

State 23 file /Users/user/NVIDIA-OpenSMA/src/nv/emulation/pca9555.cpp line 182 column 5 function update_input_pins thread 0
----------------------------------------------------
  direction_vector = 0 (00000000 00000000)

State 24 file /Users/user/NVIDIA-OpenSMA/src/nv/emulation/pca9555.cpp line 184 column 5 function update_input_pins thread 0
----------------------------------------------------
Violated property:
  file /Users/user/NVIDIA-OpenSMA/src/nv/emulation/pca9555.cpp line 184 column 5 function update_input_pins
  ((signed int)pin_mask::1 & (signed int)((unsigned short int)(~(signed int)direction_vector))) != 0
  ((signed int)pin_mask::1 & (signed int)((unsigned short int)(~(signed int)direction_vector))) == 0

Slicing time: 0.003s (removed 143 assignments)
No solver specified; defaulting to bitwuzla
Solving claim '((signed int)pin_mask::1 & (signed int)((unsigned short int)(~(signed int)direction_vector))) == 0 at file /Users/user/NVIDIA-OpenSMA/src/nv/emulation/pca9555.cpp line 184 column 5 function update_input_pins' with solver Bitwuzla 0.8.2
Encoding remaining VCC(s) using bit-vector/floating-point arithmetic
Encoding to solver time: 0.018s
Solving with solver Bitwuzla 0.8.2
Runtime decision procedure: 0.005s
✗ FAILED: '((signed int)pin_mask::1 & (signed int)((unsigned short int)(~(signed int)direction_vector))) == 0 at file /Users/user/NVIDIA-OpenSMA/src/nv/emulation/pca9555.cpp line 184 column 5 function update_input_pins'

[Counterexample]


State 1 file /Users/user/NVIDIA-OpenSMA/verification/harnesses/pca9555_harness.cpp line 43 column 5 function f_totality thread 0
----------------------------------------------------
  init = 0 (00000000 00000000)

State 2 file /Users/user/NVIDIA-OpenSMA/verification/harnesses/pca9555_harness.cpp line 44 column 5 function f_totality thread 0
----------------------------------------------------
  out_m = 0 (00000000 00000000)

State 3 file /Users/user/NVIDIA-OpenSMA/verification/harnesses/pca9555_harness.cpp line 45 column 5 function f_totality thread 0
----------------------------------------------------
  in_m = 0 (00000000 00000000)

State 4 file /Users/user/NVIDIA-OpenSMA/verification/harnesses/pca9555_harness.cpp line 46 column 5 function f_totality thread 0
----------------------------------------------------
  dev = { ._active_register=0, ._active_bank=0, ._new_command=1, .interrupt_low_vector={ .elems={ 255, 255 } },
    .state_at_last_interrupt_check={ .elems = { 0 } },
    ._gpio_pin_state={ .elems = { 0 } },
    ._gpio_output={ .elems={ 255, 255 } },
    ._gpio_inversion_enable={ .elems = { 0 } },
    ._gpio_direction_config={ .elems={ 255, 255 } },
    ._required_outputs={ .elems = { 0 } },
    ._required_inputs={ .elems = { 0 } },
    .anon_pad$11=0 }

State 5 file /Users/user/NVIDIA-OpenSMA/src/nv/emulation/pca9555.cpp line 87 column 13 function i2c_read thread 0
----------------------------------------------------
  *return_value$_at$3 = ( class nv::emulation::Pca9555 { unsigned int _active_register; unsigned int _active_bank; _Bool _new_command;  struct std::array<unsigned char, 2> { unsigned char [2] elems; }interrupt_low_vector;  struct std::array<unsigned char, 2> { unsigned char [2] elems; }state_at_last_interrupt_check;  struct std::array<unsigned char, 2> { unsigned char [2] elems; }_gpio_pin_state;  struct std::array<unsigned char, 2> { unsigned char [2] elems; }_gpio_output;  struct std::array<unsigned char, 2> { unsigned char [2] elems; }_gpio_inversion_enable;  struct std::array<unsigned char, 2> { unsigned char [2] elems; }_gpio_direction_config;  struct std::array<unsigned char, 2> { unsigned char [2] elems; }_required_outputs;  struct std::array<unsigned char, 2> { unsigned char [2] elems; }_required_inputs; unsigned _ExtInt(24) anon_pad$11; })(byte_update_little_endian((unsigned _ExtInt(224))({ ._active_register=0, ._active_bank=0, ._new_command=0, .interrupt_low_vector={ .elems={ 255, 255 } },
    .state_at_last_interrupt_check={ .elems = { 0 } },
    ._gpio_pin_state={ .elems = { 0 } },
    ._gpio_output={ .elems={ 255, 255 } },
    ._gpio_inversion_enable={ .elems = { 0 } },
    ._gpio_direction_config={ .elems={ 255, 255 } },
    ._required_outputs={ .elems = { 0 } },
    ._required_inputs={ .elems = { 0 } },
    .anon_pad$11=0 }), 9, 255))

State 6 file /Users/user/NVIDIA-OpenSMA/src/nv/emulation/pca9555.cpp line 338 column 5 function next_bank thread 0
----------------------------------------------------
  *bank::0 = { ._active_register=0, ._active_bank=1, ._new_command=0, .interrupt_low_vector={ .elems={ 255, 255 } },
    .state_at_last_interrupt_check={ .elems = { 0 } },
    ._gpio_pin_state={ .elems = { 0 } },
    ._gpio_output={ .elems={ 255, 255 } },
    ._gpio_inversion_enable={ .elems = { 0 } },
    ._gpio_direction_config={ .elems={ 255, 255 } },
    ._required_outputs={ .elems = { 0 } },
    ._required_inputs={ .elems = { 0 } },
    .anon_pad$11=0 }

State 7 file /Users/user/NVIDIA-OpenSMA/src/nv/emulation/pca9555.cpp line 87 column 13 function i2c_read thread 0
----------------------------------------------------
  *return_value$_at$3 = ( class nv::emulation::Pca9555 { unsigned int _active_register; unsigned int _active_bank; _Bool _new_command;  struct std::array<unsigned char, 2> { unsigned char [2] elems; }interrupt_low_vector;  struct std::array<unsigned char, 2> { unsigned char [2] elems; }state_at_last_interrupt_check;  struct std::array<unsigned char, 2> { unsigned char [2] elems; }_gpio_pin_state;  struct std::array<unsigned char, 2> { unsigned char [2] elems; }_gpio_output;  struct std::array<unsigned char, 2> { unsigned char [2] elems; }_gpio_inversion_enable;  struct std::array<unsigned char, 2> { unsigned char [2] elems; }_gpio_direction_config;  struct std::array<unsigned char, 2> { unsigned char [2] elems; }_required_outputs;  struct std::array<unsigned char, 2> { unsigned char [2] elems; }_required_inputs; unsigned _ExtInt(24) anon_pad$11; })(byte_update_little_endian((unsigned _ExtInt(224))({ ._active_register=0, ._active_bank=1, ._new_command=0, .interrupt_low_vector={ .elems={ 255, 255 } },
    .state_at_last_interrupt_check={ .elems = { 0 } },
    ._gpio_pin_state={ .elems = { 0 } },
    ._gpio_output={ .elems={ 255, 255 } },
    ._gpio_inversion_enable={ .elems = { 0 } },
    ._gpio_direction_config={ .elems={ 255, 255 } },
    ._required_outputs={ .elems = { 0 } },
    ._required_inputs={ .elems = { 0 } },
    .anon_pad$11=0 }), 10, 255))

State 8 file /Users/user/NVIDIA-OpenSMA/src/nv/emulation/pca9555.cpp line 338 column 5 function next_bank thread 0
----------------------------------------------------
  *bank::0 = { ._active_register=0, ._active_bank=0, ._new_command=0, .interrupt_low_vector={ .elems={ 255, 255 } },
    .state_at_last_interrupt_check={ .elems = { 0 } },
    ._gpio_pin_state={ .elems = { 0 } },
    ._gpio_output={ .elems={ 255, 255 } },
    ._gpio_inversion_enable={ .elems = { 0 } },
    ._gpio_direction_config={ .elems={ 255, 255 } },
    ._required_outputs={ .elems = { 0 } },
    ._required_inputs={ .elems = { 0 } },
    .anon_pad$11=0 }

State 9 file /Users/user/NVIDIA-OpenSMA/verification/harnesses/pca9555_harness.cpp line 55 column 14 function f_totality thread 0
----------------------------------------------------
  *return_value$_operator[]$5 = { .elems={ nondet_symbol(symex::nondet27), 0, 0, 0, 0, 0, 0, 0, 0, 0, 0, 0, 0, 0, 0, 0, 0, 0, 0, 0, 0, 0, 0, 0, 0, 0, 0, 0, 0, 0, 0, 0, 0, 0, 0 } }

State 10 file /Users/user/NVIDIA-OpenSMA/verification/harnesses/pca9555_harness.cpp line 56 column 14 function f_totality thread 0
----------------------------------------------------
  *return_value$_operator[]$6 = { .elems = 0 }

State 13 file /Users/user/NVIDIA-OpenSMA/src/nv/emulation/pca9555.cpp line 129 column 9 function i2c_write thread 0
----------------------------------------------------
  this->_active_register = { ._active_register=0, ._active_bank=0, ._new_command=1, .interrupt_low_vector={ .elems={ 255, 255 } },
    .state_at_last_interrupt_check={ .elems = { 0 } },
    ._gpio_pin_state={ .elems = { 0 } },
    ._gpio_output={ .elems={ 255, 255 } },
    ._gpio_inversion_enable={ .elems = { 0 } },
    ._gpio_direction_config={ .elems={ 255, 255 } },
    ._required_outputs={ .elems = { 0 } },
    ._required_inputs={ .elems = { 0 } },
    .anon_pad$11=0 }

State 14 file /Users/user/NVIDIA-OpenSMA/src/nv/emulation/pca9555.cpp line 130 column 9 function i2c_write thread 0
----------------------------------------------------
  this->_active_bank = { ._active_register=0, ._active_bank=0, ._new_command=1, .interrupt_low_vector={ .elems={ 255, 255 } },
    .state_at_last_interrupt_check={ .elems = { 0 } },
    ._gpio_pin_state={ .elems = { 0 } },
    ._gpio_output={ .elems={ 255, 255 } },
    ._gpio_inversion_enable={ .elems = { 0 } },
    ._gpio_direction_config={ .elems={ 255, 255 } },
    ._required_outputs={ .elems = { 0 } },
    ._required_inputs={ .elems = { 0 } },
    .anon_pad$11=0 }

State 18 file /Users/user/NVIDIA-OpenSMA/src/nv/emulation/pca9555.cpp line 182 column 5 function update_input_pins thread 0
----------------------------------------------------
  direction_vector = 65535 (11111111 11111111)

State 19 file /Users/user/NVIDIA-OpenSMA/src/nv/emulation/pca9555.cpp line 184 column 5 function update_input_pins thread 0
----------------------------------------------------
Violated property:
  file /Users/user/NVIDIA-OpenSMA/src/nv/emulation/pca9555.cpp line 184 column 5 function update_input_pins
  ((signed int)pin_mask::1 & (signed int)((unsigned short int)(~(signed int)direction_vector))) == 0

Slicing time: 0.002s (removed 146 assignments)
No solver specified; defaulting to bitwuzla
Solving claim '(signed int)data_length::1 != 1 && (signed int)data_length::1 <= 3 && (signed int)i >= (signed int)data_length::1 at file /Users/user/NVIDIA-OpenSMA/src/nv/emulation/pca9555.cpp line 142 column 5 function i2c_write' with solver Bitwuzla 0.8.2
Encoding remaining VCC(s) using bit-vector/floating-point arithmetic
Encoding to solver time: 0.019s
Solving with solver Bitwuzla 0.8.2
Runtime decision procedure: 0.003s
✗ FAILED: '(signed int)data_length::1 != 1 && (signed int)data_length::1 <= 3 && (signed int)i >= (signed int)data_length::1 at file /Users/user/NVIDIA-OpenSMA/src/nv/emulation/pca9555.cpp line 142 column 5 function i2c_write'

[Counterexample]


State 1 file /Users/user/NVIDIA-OpenSMA/verification/harnesses/pca9555_harness.cpp line 43 column 5 function f_totality thread 0
----------------------------------------------------
  init = 0 (00000000 00000000)

State 2 file /Users/user/NVIDIA-OpenSMA/verification/harnesses/pca9555_harness.cpp line 44 column 5 function f_totality thread 0
----------------------------------------------------
  out_m = 0 (00000000 00000000)

State 3 file /Users/user/NVIDIA-OpenSMA/verification/harnesses/pca9555_harness.cpp line 45 column 5 function f_totality thread 0
----------------------------------------------------
  in_m = 0 (00000000 00000000)

State 4 file /Users/user/NVIDIA-OpenSMA/verification/harnesses/pca9555_harness.cpp line 46 column 5 function f_totality thread 0
----------------------------------------------------
  dev = { ._active_register=0, ._active_bank=0, ._new_command=1, .interrupt_low_vector={ .elems={ 255, 255 } },
    .state_at_last_interrupt_check={ .elems = { 0 } },
    ._gpio_pin_state={ .elems = { 0 } },
    ._gpio_output={ .elems={ 255, 255 } },
    ._gpio_inversion_enable={ .elems = { 0 } },
    ._gpio_direction_config={ .elems={ 255, 255 } },
    ._required_outputs={ .elems = { 0 } },
    ._required_inputs={ .elems = { 0 } },
    .anon_pad$11=0 }

State 5 file /Users/user/NVIDIA-OpenSMA/src/nv/emulation/pca9555.cpp line 87 column 13 function i2c_read thread 0
----------------------------------------------------
  *return_value$_at$3 = ( class nv::emulation::Pca9555 { unsigned int _active_register; unsigned int _active_bank; _Bool _new_command;  struct std::array<unsigned char, 2> { unsigned char [2] elems; }interrupt_low_vector;  struct std::array<unsigned char, 2> { unsigned char [2] elems; }state_at_last_interrupt_check;  struct std::array<unsigned char, 2> { unsigned char [2] elems; }_gpio_pin_state;  struct std::array<unsigned char, 2> { unsigned char [2] elems; }_gpio_output;  struct std::array<unsigned char, 2> { unsigned char [2] elems; }_gpio_inversion_enable;  struct std::array<unsigned char, 2> { unsigned char [2] elems; }_gpio_direction_config;  struct std::array<unsigned char, 2> { unsigned char [2] elems; }_required_outputs;  struct std::array<unsigned char, 2> { unsigned char [2] elems; }_required_inputs; unsigned _ExtInt(24) anon_pad$11; })(byte_update_little_endian((unsigned _ExtInt(224))({ ._active_register=0, ._active_bank=0, ._new_command=0, .interrupt_low_vector={ .elems={ 255, 255 } },
    .state_at_last_interrupt_check={ .elems = { 0 } },
    ._gpio_pin_state={ .elems = { 0 } },
    ._gpio_output={ .elems={ 255, 255 } },
    ._gpio_inversion_enable={ .elems = { 0 } },
    ._gpio_direction_config={ .elems={ 255, 255 } },
    ._required_outputs={ .elems = { 0 } },
    ._required_inputs={ .elems = { 0 } },
    .anon_pad$11=0 }), 9, 255))

State 6 file /Users/user/NVIDIA-OpenSMA/src/nv/emulation/pca9555.cpp line 338 column 5 function next_bank thread 0
----------------------------------------------------
  *bank::0 = { ._active_register=0, ._active_bank=1, ._new_command=0, .interrupt_low_vector={ .elems={ 255, 255 } },
    .state_at_last_interrupt_check={ .elems = { 0 } },
    ._gpio_pin_state={ .elems = { 0 } },
    ._gpio_output={ .elems={ 255, 255 } },
    ._gpio_inversion_enable={ .elems = { 0 } },
    ._gpio_direction_config={ .elems={ 255, 255 } },
    ._required_outputs={ .elems = { 0 } },
    ._required_inputs={ .elems = { 0 } },
    .anon_pad$11=0 }

State 7 file /Users/user/NVIDIA-OpenSMA/src/nv/emulation/pca9555.cpp line 87 column 13 function i2c_read thread 0
----------------------------------------------------
  *return_value$_at$3 = ( class nv::emulation::Pca9555 { unsigned int _active_register; unsigned int _active_bank; _Bool _new_command;  struct std::array<unsigned char, 2> { unsigned char [2] elems; }interrupt_low_vector;  struct std::array<unsigned char, 2> { unsigned char [2] elems; }state_at_last_interrupt_check;  struct std::array<unsigned char, 2> { unsigned char [2] elems; }_gpio_pin_state;  struct std::array<unsigned char, 2> { unsigned char [2] elems; }_gpio_output;  struct std::array<unsigned char, 2> { unsigned char [2] elems; }_gpio_inversion_enable;  struct std::array<unsigned char, 2> { unsigned char [2] elems; }_gpio_direction_config;  struct std::array<unsigned char, 2> { unsigned char [2] elems; }_required_outputs;  struct std::array<unsigned char, 2> { unsigned char [2] elems; }_required_inputs; unsigned _ExtInt(24) anon_pad$11; })(byte_update_little_endian((unsigned _ExtInt(224))({ ._active_register=0, ._active_bank=1, ._new_command=0, .interrupt_low_vector={ .elems={ 255, 255 } },
    .state_at_last_interrupt_check={ .elems = { 0 } },
    ._gpio_pin_state={ .elems = { 0 } },
    ._gpio_output={ .elems={ 255, 255 } },
    ._gpio_inversion_enable={ .elems = { 0 } },
    ._gpio_direction_config={ .elems={ 255, 255 } },
    ._required_outputs={ .elems = { 0 } },
    ._required_inputs={ .elems = { 0 } },
    .anon_pad$11=0 }), 10, 255))

State 8 file /Users/user/NVIDIA-OpenSMA/src/nv/emulation/pca9555.cpp line 338 column 5 function next_bank thread 0
----------------------------------------------------
  *bank::0 = { ._active_register=0, ._active_bank=0, ._new_command=0, .interrupt_low_vector={ .elems={ 255, 255 } },
    .state_at_last_interrupt_check={ .elems = { 0 } },
    ._gpio_pin_state={ .elems = { 0 } },
    ._gpio_output={ .elems={ 255, 255 } },
    ._gpio_inversion_enable={ .elems = { 0 } },
    ._gpio_direction_config={ .elems={ 255, 255 } },
    ._required_outputs={ .elems = { 0 } },
    ._required_inputs={ .elems = { 0 } },
    .anon_pad$11=0 }

State 9 file /Users/user/NVIDIA-OpenSMA/verification/harnesses/pca9555_harness.cpp line 55 column 14 function f_totality thread 0
----------------------------------------------------
  *return_value$_operator[]$5 = { .elems={ nondet_symbol(symex::nondet27), 0, 0, 0, 0, 0, 0, 0, 0, 0, 0, 0, 0, 0, 0, 0, 0, 0, 0, 0, 0, 0, 0, 0, 0, 0, 0, 0, 0, 0, 0, 0, 0, 0, 0 } }

State 10 file /Users/user/NVIDIA-OpenSMA/verification/harnesses/pca9555_harness.cpp line 56 column 14 function f_totality thread 0
----------------------------------------------------
  *return_value$_operator[]$6 = { .elems = 0 }

State 13 file /Users/user/NVIDIA-OpenSMA/src/nv/emulation/pca9555.cpp line 129 column 9 function i2c_write thread 0
----------------------------------------------------
  this->_active_register = { ._active_register=127, ._active_bank=0, ._new_command=1,
    .interrupt_low_vector={ .elems={ 255, 255 } }, .state_at_last_interrupt_check={ .elems = { 0 } },
    ._gpio_pin_state={ .elems = { 0 } },
    ._gpio_output={ .elems={ 255, 255 } },
    ._gpio_inversion_enable={ .elems = { 0 } },
    ._gpio_direction_config={ .elems={ 255, 255 } },
    ._required_outputs={ .elems = { 0 } },
    ._required_inputs={ .elems = { 0 } },
    .anon_pad$11=0 }

State 14 file /Users/user/NVIDIA-OpenSMA/src/nv/emulation/pca9555.cpp line 130 column 9 function i2c_write thread 0
----------------------------------------------------
  this->_active_bank = { ._active_register=127, ._active_bank=0, ._new_command=1,
    .interrupt_low_vector={ .elems={ 255, 255 } }, .state_at_last_interrupt_check={ .elems = { 0 } },
    ._gpio_pin_state={ .elems = { 0 } },
    ._gpio_output={ .elems={ 255, 255 } },
    ._gpio_inversion_enable={ .elems = { 0 } },
    ._gpio_direction_config={ .elems={ 255, 255 } },
    ._required_outputs={ .elems = { 0 } },
    ._required_inputs={ .elems = { 0 } },
    .anon_pad$11=0 }

State 18 file /Users/user/NVIDIA-OpenSMA/src/nv/emulation/pca9555.cpp line 142 column 5 function i2c_write thread 0
----------------------------------------------------
Violated property:
  file /Users/user/NVIDIA-OpenSMA/src/nv/emulation/pca9555.cpp line 142 column 5 function i2c_write
  (signed int)data_length::1 != 1 && (signed int)data_length::1 <= 3 && (signed int)i >= (signed int)data_length::1

Slicing time: 0.002s (removed 144 assignments)
No solver specified; defaulting to bitwuzla
Solving claim '(signed int)target_direction::0 != (signed int)(*return_value$_at$4) at file /Users/user/NVIDIA-OpenSMA/src/nv/emulation/pca9555.cpp line 323 column 5 function correct_direction_violations_and_apply' with solver Bitwuzla 0.8.2
Encoding remaining VCC(s) using bit-vector/floating-point arithmetic
Encoding to solver time: 0.020s
Solving with solver Bitwuzla 0.8.2
Runtime decision procedure: 0.005s
✗ FAILED: '(signed int)target_direction::0 != (signed int)(*return_value$_at$4) at file /Users/user/NVIDIA-OpenSMA/src/nv/emulation/pca9555.cpp line 323 column 5 function correct_direction_violations_and_apply'

[Counterexample]


State 1 file /Users/user/NVIDIA-OpenSMA/verification/harnesses/pca9555_harness.cpp line 43 column 5 function f_totality thread 0
----------------------------------------------------
  init = 0 (00000000 00000000)

State 2 file /Users/user/NVIDIA-OpenSMA/verification/harnesses/pca9555_harness.cpp line 44 column 5 function f_totality thread 0
----------------------------------------------------
  out_m = 65535 (11111111 11111111)

State 3 file /Users/user/NVIDIA-OpenSMA/verification/harnesses/pca9555_harness.cpp line 45 column 5 function f_totality thread 0
----------------------------------------------------
  in_m = 65535 (11111111 11111111)

State 4 file /Users/user/NVIDIA-OpenSMA/verification/harnesses/pca9555_harness.cpp line 46 column 5 function f_totality thread 0
----------------------------------------------------
  dev = { ._active_register=0, ._active_bank=0, ._new_command=1, .interrupt_low_vector={ .elems={ 255, 255 } },
    .state_at_last_interrupt_check={ .elems = { 0 } },
    ._gpio_pin_state={ .elems = { 0 } },
    ._gpio_output={ .elems={ 255, 255 } },
    ._gpio_inversion_enable={ .elems = { 0 } },
    ._gpio_direction_config={ .elems = { 0 } },
    ._required_outputs={ .elems={ 255, 255 } },
    ._required_inputs={ .elems={ 255, 255 } },
    .anon_pad$11=16777215 }

State 5 file /Users/user/NVIDIA-OpenSMA/src/nv/emulation/pca9555.cpp line 87 column 13 function i2c_read thread 0
----------------------------------------------------
  *return_value$_at$3 = ( class nv::emulation::Pca9555 { unsigned int _active_register; unsigned int _active_bank; _Bool _new_command;  struct std::array<unsigned char, 2> { unsigned char [2] elems; }interrupt_low_vector;  struct std::array<unsigned char, 2> { unsigned char [2] elems; }state_at_last_interrupt_check;  struct std::array<unsigned char, 2> { unsigned char [2] elems; }_gpio_pin_state;  struct std::array<unsigned char, 2> { unsigned char [2] elems; }_gpio_output;  struct std::array<unsigned char, 2> { unsigned char [2] elems; }_gpio_inversion_enable;  struct std::array<unsigned char, 2> { unsigned char [2] elems; }_gpio_direction_config;  struct std::array<unsigned char, 2> { unsigned char [2] elems; }_required_outputs;  struct std::array<unsigned char, 2> { unsigned char [2] elems; }_required_inputs; unsigned _ExtInt(24) anon_pad$11; })(byte_update_little_endian((unsigned _ExtInt(224))({ ._active_register=0, ._active_bank=0, ._new_command=0, .interrupt_low_vector={ .elems={ 255, 255 } },
    .state_at_last_interrupt_check={ .elems = { 0 } },
    ._gpio_pin_state={ .elems = { 0 } },
    ._gpio_output={ .elems={ 255, 255 } },
    ._gpio_inversion_enable={ .elems = { 0 } },
    ._gpio_direction_config={ .elems = { 0 } },
    ._required_outputs={ .elems={ 255, 255 } },
    ._required_inputs={ .elems={ 255, 255 } },
    .anon_pad$11=16777215 }), 9, 255))

State 6 file /Users/user/NVIDIA-OpenSMA/src/nv/emulation/pca9555.cpp line 338 column 5 function next_bank thread 0
----------------------------------------------------
  *bank::0 = { ._active_register=0, ._active_bank=1, ._new_command=0, .interrupt_low_vector={ .elems={ 255, 255 } },
    .state_at_last_interrupt_check={ .elems = { 0 } },
    ._gpio_pin_state={ .elems = { 0 } },
    ._gpio_output={ .elems={ 255, 255 } },
    ._gpio_inversion_enable={ .elems = { 0 } },
    ._gpio_direction_config={ .elems = { 0 } },
    ._required_outputs={ .elems={ 255, 255 } },
    ._required_inputs={ .elems={ 255, 255 } },
    .anon_pad$11=16777215 }

State 7 file /Users/user/NVIDIA-OpenSMA/src/nv/emulation/pca9555.cpp line 87 column 13 function i2c_read thread 0
----------------------------------------------------
  *return_value$_at$3 = ( class nv::emulation::Pca9555 { unsigned int _active_register; unsigned int _active_bank; _Bool _new_command;  struct std::array<unsigned char, 2> { unsigned char [2] elems; }interrupt_low_vector;  struct std::array<unsigned char, 2> { unsigned char [2] elems; }state_at_last_interrupt_check;  struct std::array<unsigned char, 2> { unsigned char [2] elems; }_gpio_pin_state;  struct std::array<unsigned char, 2> { unsigned char [2] elems; }_gpio_output;  struct std::array<unsigned char, 2> { unsigned char [2] elems; }_gpio_inversion_enable;  struct std::array<unsigned char, 2> { unsigned char [2] elems; }_gpio_direction_config;  struct std::array<unsigned char, 2> { unsigned char [2] elems; }_required_outputs;  struct std::array<unsigned char, 2> { unsigned char [2] elems; }_required_inputs; unsigned _ExtInt(24) anon_pad$11; })(byte_update_little_endian((unsigned _ExtInt(224))({ ._active_register=0, ._active_bank=1, ._new_command=0, .interrupt_low_vector={ .elems={ 255, 255 } },
    .state_at_last_interrupt_check={ .elems = { 0 } },
    ._gpio_pin_state={ .elems = { 0 } },
    ._gpio_output={ .elems={ 255, 255 } },
    ._gpio_inversion_enable={ .elems = { 0 } },
    ._gpio_direction_config={ .elems = { 0 } },
    ._required_outputs={ .elems={ 255, 255 } },
    ._required_inputs={ .elems={ 255, 255 } },
    .anon_pad$11=16777215 }), 10, 255))

State 8 file /Users/user/NVIDIA-OpenSMA/src/nv/emulation/pca9555.cpp line 338 column 5 function next_bank thread 0
----------------------------------------------------
  *bank::0 = { ._active_register=0, ._active_bank=0, ._new_command=0, .interrupt_low_vector={ .elems={ 255, 255 } },
    .state_at_last_interrupt_check={ .elems = { 0 } },
    ._gpio_pin_state={ .elems = { 0 } },
    ._gpio_output={ .elems={ 255, 255 } },
    ._gpio_inversion_enable={ .elems = { 0 } },
    ._gpio_direction_config={ .elems = { 0 } },
    ._required_outputs={ .elems={ 255, 255 } },
    ._required_inputs={ .elems={ 255, 255 } },
    .anon_pad$11=16777215 }

State 9 file /Users/user/NVIDIA-OpenSMA/verification/harnesses/pca9555_harness.cpp line 55 column 14 function f_totality thread 0
----------------------------------------------------
  *return_value$_operator[]$5 = { .elems={ nondet_symbol(symex::nondet27), 0, 0, 0, 0, 0, 0, 0, 0, 0, 0, 0, 0, 0, 0, 0, 0, 0, 0, 0, 0, 0, 0, 0, 0, 0, 0, 0, 0, 0, 0, 0, 0, 0, 0 } }

State 10 file /Users/user/NVIDIA-OpenSMA/verification/harnesses/pca9555_harness.cpp line 56 column 14 function f_totality thread 0
----------------------------------------------------
  *return_value$_operator[]$6 = { .elems=255 }

State 13 file /Users/user/NVIDIA-OpenSMA/src/nv/emulation/pca9555.cpp line 129 column 9 function i2c_write thread 0
----------------------------------------------------
  this->_active_register = { ._active_register=3, ._active_bank=0, ._new_command=1, .interrupt_low_vector={ .elems={ 255, 255 } },
    .state_at_last_interrupt_check={ .elems = { 0 } },
    ._gpio_pin_state={ .elems = { 0 } },
    ._gpio_output={ .elems={ 255, 255 } },
    ._gpio_inversion_enable={ .elems = { 0 } },
    ._gpio_direction_config={ .elems = { 0 } },
    ._required_outputs={ .elems={ 255, 255 } },
    ._required_inputs={ .elems={ 255, 255 } },
    .anon_pad$11=16777215 }

State 14 file /Users/user/NVIDIA-OpenSMA/src/nv/emulation/pca9555.cpp line 130 column 9 function i2c_write thread 0
----------------------------------------------------
  this->_active_bank = { ._active_register=3, ._active_bank=1, ._new_command=1, .interrupt_low_vector={ .elems={ 255, 255 } },
    .state_at_last_interrupt_check={ .elems = { 0 } },
    ._gpio_pin_state={ .elems = { 0 } },
    ._gpio_output={ .elems={ 255, 255 } },
    ._gpio_inversion_enable={ .elems = { 0 } },
    ._gpio_direction_config={ .elems = { 0 } },
    ._required_outputs={ .elems={ 255, 255 } },
    ._required_inputs={ .elems={ 255, 255 } },
    .anon_pad$11=16777215 }

State 17 file /Users/user/NVIDIA-OpenSMA/src/nv/emulation/pca9555.cpp line 319 column 5 function correct_direction_violations_and_apply thread 0
----------------------------------------------------
  *return_value$_at$1 = ( class nv::emulation::Pca9555 { unsigned int _active_register; unsigned int _active_bank; _Bool _new_command;  struct std::array<unsigned char, 2> { unsigned char [2] elems; }interrupt_low_vector;  struct std::array<unsigned char, 2> { unsigned char [2] elems; }state_at_last_interrupt_check;  struct std::array<unsigned char, 2> { unsigned char [2] elems; }_gpio_pin_state;  struct std::array<unsigned char, 2> { unsigned char [2] elems; }_gpio_output;  struct std::array<unsigned char, 2> { unsigned char [2] elems; }_gpio_inversion_enable;  struct std::array<unsigned char, 2> { unsigned char [2] elems; }_gpio_direction_config;  struct std::array<unsigned char, 2> { unsigned char [2] elems; }_required_outputs;  struct std::array<unsigned char, 2> { unsigned char [2] elems; }_required_inputs; unsigned _ExtInt(24) anon_pad$11; })(byte_update_little_endian((unsigned _ExtInt(224))({ ._active_register=3, ._active_bank=1, ._new_command=1, .interrupt_low_vector={ .elems={ 255, 255 } },
    .state_at_last_interrupt_check={ .elems = { 0 } },
    ._gpio_pin_state={ .elems = { 0 } },
    ._gpio_output={ .elems={ 255, 255 } },
    ._gpio_inversion_enable={ .elems = { 0 } },
    ._gpio_direction_config={ .elems = { 0 } },
    ._required_outputs={ .elems={ 255, 255 } },
    ._required_inputs={ .elems={ 255, 255 } },
    .anon_pad$11=16777215 }), 20, (unsigned char)(((signed int)((unsigned char)(255 | (signed int)(byte_extract_little_endian((unsigned _ExtInt(224))({ ._active_register=3, ._active_bank=1, ._new_command=1, .interrupt_low_vector={ .elems={ 255, 255 } },
    .state_at_last_interrupt_check={ .elems = { 0 } },
    ._gpio_pin_state={ .elems = { 0 } },
    ._gpio_output={ .elems={ 255, 255 } },
    ._gpio_inversion_enable={ .elems = { 0 } },
    ._gpio_direction_config={ .elems = { 0 } },
    ._required_outputs={ .elems={ 255, 255 } },
    ._required_inputs={ .elems={ 255, 255 } },
    .anon_pad$11=16777215 }), 24))))) & (signed int)((unsigned char)(~((signed int)(byte_extract_little_endian((unsigned _ExtInt(224))({ ._active_register=3, ._active_bank=1, ._new_command=1, .interrupt_low_vector={ .elems={ 255, 255 } },
    .state_at_last_interrupt_check={ .elems = { 0 } },
    ._gpio_pin_state={ .elems = { 0 } },
    ._gpio_output={ .elems={ 255, 255 } },
    ._gpio_inversion_enable={ .elems = { 0 } },
    ._gpio_direction_config={ .elems = { 0 } },
    ._required_outputs={ .elems={ 255, 255 } },
    ._required_inputs={ .elems={ 255, 255 } },
    .anon_pad$11=16777215 }), 22))))))))

State 18 file /Users/user/NVIDIA-OpenSMA/src/nv/emulation/pca9555.cpp line 323 column 5 function correct_direction_violations_and_apply thread 0
----------------------------------------------------
Violated property:
  file /Users/user/NVIDIA-OpenSMA/src/nv/emulation/pca9555.cpp line 323 column 5 function correct_direction_violations_and_apply
  (signed int)target_direction::0 != (signed int)(*return_value$_at$4)

Slicing time: 0.003s (removed 144 assignments)
No solver specified; defaulting to bitwuzla
Solving claim '(signed int)target_direction::0 == (signed int)(*return_value$_at$4) at file /Users/user/NVIDIA-OpenSMA/src/nv/emulation/pca9555.cpp line 323 column 5 function correct_direction_violations_and_apply' with solver Bitwuzla 0.8.2
Encoding remaining VCC(s) using bit-vector/floating-point arithmetic
Encoding to solver time: 0.018s
Solving with solver Bitwuzla 0.8.2
Runtime decision procedure: 0.004s
✗ FAILED: '(signed int)target_direction::0 == (signed int)(*return_value$_at$4) at file /Users/user/NVIDIA-OpenSMA/src/nv/emulation/pca9555.cpp line 323 column 5 function correct_direction_violations_and_apply'

[Counterexample]


State 1 file /Users/user/NVIDIA-OpenSMA/verification/harnesses/pca9555_harness.cpp line 43 column 5 function f_totality thread 0
----------------------------------------------------
  init = 0 (00000000 00000000)

State 2 file /Users/user/NVIDIA-OpenSMA/verification/harnesses/pca9555_harness.cpp line 44 column 5 function f_totality thread 0
----------------------------------------------------
  out_m = 65535 (11111111 11111111)

State 3 file /Users/user/NVIDIA-OpenSMA/verification/harnesses/pca9555_harness.cpp line 45 column 5 function f_totality thread 0
----------------------------------------------------
  in_m = 65535 (11111111 11111111)

State 4 file /Users/user/NVIDIA-OpenSMA/verification/harnesses/pca9555_harness.cpp line 46 column 5 function f_totality thread 0
----------------------------------------------------
  dev = { ._active_register=0, ._active_bank=0, ._new_command=1, .interrupt_low_vector={ .elems={ 255, 255 } },
    .state_at_last_interrupt_check={ .elems = { 0 } },
    ._gpio_pin_state={ .elems = { 0 } },
    ._gpio_output={ .elems={ 255, 255 } },
    ._gpio_inversion_enable={ .elems = { 0 } },
    ._gpio_direction_config={ .elems = { 0 } },
    ._required_outputs={ .elems={ 255, 255 } },
    ._required_inputs={ .elems={ 255, 255 } },
    .anon_pad$11=16777215 }

State 5 file /Users/user/NVIDIA-OpenSMA/src/nv/emulation/pca9555.cpp line 87 column 13 function i2c_read thread 0
----------------------------------------------------
  *return_value$_at$3 = ( class nv::emulation::Pca9555 { unsigned int _active_register; unsigned int _active_bank; _Bool _new_command;  struct std::array<unsigned char, 2> { unsigned char [2] elems; }interrupt_low_vector;  struct std::array<unsigned char, 2> { unsigned char [2] elems; }state_at_last_interrupt_check;  struct std::array<unsigned char, 2> { unsigned char [2] elems; }_gpio_pin_state;  struct std::array<unsigned char, 2> { unsigned char [2] elems; }_gpio_output;  struct std::array<unsigned char, 2> { unsigned char [2] elems; }_gpio_inversion_enable;  struct std::array<unsigned char, 2> { unsigned char [2] elems; }_gpio_direction_config;  struct std::array<unsigned char, 2> { unsigned char [2] elems; }_required_outputs;  struct std::array<unsigned char, 2> { unsigned char [2] elems; }_required_inputs; unsigned _ExtInt(24) anon_pad$11; })(byte_update_little_endian((unsigned _ExtInt(224))({ ._active_register=0, ._active_bank=0, ._new_command=0, .interrupt_low_vector={ .elems={ 255, 255 } },
    .state_at_last_interrupt_check={ .elems = { 0 } },
    ._gpio_pin_state={ .elems = { 0 } },
    ._gpio_output={ .elems={ 255, 255 } },
    ._gpio_inversion_enable={ .elems = { 0 } },
    ._gpio_direction_config={ .elems = { 0 } },
    ._required_outputs={ .elems={ 255, 255 } },
    ._required_inputs={ .elems={ 255, 255 } },
    .anon_pad$11=16777215 }), 9, 255))

State 6 file /Users/user/NVIDIA-OpenSMA/src/nv/emulation/pca9555.cpp line 338 column 5 function next_bank thread 0
----------------------------------------------------
  *bank::0 = { ._active_register=0, ._active_bank=1, ._new_command=0, .interrupt_low_vector={ .elems={ 255, 255 } },
    .state_at_last_interrupt_check={ .elems = { 0 } },
    ._gpio_pin_state={ .elems = { 0 } },
    ._gpio_output={ .elems={ 255, 255 } },
    ._gpio_inversion_enable={ .elems = { 0 } },
    ._gpio_direction_config={ .elems = { 0 } },
    ._required_outputs={ .elems={ 255, 255 } },
    ._required_inputs={ .elems={ 255, 255 } },
    .anon_pad$11=16777215 }

State 7 file /Users/user/NVIDIA-OpenSMA/src/nv/emulation/pca9555.cpp line 87 column 13 function i2c_read thread 0
----------------------------------------------------
  *return_value$_at$3 = ( class nv::emulation::Pca9555 { unsigned int _active_register; unsigned int _active_bank; _Bool _new_command;  struct std::array<unsigned char, 2> { unsigned char [2] elems; }interrupt_low_vector;  struct std::array<unsigned char, 2> { unsigned char [2] elems; }state_at_last_interrupt_check;  struct std::array<unsigned char, 2> { unsigned char [2] elems; }_gpio_pin_state;  struct std::array<unsigned char, 2> { unsigned char [2] elems; }_gpio_output;  struct std::array<unsigned char, 2> { unsigned char [2] elems; }_gpio_inversion_enable;  struct std::array<unsigned char, 2> { unsigned char [2] elems; }_gpio_direction_config;  struct std::array<unsigned char, 2> { unsigned char [2] elems; }_required_outputs;  struct std::array<unsigned char, 2> { unsigned char [2] elems; }_required_inputs; unsigned _ExtInt(24) anon_pad$11; })(byte_update_little_endian((unsigned _ExtInt(224))({ ._active_register=0, ._active_bank=1, ._new_command=0, .interrupt_low_vector={ .elems={ 255, 255 } },
    .state_at_last_interrupt_check={ .elems = { 0 } },
    ._gpio_pin_state={ .elems = { 0 } },
    ._gpio_output={ .elems={ 255, 255 } },
    ._gpio_inversion_enable={ .elems = { 0 } },
    ._gpio_direction_config={ .elems = { 0 } },
    ._required_outputs={ .elems={ 255, 255 } },
    ._required_inputs={ .elems={ 255, 255 } },
    .anon_pad$11=16777215 }), 10, 255))

State 8 file /Users/user/NVIDIA-OpenSMA/src/nv/emulation/pca9555.cpp line 338 column 5 function next_bank thread 0
----------------------------------------------------
  *bank::0 = { ._active_register=0, ._active_bank=0, ._new_command=0, .interrupt_low_vector={ .elems={ 255, 255 } },
    .state_at_last_interrupt_check={ .elems = { 0 } },
    ._gpio_pin_state={ .elems = { 0 } },
    ._gpio_output={ .elems={ 255, 255 } },
    ._gpio_inversion_enable={ .elems = { 0 } },
    ._gpio_direction_config={ .elems = { 0 } },
    ._required_outputs={ .elems={ 255, 255 } },
    ._required_inputs={ .elems={ 255, 255 } },
    .anon_pad$11=16777215 }

State 9 file /Users/user/NVIDIA-OpenSMA/verification/harnesses/pca9555_harness.cpp line 55 column 14 function f_totality thread 0
----------------------------------------------------
  *return_value$_operator[]$5 = { .elems={ nondet_symbol(symex::nondet27), 0, 0, 0, 0, 0, 0, 0, 0, 0, 0, 0, 0, 0, 0, 0, 0, 0, 0, 0, 0, 0, 0, 0, 0, 0, 0, 0, 0, 0, 0, 0, 0, 0, 0 } }

State 10 file /Users/user/NVIDIA-OpenSMA/verification/harnesses/pca9555_harness.cpp line 56 column 14 function f_totality thread 0
----------------------------------------------------
  *return_value$_operator[]$6 = { .elems = 0 }

State 13 file /Users/user/NVIDIA-OpenSMA/src/nv/emulation/pca9555.cpp line 129 column 9 function i2c_write thread 0
----------------------------------------------------
  this->_active_register = { ._active_register=3, ._active_bank=0, ._new_command=1, .interrupt_low_vector={ .elems={ 255, 255 } },
    .state_at_last_interrupt_check={ .elems = { 0 } },
    ._gpio_pin_state={ .elems = { 0 } },
    ._gpio_output={ .elems={ 255, 255 } },
    ._gpio_inversion_enable={ .elems = { 0 } },
    ._gpio_direction_config={ .elems = { 0 } },
    ._required_outputs={ .elems={ 255, 255 } },
    ._required_inputs={ .elems={ 255, 255 } },
    .anon_pad$11=16777215 }

State 14 file /Users/user/NVIDIA-OpenSMA/src/nv/emulation/pca9555.cpp line 130 column 9 function i2c_write thread 0
----------------------------------------------------
  this->_active_bank = { ._active_register=3, ._active_bank=1, ._new_command=1, .interrupt_low_vector={ .elems={ 255, 255 } },
    .state_at_last_interrupt_check={ .elems = { 0 } },
    ._gpio_pin_state={ .elems = { 0 } },
    ._gpio_output={ .elems={ 255, 255 } },
    ._gpio_inversion_enable={ .elems = { 0 } },
    ._gpio_direction_config={ .elems = { 0 } },
    ._required_outputs={ .elems={ 255, 255 } },
    ._required_inputs={ .elems={ 255, 255 } },
    .anon_pad$11=16777215 }

State 17 file /Users/user/NVIDIA-OpenSMA/src/nv/emulation/pca9555.cpp line 319 column 5 function correct_direction_violations_and_apply thread 0
----------------------------------------------------
  *return_value$_at$1 = ( class nv::emulation::Pca9555 { unsigned int _active_register; unsigned int _active_bank; _Bool _new_command;  struct std::array<unsigned char, 2> { unsigned char [2] elems; }interrupt_low_vector;  struct std::array<unsigned char, 2> { unsigned char [2] elems; }state_at_last_interrupt_check;  struct std::array<unsigned char, 2> { unsigned char [2] elems; }_gpio_pin_state;  struct std::array<unsigned char, 2> { unsigned char [2] elems; }_gpio_output;  struct std::array<unsigned char, 2> { unsigned char [2] elems; }_gpio_inversion_enable;  struct std::array<unsigned char, 2> { unsigned char [2] elems; }_gpio_direction_config;  struct std::array<unsigned char, 2> { unsigned char [2] elems; }_required_outputs;  struct std::array<unsigned char, 2> { unsigned char [2] elems; }_required_inputs; unsigned _ExtInt(24) anon_pad$11; })(byte_update_little_endian((unsigned _ExtInt(224))({ ._active_register=3, ._active_bank=1, ._new_command=1, .interrupt_low_vector={ .elems={ 255, 255 } },
    .state_at_last_interrupt_check={ .elems = { 0 } },
    ._gpio_pin_state={ .elems = { 0 } },
    ._gpio_output={ .elems={ 255, 255 } },
    ._gpio_inversion_enable={ .elems = { 0 } },
    ._gpio_direction_config={ .elems = { 0 } },
    ._required_outputs={ .elems={ 255, 255 } },
    ._required_inputs={ .elems={ 255, 255 } },
    .anon_pad$11=16777215 }), 20, (unsigned char)((signed int)((unsigned char)((signed int)(byte_extract_little_endian((unsigned _ExtInt(224))({ ._active_register=3, ._active_bank=1, ._new_command=1, .interrupt_low_vector={ .elems={ 255, 255 } },
    .state_at_last_interrupt_check={ .elems = { 0 } },
    ._gpio_pin_state={ .elems = { 0 } },
    ._gpio_output={ .elems={ 255, 255 } },
    ._gpio_inversion_enable={ .elems = { 0 } },
    ._gpio_direction_config={ .elems = { 0 } },
    ._required_outputs={ .elems={ 255, 255 } },
    ._required_inputs={ .elems={ 255, 255 } },
    .anon_pad$11=16777215 }), 24)))) & (signed int)((unsigned char)(~((signed int)(byte_extract_little_endian((unsigned _ExtInt(224))({ ._active_register=3, ._active_bank=1, ._new_command=1, .interrupt_low_vector={ .elems={ 255, 255 } },
    .state_at_last_interrupt_check={ .elems = { 0 } },
    ._gpio_pin_state={ .elems = { 0 } },
    ._gpio_output={ .elems={ 255, 255 } },
    ._gpio_inversion_enable={ .elems = { 0 } },
    ._gpio_direction_config={ .elems = { 0 } },
    ._required_outputs={ .elems={ 255, 255 } },
    ._required_inputs={ .elems={ 255, 255 } },
    .anon_pad$11=16777215 }), 22))))))))

State 18 file /Users/user/NVIDIA-OpenSMA/src/nv/emulation/pca9555.cpp line 323 column 5 function correct_direction_violations_and_apply thread 0
----------------------------------------------------
Violated property:
  file /Users/user/NVIDIA-OpenSMA/src/nv/emulation/pca9555.cpp line 323 column 5 function correct_direction_violations_and_apply
  (signed int)target_direction::0 == (signed int)(*return_value$_at$4)

Slicing time: 0.003s (removed 146 assignments)
No solver specified; defaulting to bitwuzla
Solving claim '(signed int)CommandRegister == 0 && (signed int)CommandRegister == 1 && (signed int)CommandRegister == 2 && (signed int)CommandRegister != 3 at file /Users/user/NVIDIA-OpenSMA/src/nv/emulation/pca9555.cpp line 164 column 18 function i2c_write' with solver Bitwuzla 0.8.2
Encoding remaining VCC(s) using bit-vector/floating-point arithmetic
Encoding to solver time: 0.017s
Solving with solver Bitwuzla 0.8.2
Runtime decision procedure: 0.004s
✓ PASSED: '(signed int)CommandRegister == 0 && (signed int)CommandRegister == 1 && (signed int)CommandRegister == 2 && (signed int)CommandRegister != 3 at file /Users/user/NVIDIA-OpenSMA/src/nv/emulation/pca9555.cpp line 164 column 18 function i2c_write'
Slicing time: 0.002s (removed 146 assignments)
No solver specified; defaulting to bitwuzla
Solving claim '(signed int)CommandRegister == 0 && (signed int)CommandRegister == 1 && (signed int)CommandRegister == 2 && (signed int)CommandRegister == 3 at file /Users/user/NVIDIA-OpenSMA/src/nv/emulation/pca9555.cpp line 164 column 18 function i2c_write' with solver Bitwuzla 0.8.2
Encoding remaining VCC(s) using bit-vector/floating-point arithmetic
Encoding to solver time: 0.017s
Solving with solver Bitwuzla 0.8.2
Runtime decision procedure: 0.003s
✓ PASSED: '(signed int)CommandRegister == 0 && (signed int)CommandRegister == 1 && (signed int)CommandRegister == 2 && (signed int)CommandRegister == 3 at file /Users/user/NVIDIA-OpenSMA/src/nv/emulation/pca9555.cpp line 164 column 18 function i2c_write'
Slicing time: 0.002s (removed 146 assignments)
No solver specified; defaulting to bitwuzla
Solving claim '(signed int)CommandRegister != 0 && (signed int)CommandRegister == 1 && (signed int)CommandRegister == 2 && (signed int)CommandRegister != 3 at file /Users/user/NVIDIA-OpenSMA/src/nv/emulation/pca9555.cpp line 164 column 18 function i2c_write' with solver Bitwuzla 0.8.2
Encoding remaining VCC(s) using bit-vector/floating-point arithmetic
Encoding to solver time: 0.017s
Solving with solver Bitwuzla 0.8.2
Runtime decision procedure: 0.003s
✓ PASSED: '(signed int)CommandRegister != 0 && (signed int)CommandRegister == 1 && (signed int)CommandRegister == 2 && (signed int)CommandRegister != 3 at file /Users/user/NVIDIA-OpenSMA/src/nv/emulation/pca9555.cpp line 164 column 18 function i2c_write'
Slicing time: 0.002s (removed 146 assignments)
No solver specified; defaulting to bitwuzla
Solving claim '(signed int)CommandRegister != 0 && (signed int)CommandRegister == 1 && (signed int)CommandRegister == 2 && (signed int)CommandRegister == 3 at file /Users/user/NVIDIA-OpenSMA/src/nv/emulation/pca9555.cpp line 164 column 18 function i2c_write' with solver Bitwuzla 0.8.2
Encoding remaining VCC(s) using bit-vector/floating-point arithmetic
Encoding to solver time: 0.017s
Solving with solver Bitwuzla 0.8.2
Runtime decision procedure: 0.003s
✓ PASSED: '(signed int)CommandRegister != 0 && (signed int)CommandRegister == 1 && (signed int)CommandRegister == 2 && (signed int)CommandRegister == 3 at file /Users/user/NVIDIA-OpenSMA/src/nv/emulation/pca9555.cpp line 164 column 18 function i2c_write'
Slicing time: 0.002s (removed 146 assignments)
No solver specified; defaulting to bitwuzla
Solving claim '(signed int)CommandRegister == 0 && (signed int)CommandRegister != 1 && (signed int)CommandRegister == 2 && (signed int)CommandRegister != 3 at file /Users/user/NVIDIA-OpenSMA/src/nv/emulation/pca9555.cpp line 164 column 18 function i2c_write' with solver Bitwuzla 0.8.2
Encoding remaining VCC(s) using bit-vector/floating-point arithmetic
Encoding to solver time: 0.017s
Solving with solver Bitwuzla 0.8.2
Runtime decision procedure: 0.003s
✓ PASSED: '(signed int)CommandRegister == 0 && (signed int)CommandRegister != 1 && (signed int)CommandRegister == 2 && (signed int)CommandRegister != 3 at file /Users/user/NVIDIA-OpenSMA/src/nv/emulation/pca9555.cpp line 164 column 18 function i2c_write'
Slicing time: 0.002s (removed 146 assignments)
No solver specified; defaulting to bitwuzla
Solving claim '(signed int)CommandRegister == 0 && (signed int)CommandRegister != 1 && (signed int)CommandRegister == 2 && (signed int)CommandRegister == 3 at file /Users/user/NVIDIA-OpenSMA/src/nv/emulation/pca9555.cpp line 164 column 18 function i2c_write' with solver Bitwuzla 0.8.2
Encoding remaining VCC(s) using bit-vector/floating-point arithmetic
Encoding to solver time: 0.017s
Solving with solver Bitwuzla 0.8.2
Runtime decision procedure: 0.003s
✓ PASSED: '(signed int)CommandRegister == 0 && (signed int)CommandRegister != 1 && (signed int)CommandRegister == 2 && (signed int)CommandRegister == 3 at file /Users/user/NVIDIA-OpenSMA/src/nv/emulation/pca9555.cpp line 164 column 18 function i2c_write'
Slicing time: 0.002s (removed 146 assignments)
No solver specified; defaulting to bitwuzla
Solving claim '(signed int)CommandRegister != 0 && (signed int)CommandRegister != 1 && (signed int)CommandRegister == 2 && (signed int)CommandRegister != 3 at file /Users/user/NVIDIA-OpenSMA/src/nv/emulation/pca9555.cpp line 164 column 18 function i2c_write' with solver Bitwuzla 0.8.2
Encoding remaining VCC(s) using bit-vector/floating-point arithmetic
Encoding to solver time: 0.019s
Solving with solver Bitwuzla 0.8.2
Runtime decision procedure: 0.003s
✓ PASSED: '(signed int)CommandRegister != 0 && (signed int)CommandRegister != 1 && (signed int)CommandRegister == 2 && (signed int)CommandRegister != 3 at file /Users/user/NVIDIA-OpenSMA/src/nv/emulation/pca9555.cpp line 164 column 18 function i2c_write'
Slicing time: 0.002s (removed 146 assignments)
No solver specified; defaulting to bitwuzla
Solving claim '(signed int)CommandRegister != 0 && (signed int)CommandRegister != 1 && (signed int)CommandRegister == 2 && (signed int)CommandRegister == 3 at file /Users/user/NVIDIA-OpenSMA/src/nv/emulation/pca9555.cpp line 164 column 18 function i2c_write' with solver Bitwuzla 0.8.2
Encoding remaining VCC(s) using bit-vector/floating-point arithmetic
Encoding to solver time: 0.018s
Solving with solver Bitwuzla 0.8.2
Runtime decision procedure: 0.003s
✓ PASSED: '(signed int)CommandRegister != 0 && (signed int)CommandRegister != 1 && (signed int)CommandRegister == 2 && (signed int)CommandRegister == 3 at file /Users/user/NVIDIA-OpenSMA/src/nv/emulation/pca9555.cpp line 164 column 18 function i2c_write'
Slicing time: 0.003s (removed 146 assignments)
No solver specified; defaulting to bitwuzla
Solving claim '(signed int)CommandRegister == 0 && (signed int)CommandRegister == 1 && (signed int)CommandRegister != 2 && (signed int)CommandRegister != 3 at file /Users/user/NVIDIA-OpenSMA/src/nv/emulation/pca9555.cpp line 164 column 18 function i2c_write' with solver Bitwuzla 0.8.2
Encoding remaining VCC(s) using bit-vector/floating-point arithmetic
Encoding to solver time: 0.018s
Solving with solver Bitwuzla 0.8.2
Runtime decision procedure: 0.004s
✓ PASSED: '(signed int)CommandRegister == 0 && (signed int)CommandRegister == 1 && (signed int)CommandRegister != 2 && (signed int)CommandRegister != 3 at file /Users/user/NVIDIA-OpenSMA/src/nv/emulation/pca9555.cpp line 164 column 18 function i2c_write'
Slicing time: 0.002s (removed 146 assignments)
No solver specified; defaulting to bitwuzla
Solving claim '(signed int)CommandRegister == 0 && (signed int)CommandRegister == 1 && (signed int)CommandRegister != 2 && (signed int)CommandRegister == 3 at file /Users/user/NVIDIA-OpenSMA/src/nv/emulation/pca9555.cpp line 164 column 18 function i2c_write' with solver Bitwuzla 0.8.2
Encoding remaining VCC(s) using bit-vector/floating-point arithmetic
Encoding to solver time: 0.018s
Solving with solver Bitwuzla 0.8.2
Runtime decision procedure: 0.003s
✓ PASSED: '(signed int)CommandRegister == 0 && (signed int)CommandRegister == 1 && (signed int)CommandRegister != 2 && (signed int)CommandRegister == 3 at file /Users/user/NVIDIA-OpenSMA/src/nv/emulation/pca9555.cpp line 164 column 18 function i2c_write'
Slicing time: 0.002s (removed 146 assignments)
No solver specified; defaulting to bitwuzla
Solving claim '(signed int)CommandRegister != 0 && (signed int)CommandRegister == 1 && (signed int)CommandRegister != 2 && (signed int)CommandRegister != 3 at file /Users/user/NVIDIA-OpenSMA/src/nv/emulation/pca9555.cpp line 164 column 18 function i2c_write' with solver Bitwuzla 0.8.2
Encoding remaining VCC(s) using bit-vector/floating-point arithmetic
Encoding to solver time: 0.017s
Solving with solver Bitwuzla 0.8.2
Runtime decision procedure: 0.004s
✓ PASSED: '(signed int)CommandRegister != 0 && (signed int)CommandRegister == 1 && (signed int)CommandRegister != 2 && (signed int)CommandRegister != 3 at file /Users/user/NVIDIA-OpenSMA/src/nv/emulation/pca9555.cpp line 164 column 18 function i2c_write'
Slicing time: 0.002s (removed 146 assignments)
No solver specified; defaulting to bitwuzla
Solving claim '(signed int)CommandRegister != 0 && (signed int)CommandRegister == 1 && (signed int)CommandRegister != 2 && (signed int)CommandRegister == 3 at file /Users/user/NVIDIA-OpenSMA/src/nv/emulation/pca9555.cpp line 164 column 18 function i2c_write' with solver Bitwuzla 0.8.2
Encoding remaining VCC(s) using bit-vector/floating-point arithmetic
Encoding to solver time: 0.018s
Solving with solver Bitwuzla 0.8.2
Runtime decision procedure: 0.004s
✓ PASSED: '(signed int)CommandRegister != 0 && (signed int)CommandRegister == 1 && (signed int)CommandRegister != 2 && (signed int)CommandRegister == 3 at file /Users/user/NVIDIA-OpenSMA/src/nv/emulation/pca9555.cpp line 164 column 18 function i2c_write'
Slicing time: 0.002s (removed 146 assignments)
No solver specified; defaulting to bitwuzla
Solving claim '(signed int)CommandRegister == 0 && (signed int)CommandRegister != 1 && (signed int)CommandRegister != 2 && (signed int)CommandRegister != 3 at file /Users/user/NVIDIA-OpenSMA/src/nv/emulation/pca9555.cpp line 164 column 18 function i2c_write' with solver Bitwuzla 0.8.2
Encoding remaining VCC(s) using bit-vector/floating-point arithmetic
Encoding to solver time: 0.019s
Solving with solver Bitwuzla 0.8.2
Runtime decision procedure: 0.004s
✓ PASSED: '(signed int)CommandRegister == 0 && (signed int)CommandRegister != 1 && (signed int)CommandRegister != 2 && (signed int)CommandRegister != 3 at file /Users/user/NVIDIA-OpenSMA/src/nv/emulation/pca9555.cpp line 164 column 18 function i2c_write'
Slicing time: 0.002s (removed 146 assignments)
No solver specified; defaulting to bitwuzla
Solving claim '(signed int)CommandRegister == 0 && (signed int)CommandRegister != 1 && (signed int)CommandRegister != 2 && (signed int)CommandRegister == 3 at file /Users/user/NVIDIA-OpenSMA/src/nv/emulation/pca9555.cpp line 164 column 18 function i2c_write' with solver Bitwuzla 0.8.2
Encoding remaining VCC(s) using bit-vector/floating-point arithmetic
Encoding to solver time: 0.018s
Solving with solver Bitwuzla 0.8.2
Runtime decision procedure: 0.003s
✓ PASSED: '(signed int)CommandRegister == 0 && (signed int)CommandRegister != 1 && (signed int)CommandRegister != 2 && (signed int)CommandRegister == 3 at file /Users/user/NVIDIA-OpenSMA/src/nv/emulation/pca9555.cpp line 164 column 18 function i2c_write'
Slicing time: 0.002s (removed 146 assignments)
No solver specified; defaulting to bitwuzla
Solving claim '(signed int)CommandRegister != 0 && (signed int)CommandRegister != 1 && (signed int)CommandRegister != 2 && (signed int)CommandRegister != 3 at file /Users/user/NVIDIA-OpenSMA/src/nv/emulation/pca9555.cpp line 164 column 18 function i2c_write' with solver Bitwuzla 0.8.2
Encoding remaining VCC(s) using bit-vector/floating-point arithmetic
Encoding to solver time: 0.018s
Solving with solver Bitwuzla 0.8.2
Runtime decision procedure: 0.004s
✗ FAILED: '(signed int)CommandRegister != 0 && (signed int)CommandRegister != 1 && (signed int)CommandRegister != 2 && (signed int)CommandRegister != 3 at file /Users/user/NVIDIA-OpenSMA/src/nv/emulation/pca9555.cpp line 164 column 18 function i2c_write'

[Counterexample]


State 1 file /Users/user/NVIDIA-OpenSMA/verification/harnesses/pca9555_harness.cpp line 43 column 5 function f_totality thread 0
----------------------------------------------------
  init = 0 (00000000 00000000)

State 2 file /Users/user/NVIDIA-OpenSMA/verification/harnesses/pca9555_harness.cpp line 44 column 5 function f_totality thread 0
----------------------------------------------------
  out_m = 0 (00000000 00000000)

State 3 file /Users/user/NVIDIA-OpenSMA/verification/harnesses/pca9555_harness.cpp line 45 column 5 function f_totality thread 0
----------------------------------------------------
  in_m = 0 (00000000 00000000)

State 4 file /Users/user/NVIDIA-OpenSMA/verification/harnesses/pca9555_harness.cpp line 46 column 5 function f_totality thread 0
----------------------------------------------------
  dev = { ._active_register=0, ._active_bank=0, ._new_command=1, .interrupt_low_vector={ .elems={ 255, 255 } },
    .state_at_last_interrupt_check={ .elems = { 0 } },
    ._gpio_pin_state={ .elems = { 0 } },
    ._gpio_output={ .elems={ 255, 255 } },
    ._gpio_inversion_enable={ .elems = { 0 } },
    ._gpio_direction_config={ .elems={ 255, 255 } },
    ._required_outputs={ .elems = { 0 } },
    ._required_inputs={ .elems = { 0 } },
    .anon_pad$11=0 }

State 5 file /Users/user/NVIDIA-OpenSMA/src/nv/emulation/pca9555.cpp line 87 column 13 function i2c_read thread 0
----------------------------------------------------
  *return_value$_at$3 = ( class nv::emulation::Pca9555 { unsigned int _active_register; unsigned int _active_bank; _Bool _new_command;  struct std::array<unsigned char, 2> { unsigned char [2] elems; }interrupt_low_vector;  struct std::array<unsigned char, 2> { unsigned char [2] elems; }state_at_last_interrupt_check;  struct std::array<unsigned char, 2> { unsigned char [2] elems; }_gpio_pin_state;  struct std::array<unsigned char, 2> { unsigned char [2] elems; }_gpio_output;  struct std::array<unsigned char, 2> { unsigned char [2] elems; }_gpio_inversion_enable;  struct std::array<unsigned char, 2> { unsigned char [2] elems; }_gpio_direction_config;  struct std::array<unsigned char, 2> { unsigned char [2] elems; }_required_outputs;  struct std::array<unsigned char, 2> { unsigned char [2] elems; }_required_inputs; unsigned _ExtInt(24) anon_pad$11; })(byte_update_little_endian((unsigned _ExtInt(224))({ ._active_register=0, ._active_bank=0, ._new_command=0, .interrupt_low_vector={ .elems={ 255, 255 } },
    .state_at_last_interrupt_check={ .elems = { 0 } },
    ._gpio_pin_state={ .elems = { 0 } },
    ._gpio_output={ .elems={ 255, 255 } },
    ._gpio_inversion_enable={ .elems = { 0 } },
    ._gpio_direction_config={ .elems={ 255, 255 } },
    ._required_outputs={ .elems = { 0 } },
    ._required_inputs={ .elems = { 0 } },
    .anon_pad$11=0 }), 9, 255))

State 6 file /Users/user/NVIDIA-OpenSMA/src/nv/emulation/pca9555.cpp line 338 column 5 function next_bank thread 0
----------------------------------------------------
  *bank::0 = { ._active_register=0, ._active_bank=1, ._new_command=0, .interrupt_low_vector={ .elems={ 255, 255 } },
    .state_at_last_interrupt_check={ .elems = { 0 } },
    ._gpio_pin_state={ .elems = { 0 } },
    ._gpio_output={ .elems={ 255, 255 } },
    ._gpio_inversion_enable={ .elems = { 0 } },
    ._gpio_direction_config={ .elems={ 255, 255 } },
    ._required_outputs={ .elems = { 0 } },
    ._required_inputs={ .elems = { 0 } },
    .anon_pad$11=0 }

State 7 file /Users/user/NVIDIA-OpenSMA/src/nv/emulation/pca9555.cpp line 87 column 13 function i2c_read thread 0
----------------------------------------------------
  *return_value$_at$3 = ( class nv::emulation::Pca9555 { unsigned int _active_register; unsigned int _active_bank; _Bool _new_command;  struct std::array<unsigned char, 2> { unsigned char [2] elems; }interrupt_low_vector;  struct std::array<unsigned char, 2> { unsigned char [2] elems; }state_at_last_interrupt_check;  struct std::array<unsigned char, 2> { unsigned char [2] elems; }_gpio_pin_state;  struct std::array<unsigned char, 2> { unsigned char [2] elems; }_gpio_output;  struct std::array<unsigned char, 2> { unsigned char [2] elems; }_gpio_inversion_enable;  struct std::array<unsigned char, 2> { unsigned char [2] elems; }_gpio_direction_config;  struct std::array<unsigned char, 2> { unsigned char [2] elems; }_required_outputs;  struct std::array<unsigned char, 2> { unsigned char [2] elems; }_required_inputs; unsigned _ExtInt(24) anon_pad$11; })(byte_update_little_endian((unsigned _ExtInt(224))({ ._active_register=0, ._active_bank=1, ._new_command=0, .interrupt_low_vector={ .elems={ 255, 255 } },
    .state_at_last_interrupt_check={ .elems = { 0 } },
    ._gpio_pin_state={ .elems = { 0 } },
    ._gpio_output={ .elems={ 255, 255 } },
    ._gpio_inversion_enable={ .elems = { 0 } },
    ._gpio_direction_config={ .elems={ 255, 255 } },
    ._required_outputs={ .elems = { 0 } },
    ._required_inputs={ .elems = { 0 } },
    .anon_pad$11=0 }), 10, 255))

State 8 file /Users/user/NVIDIA-OpenSMA/src/nv/emulation/pca9555.cpp line 338 column 5 function next_bank thread 0
----------------------------------------------------
  *bank::0 = { ._active_register=0, ._active_bank=0, ._new_command=0, .interrupt_low_vector={ .elems={ 255, 255 } },
    .state_at_last_interrupt_check={ .elems = { 0 } },
    ._gpio_pin_state={ .elems = { 0 } },
    ._gpio_output={ .elems={ 255, 255 } },
    ._gpio_inversion_enable={ .elems = { 0 } },
    ._gpio_direction_config={ .elems={ 255, 255 } },
    ._required_outputs={ .elems = { 0 } },
    ._required_inputs={ .elems = { 0 } },
    .anon_pad$11=0 }

State 9 file /Users/user/NVIDIA-OpenSMA/verification/harnesses/pca9555_harness.cpp line 55 column 14 function f_totality thread 0
----------------------------------------------------
  *return_value$_operator[]$5 = { .elems={ nondet_symbol(symex::nondet27), 0, 0, 0, 0, 0, 0, 0, 0, 0, 0, 0, 0, 0, 0, 0, 0, 0, 0, 0, 0, 0, 0, 0, 0, 0, 0, 0, 0, 0, 0, 0, 0, 0, 0 } }

State 10 file /Users/user/NVIDIA-OpenSMA/verification/harnesses/pca9555_harness.cpp line 56 column 14 function f_totality thread 0
----------------------------------------------------
  *return_value$_operator[]$6 = { .elems = 0 }

State 13 file /Users/user/NVIDIA-OpenSMA/src/nv/emulation/pca9555.cpp line 129 column 9 function i2c_write thread 0
----------------------------------------------------
  this->_active_register = { ._active_register=127, ._active_bank=0, ._new_command=1,
    .interrupt_low_vector={ .elems={ 255, 255 } }, .state_at_last_interrupt_check={ .elems = { 0 } },
    ._gpio_pin_state={ .elems = { 0 } },
    ._gpio_output={ .elems={ 255, 255 } },
    ._gpio_inversion_enable={ .elems = { 0 } },
    ._gpio_direction_config={ .elems={ 255, 255 } },
    ._required_outputs={ .elems = { 0 } },
    ._required_inputs={ .elems = { 0 } },
    .anon_pad$11=0 }

State 14 file /Users/user/NVIDIA-OpenSMA/src/nv/emulation/pca9555.cpp line 130 column 9 function i2c_write thread 0
----------------------------------------------------
  this->_active_bank = { ._active_register=127, ._active_bank=0, ._new_command=1,
    .interrupt_low_vector={ .elems={ 255, 255 } }, .state_at_last_interrupt_check={ .elems = { 0 } },
    ._gpio_pin_state={ .elems = { 0 } },
    ._gpio_output={ .elems={ 255, 255 } },
    ._gpio_inversion_enable={ .elems = { 0 } },
    ._gpio_direction_config={ .elems={ 255, 255 } },
    ._required_outputs={ .elems = { 0 } },
    ._required_inputs={ .elems = { 0 } },
    .anon_pad$11=0 }

State 17 file /Users/user/NVIDIA-OpenSMA/src/nv/emulation/pca9555.cpp line 164 column 18 function i2c_write thread 0
----------------------------------------------------
Violated property:
  file /Users/user/NVIDIA-OpenSMA/src/nv/emulation/pca9555.cpp line 164 column 18 function i2c_write
  (signed int)CommandRegister != 0 && (signed int)CommandRegister != 1 && (signed int)CommandRegister != 2 && (signed int)CommandRegister != 3
  (signed int)CommandRegister == 0 || (signed int)CommandRegister == 1 || (signed int)CommandRegister == 2 || (signed int)CommandRegister == 3

Slicing time: 0.002s (removed 146 assignments)
No solver specified; defaulting to bitwuzla
Solving claim '(signed int)CommandRegister != 0 && (signed int)CommandRegister != 1 && (signed int)CommandRegister != 2 && (signed int)CommandRegister == 3 at file /Users/user/NVIDIA-OpenSMA/src/nv/emulation/pca9555.cpp line 164 column 18 function i2c_write' with solver Bitwuzla 0.8.2
Encoding remaining VCC(s) using bit-vector/floating-point arithmetic
Encoding to solver time: 0.018s
Solving with solver Bitwuzla 0.8.2
Runtime decision procedure: 0.004s
✗ FAILED: '(signed int)CommandRegister != 0 && (signed int)CommandRegister != 1 && (signed int)CommandRegister != 2 && (signed int)CommandRegister == 3 at file /Users/user/NVIDIA-OpenSMA/src/nv/emulation/pca9555.cpp line 164 column 18 function i2c_write'

[Counterexample]


State 1 file /Users/user/NVIDIA-OpenSMA/verification/harnesses/pca9555_harness.cpp line 43 column 5 function f_totality thread 0
----------------------------------------------------
  init = 0 (00000000 00000000)

State 2 file /Users/user/NVIDIA-OpenSMA/verification/harnesses/pca9555_harness.cpp line 44 column 5 function f_totality thread 0
----------------------------------------------------
  out_m = 0 (00000000 00000000)

State 3 file /Users/user/NVIDIA-OpenSMA/verification/harnesses/pca9555_harness.cpp line 45 column 5 function f_totality thread 0
----------------------------------------------------
  in_m = 0 (00000000 00000000)

State 4 file /Users/user/NVIDIA-OpenSMA/verification/harnesses/pca9555_harness.cpp line 46 column 5 function f_totality thread 0
----------------------------------------------------
  dev = { ._active_register=0, ._active_bank=0, ._new_command=1, .interrupt_low_vector={ .elems={ 255, 255 } },
    .state_at_last_interrupt_check={ .elems = { 0 } },
    ._gpio_pin_state={ .elems = { 0 } },
    ._gpio_output={ .elems={ 255, 255 } },
    ._gpio_inversion_enable={ .elems = { 0 } },
    ._gpio_direction_config={ .elems={ 255, 255 } },
    ._required_outputs={ .elems = { 0 } },
    ._required_inputs={ .elems = { 0 } },
    .anon_pad$11=0 }

State 5 file /Users/user/NVIDIA-OpenSMA/src/nv/emulation/pca9555.cpp line 87 column 13 function i2c_read thread 0
----------------------------------------------------
  *return_value$_at$3 = ( class nv::emulation::Pca9555 { unsigned int _active_register; unsigned int _active_bank; _Bool _new_command;  struct std::array<unsigned char, 2> { unsigned char [2] elems; }interrupt_low_vector;  struct std::array<unsigned char, 2> { unsigned char [2] elems; }state_at_last_interrupt_check;  struct std::array<unsigned char, 2> { unsigned char [2] elems; }_gpio_pin_state;  struct std::array<unsigned char, 2> { unsigned char [2] elems; }_gpio_output;  struct std::array<unsigned char, 2> { unsigned char [2] elems; }_gpio_inversion_enable;  struct std::array<unsigned char, 2> { unsigned char [2] elems; }_gpio_direction_config;  struct std::array<unsigned char, 2> { unsigned char [2] elems; }_required_outputs;  struct std::array<unsigned char, 2> { unsigned char [2] elems; }_required_inputs; unsigned _ExtInt(24) anon_pad$11; })(byte_update_little_endian((unsigned _ExtInt(224))({ ._active_register=0, ._active_bank=0, ._new_command=0, .interrupt_low_vector={ .elems={ 255, 255 } },
    .state_at_last_interrupt_check={ .elems = { 0 } },
    ._gpio_pin_state={ .elems = { 0 } },
    ._gpio_output={ .elems={ 255, 255 } },
    ._gpio_inversion_enable={ .elems = { 0 } },
    ._gpio_direction_config={ .elems={ 255, 255 } },
    ._required_outputs={ .elems = { 0 } },
    ._required_inputs={ .elems = { 0 } },
    .anon_pad$11=0 }), 9, 255))

State 6 file /Users/user/NVIDIA-OpenSMA/src/nv/emulation/pca9555.cpp line 338 column 5 function next_bank thread 0
----------------------------------------------------
  *bank::0 = { ._active_register=0, ._active_bank=1, ._new_command=0, .interrupt_low_vector={ .elems={ 255, 255 } },
    .state_at_last_interrupt_check={ .elems = { 0 } },
    ._gpio_pin_state={ .elems = { 0 } },
    ._gpio_output={ .elems={ 255, 255 } },
    ._gpio_inversion_enable={ .elems = { 0 } },
    ._gpio_direction_config={ .elems={ 255, 255 } },
    ._required_outputs={ .elems = { 0 } },
    ._required_inputs={ .elems = { 0 } },
    .anon_pad$11=0 }

State 7 file /Users/user/NVIDIA-OpenSMA/src/nv/emulation/pca9555.cpp line 87 column 13 function i2c_read thread 0
----------------------------------------------------
  *return_value$_at$3 = ( class nv::emulation::Pca9555 { unsigned int _active_register; unsigned int _active_bank; _Bool _new_command;  struct std::array<unsigned char, 2> { unsigned char [2] elems; }interrupt_low_vector;  struct std::array<unsigned char, 2> { unsigned char [2] elems; }state_at_last_interrupt_check;  struct std::array<unsigned char, 2> { unsigned char [2] elems; }_gpio_pin_state;  struct std::array<unsigned char, 2> { unsigned char [2] elems; }_gpio_output;  struct std::array<unsigned char, 2> { unsigned char [2] elems; }_gpio_inversion_enable;  struct std::array<unsigned char, 2> { unsigned char [2] elems; }_gpio_direction_config;  struct std::array<unsigned char, 2> { unsigned char [2] elems; }_required_outputs;  struct std::array<unsigned char, 2> { unsigned char [2] elems; }_required_inputs; unsigned _ExtInt(24) anon_pad$11; })(byte_update_little_endian((unsigned _ExtInt(224))({ ._active_register=0, ._active_bank=1, ._new_command=0, .interrupt_low_vector={ .elems={ 255, 255 } },
    .state_at_last_interrupt_check={ .elems = { 0 } },
    ._gpio_pin_state={ .elems = { 0 } },
    ._gpio_output={ .elems={ 255, 255 } },
    ._gpio_inversion_enable={ .elems = { 0 } },
    ._gpio_direction_config={ .elems={ 255, 255 } },
    ._required_outputs={ .elems = { 0 } },
    ._required_inputs={ .elems = { 0 } },
    .anon_pad$11=0 }), 10, 255))

State 8 file /Users/user/NVIDIA-OpenSMA/src/nv/emulation/pca9555.cpp line 338 column 5 function next_bank thread 0
----------------------------------------------------
  *bank::0 = { ._active_register=0, ._active_bank=0, ._new_command=0, .interrupt_low_vector={ .elems={ 255, 255 } },
    .state_at_last_interrupt_check={ .elems = { 0 } },
    ._gpio_pin_state={ .elems = { 0 } },
    ._gpio_output={ .elems={ 255, 255 } },
    ._gpio_inversion_enable={ .elems = { 0 } },
    ._gpio_direction_config={ .elems={ 255, 255 } },
    ._required_outputs={ .elems = { 0 } },
    ._required_inputs={ .elems = { 0 } },
    .anon_pad$11=0 }

State 9 file /Users/user/NVIDIA-OpenSMA/verification/harnesses/pca9555_harness.cpp line 55 column 14 function f_totality thread 0
----------------------------------------------------
  *return_value$_operator[]$5 = { .elems={ nondet_symbol(symex::nondet27), 0, 0, 0, 0, 0, 0, 0, 0, 0, 0, 0, 0, 0, 0, 0, 0, 0, 0, 0, 0, 0, 0, 0, 0, 0, 0, 0, 0, 0, 0, 0, 0, 0, 0 } }

State 10 file /Users/user/NVIDIA-OpenSMA/verification/harnesses/pca9555_harness.cpp line 56 column 14 function f_totality thread 0
----------------------------------------------------
  *return_value$_operator[]$6 = { .elems = 0 }

State 13 file /Users/user/NVIDIA-OpenSMA/src/nv/emulation/pca9555.cpp line 129 column 9 function i2c_write thread 0
----------------------------------------------------
  this->_active_register = { ._active_register=3, ._active_bank=0, ._new_command=1, .interrupt_low_vector={ .elems={ 255, 255 } },
    .state_at_last_interrupt_check={ .elems = { 0 } },
    ._gpio_pin_state={ .elems = { 0 } },
    ._gpio_output={ .elems={ 255, 255 } },
    ._gpio_inversion_enable={ .elems = { 0 } },
    ._gpio_direction_config={ .elems={ 255, 255 } },
    ._required_outputs={ .elems = { 0 } },
    ._required_inputs={ .elems = { 0 } },
    .anon_pad$11=0 }

State 14 file /Users/user/NVIDIA-OpenSMA/src/nv/emulation/pca9555.cpp line 130 column 9 function i2c_write thread 0
----------------------------------------------------
  this->_active_bank = { ._active_register=3, ._active_bank=0, ._new_command=1, .interrupt_low_vector={ .elems={ 255, 255 } },
    .state_at_last_interrupt_check={ .elems = { 0 } },
    ._gpio_pin_state={ .elems = { 0 } },
    ._gpio_output={ .elems={ 255, 255 } },
    ._gpio_inversion_enable={ .elems = { 0 } },
    ._gpio_direction_config={ .elems={ 255, 255 } },
    ._required_outputs={ .elems = { 0 } },
    ._required_inputs={ .elems = { 0 } },
    .anon_pad$11=0 }

State 17 file /Users/user/NVIDIA-OpenSMA/src/nv/emulation/pca9555.cpp line 164 column 18 function i2c_write thread 0
----------------------------------------------------
Violated property:
  file /Users/user/NVIDIA-OpenSMA/src/nv/emulation/pca9555.cpp line 164 column 18 function i2c_write
  (signed int)CommandRegister != 0 && (signed int)CommandRegister != 1 && (signed int)CommandRegister != 2 && (signed int)CommandRegister == 3

Slicing time: 0.002s (removed 146 assignments)
No solver specified; defaulting to bitwuzla
Solving claim '(signed int)i < (signed int)data_length::1 && (signed int)CommandRegister == 0 && (signed int)CommandRegister == 1 && (signed int)CommandRegister != 2 at file /Users/user/NVIDIA-OpenSMA/src/nv/emulation/pca9555.cpp line 158 column 18 function i2c_write' with solver Bitwuzla 0.8.2
Encoding remaining VCC(s) using bit-vector/floating-point arithmetic
Encoding to solver time: 0.017s
Solving with solver Bitwuzla 0.8.2
Runtime decision procedure: 0.003s
✓ PASSED: '(signed int)i < (signed int)data_length::1 && (signed int)CommandRegister == 0 && (signed int)CommandRegister == 1 && (signed int)CommandRegister != 2 at file /Users/user/NVIDIA-OpenSMA/src/nv/emulation/pca9555.cpp line 158 column 18 function i2c_write'
Slicing time: 0.002s (removed 146 assignments)
No solver specified; defaulting to bitwuzla
Solving claim '(signed int)i < (signed int)data_length::1 && (signed int)CommandRegister == 0 && (signed int)CommandRegister == 1 && (signed int)CommandRegister == 2 at file /Users/user/NVIDIA-OpenSMA/src/nv/emulation/pca9555.cpp line 158 column 18 function i2c_write' with solver Bitwuzla 0.8.2
Encoding remaining VCC(s) using bit-vector/floating-point arithmetic
Encoding to solver time: 0.017s
Solving with solver Bitwuzla 0.8.2
Runtime decision procedure: 0.003s
✓ PASSED: '(signed int)i < (signed int)data_length::1 && (signed int)CommandRegister == 0 && (signed int)CommandRegister == 1 && (signed int)CommandRegister == 2 at file /Users/user/NVIDIA-OpenSMA/src/nv/emulation/pca9555.cpp line 158 column 18 function i2c_write'
Slicing time: 0.002s (removed 146 assignments)
No solver specified; defaulting to bitwuzla
Solving claim '(signed int)i < (signed int)data_length::1 && (signed int)CommandRegister != 0 && (signed int)CommandRegister == 1 && (signed int)CommandRegister != 2 at file /Users/user/NVIDIA-OpenSMA/src/nv/emulation/pca9555.cpp line 158 column 18 function i2c_write' with solver Bitwuzla 0.8.2
Encoding remaining VCC(s) using bit-vector/floating-point arithmetic
Encoding to solver time: 0.018s
Solving with solver Bitwuzla 0.8.2
Runtime decision procedure: 0.003s
✓ PASSED: '(signed int)i < (signed int)data_length::1 && (signed int)CommandRegister != 0 && (signed int)CommandRegister == 1 && (signed int)CommandRegister != 2 at file /Users/user/NVIDIA-OpenSMA/src/nv/emulation/pca9555.cpp line 158 column 18 function i2c_write'
Slicing time: 0.002s (removed 146 assignments)
No solver specified; defaulting to bitwuzla
Solving claim '(signed int)i < (signed int)data_length::1 && (signed int)CommandRegister != 0 && (signed int)CommandRegister == 1 && (signed int)CommandRegister == 2 at file /Users/user/NVIDIA-OpenSMA/src/nv/emulation/pca9555.cpp line 158 column 18 function i2c_write' with solver Bitwuzla 0.8.2
Encoding remaining VCC(s) using bit-vector/floating-point arithmetic
Encoding to solver time: 0.018s
Solving with solver Bitwuzla 0.8.2
Runtime decision procedure: 0.003s
✓ PASSED: '(signed int)i < (signed int)data_length::1 && (signed int)CommandRegister != 0 && (signed int)CommandRegister == 1 && (signed int)CommandRegister == 2 at file /Users/user/NVIDIA-OpenSMA/src/nv/emulation/pca9555.cpp line 158 column 18 function i2c_write'
Slicing time: 0.002s (removed 146 assignments)
No solver specified; defaulting to bitwuzla
Solving claim '(signed int)i < (signed int)data_length::1 && (signed int)CommandRegister == 0 && (signed int)CommandRegister != 1 && (signed int)CommandRegister != 2 at file /Users/user/NVIDIA-OpenSMA/src/nv/emulation/pca9555.cpp line 158 column 18 function i2c_write' with solver Bitwuzla 0.8.2
Encoding remaining VCC(s) using bit-vector/floating-point arithmetic
Encoding to solver time: 0.017s
Solving with solver Bitwuzla 0.8.2
Runtime decision procedure: 0.004s
✓ PASSED: '(signed int)i < (signed int)data_length::1 && (signed int)CommandRegister == 0 && (signed int)CommandRegister != 1 && (signed int)CommandRegister != 2 at file /Users/user/NVIDIA-OpenSMA/src/nv/emulation/pca9555.cpp line 158 column 18 function i2c_write'
Slicing time: 0.002s (removed 146 assignments)
No solver specified; defaulting to bitwuzla
Solving claim '(signed int)i < (signed int)data_length::1 && (signed int)CommandRegister == 0 && (signed int)CommandRegister != 1 && (signed int)CommandRegister == 2 at file /Users/user/NVIDIA-OpenSMA/src/nv/emulation/pca9555.cpp line 158 column 18 function i2c_write' with solver Bitwuzla 0.8.2
Encoding remaining VCC(s) using bit-vector/floating-point arithmetic
Encoding to solver time: 0.017s
Solving with solver Bitwuzla 0.8.2
Runtime decision procedure: 0.004s
✓ PASSED: '(signed int)i < (signed int)data_length::1 && (signed int)CommandRegister == 0 && (signed int)CommandRegister != 1 && (signed int)CommandRegister == 2 at file /Users/user/NVIDIA-OpenSMA/src/nv/emulation/pca9555.cpp line 158 column 18 function i2c_write'
Slicing time: 0.002s (removed 146 assignments)
No solver specified; defaulting to bitwuzla
Solving claim '(signed int)i < (signed int)data_length::1 && (signed int)CommandRegister != 0 && (signed int)CommandRegister != 1 && (signed int)CommandRegister != 2 at file /Users/user/NVIDIA-OpenSMA/src/nv/emulation/pca9555.cpp line 158 column 18 function i2c_write' with solver Bitwuzla 0.8.2
Encoding remaining VCC(s) using bit-vector/floating-point arithmetic
Encoding to solver time: 0.018s
Solving with solver Bitwuzla 0.8.2
Runtime decision procedure: 0.004s
✗ FAILED: '(signed int)i < (signed int)data_length::1 && (signed int)CommandRegister != 0 && (signed int)CommandRegister != 1 && (signed int)CommandRegister != 2 at file /Users/user/NVIDIA-OpenSMA/src/nv/emulation/pca9555.cpp line 158 column 18 function i2c_write'

[Counterexample]


State 1 file /Users/user/NVIDIA-OpenSMA/verification/harnesses/pca9555_harness.cpp line 43 column 5 function f_totality thread 0
----------------------------------------------------
  init = 0 (00000000 00000000)

State 2 file /Users/user/NVIDIA-OpenSMA/verification/harnesses/pca9555_harness.cpp line 44 column 5 function f_totality thread 0
----------------------------------------------------
  out_m = 0 (00000000 00000000)

State 3 file /Users/user/NVIDIA-OpenSMA/verification/harnesses/pca9555_harness.cpp line 45 column 5 function f_totality thread 0
----------------------------------------------------
  in_m = 0 (00000000 00000000)

State 4 file /Users/user/NVIDIA-OpenSMA/verification/harnesses/pca9555_harness.cpp line 46 column 5 function f_totality thread 0
----------------------------------------------------
  dev = { ._active_register=0, ._active_bank=0, ._new_command=1, .interrupt_low_vector={ .elems={ 255, 255 } },
    .state_at_last_interrupt_check={ .elems = { 0 } },
    ._gpio_pin_state={ .elems = { 0 } },
    ._gpio_output={ .elems={ 255, 255 } },
    ._gpio_inversion_enable={ .elems = { 0 } },
    ._gpio_direction_config={ .elems={ 255, 255 } },
    ._required_outputs={ .elems = { 0 } },
    ._required_inputs={ .elems = { 0 } },
    .anon_pad$11=0 }

State 5 file /Users/user/NVIDIA-OpenSMA/src/nv/emulation/pca9555.cpp line 87 column 13 function i2c_read thread 0
----------------------------------------------------
  *return_value$_at$3 = ( class nv::emulation::Pca9555 { unsigned int _active_register; unsigned int _active_bank; _Bool _new_command;  struct std::array<unsigned char, 2> { unsigned char [2] elems; }interrupt_low_vector;  struct std::array<unsigned char, 2> { unsigned char [2] elems; }state_at_last_interrupt_check;  struct std::array<unsigned char, 2> { unsigned char [2] elems; }_gpio_pin_state;  struct std::array<unsigned char, 2> { unsigned char [2] elems; }_gpio_output;  struct std::array<unsigned char, 2> { unsigned char [2] elems; }_gpio_inversion_enable;  struct std::array<unsigned char, 2> { unsigned char [2] elems; }_gpio_direction_config;  struct std::array<unsigned char, 2> { unsigned char [2] elems; }_required_outputs;  struct std::array<unsigned char, 2> { unsigned char [2] elems; }_required_inputs; unsigned _ExtInt(24) anon_pad$11; })(byte_update_little_endian((unsigned _ExtInt(224))({ ._active_register=0, ._active_bank=0, ._new_command=0, .interrupt_low_vector={ .elems={ 255, 255 } },
    .state_at_last_interrupt_check={ .elems = { 0 } },
    ._gpio_pin_state={ .elems = { 0 } },
    ._gpio_output={ .elems={ 255, 255 } },
    ._gpio_inversion_enable={ .elems = { 0 } },
    ._gpio_direction_config={ .elems={ 255, 255 } },
    ._required_outputs={ .elems = { 0 } },
    ._required_inputs={ .elems = { 0 } },
    .anon_pad$11=0 }), 9, 255))

State 6 file /Users/user/NVIDIA-OpenSMA/src/nv/emulation/pca9555.cpp line 338 column 5 function next_bank thread 0
----------------------------------------------------
  *bank::0 = { ._active_register=0, ._active_bank=1, ._new_command=0, .interrupt_low_vector={ .elems={ 255, 255 } },
    .state_at_last_interrupt_check={ .elems = { 0 } },
    ._gpio_pin_state={ .elems = { 0 } },
    ._gpio_output={ .elems={ 255, 255 } },
    ._gpio_inversion_enable={ .elems = { 0 } },
    ._gpio_direction_config={ .elems={ 255, 255 } },
    ._required_outputs={ .elems = { 0 } },
    ._required_inputs={ .elems = { 0 } },
    .anon_pad$11=0 }

State 7 file /Users/user/NVIDIA-OpenSMA/src/nv/emulation/pca9555.cpp line 87 column 13 function i2c_read thread 0
----------------------------------------------------
  *return_value$_at$3 = ( class nv::emulation::Pca9555 { unsigned int _active_register; unsigned int _active_bank; _Bool _new_command;  struct std::array<unsigned char, 2> { unsigned char [2] elems; }interrupt_low_vector;  struct std::array<unsigned char, 2> { unsigned char [2] elems; }state_at_last_interrupt_check;  struct std::array<unsigned char, 2> { unsigned char [2] elems; }_gpio_pin_state;  struct std::array<unsigned char, 2> { unsigned char [2] elems; }_gpio_output;  struct std::array<unsigned char, 2> { unsigned char [2] elems; }_gpio_inversion_enable;  struct std::array<unsigned char, 2> { unsigned char [2] elems; }_gpio_direction_config;  struct std::array<unsigned char, 2> { unsigned char [2] elems; }_required_outputs;  struct std::array<unsigned char, 2> { unsigned char [2] elems; }_required_inputs; unsigned _ExtInt(24) anon_pad$11; })(byte_update_little_endian((unsigned _ExtInt(224))({ ._active_register=0, ._active_bank=1, ._new_command=0, .interrupt_low_vector={ .elems={ 255, 255 } },
    .state_at_last_interrupt_check={ .elems = { 0 } },
    ._gpio_pin_state={ .elems = { 0 } },
    ._gpio_output={ .elems={ 255, 255 } },
    ._gpio_inversion_enable={ .elems = { 0 } },
    ._gpio_direction_config={ .elems={ 255, 255 } },
    ._required_outputs={ .elems = { 0 } },
    ._required_inputs={ .elems = { 0 } },
    .anon_pad$11=0 }), 10, 255))

State 8 file /Users/user/NVIDIA-OpenSMA/src/nv/emulation/pca9555.cpp line 338 column 5 function next_bank thread 0
----------------------------------------------------
  *bank::0 = { ._active_register=0, ._active_bank=0, ._new_command=0, .interrupt_low_vector={ .elems={ 255, 255 } },
    .state_at_last_interrupt_check={ .elems = { 0 } },
    ._gpio_pin_state={ .elems = { 0 } },
    ._gpio_output={ .elems={ 255, 255 } },
    ._gpio_inversion_enable={ .elems = { 0 } },
    ._gpio_direction_config={ .elems={ 255, 255 } },
    ._required_outputs={ .elems = { 0 } },
    ._required_inputs={ .elems = { 0 } },
    .anon_pad$11=0 }

State 9 file /Users/user/NVIDIA-OpenSMA/verification/harnesses/pca9555_harness.cpp line 55 column 14 function f_totality thread 0
----------------------------------------------------
  *return_value$_operator[]$5 = { .elems={ nondet_symbol(symex::nondet27), 0, 0, 0, 0, 0, 0, 0, 0, 0, 0, 0, 0, 0, 0, 0, 0, 0, 0, 0, 0, 0, 0, 0, 0, 0, 0, 0, 0, 0, 0, 0, 0, 0, 0 } }

State 10 file /Users/user/NVIDIA-OpenSMA/verification/harnesses/pca9555_harness.cpp line 56 column 14 function f_totality thread 0
----------------------------------------------------
  *return_value$_operator[]$6 = { .elems = 0 }

State 13 file /Users/user/NVIDIA-OpenSMA/src/nv/emulation/pca9555.cpp line 129 column 9 function i2c_write thread 0
----------------------------------------------------
  this->_active_register = { ._active_register=127, ._active_bank=0, ._new_command=1,
    .interrupt_low_vector={ .elems={ 255, 255 } }, .state_at_last_interrupt_check={ .elems = { 0 } },
    ._gpio_pin_state={ .elems = { 0 } },
    ._gpio_output={ .elems={ 255, 255 } },
    ._gpio_inversion_enable={ .elems = { 0 } },
    ._gpio_direction_config={ .elems={ 255, 255 } },
    ._required_outputs={ .elems = { 0 } },
    ._required_inputs={ .elems = { 0 } },
    .anon_pad$11=0 }

State 14 file /Users/user/NVIDIA-OpenSMA/src/nv/emulation/pca9555.cpp line 130 column 9 function i2c_write thread 0
----------------------------------------------------
  this->_active_bank = { ._active_register=127, ._active_bank=0, ._new_command=1,
    .interrupt_low_vector={ .elems={ 255, 255 } }, .state_at_last_interrupt_check={ .elems = { 0 } },
    ._gpio_pin_state={ .elems = { 0 } },
    ._gpio_output={ .elems={ 255, 255 } },
    ._gpio_inversion_enable={ .elems = { 0 } },
    ._gpio_direction_config={ .elems={ 255, 255 } },
    ._required_outputs={ .elems = { 0 } },
    ._required_inputs={ .elems = { 0 } },
    .anon_pad$11=0 }

State 17 file /Users/user/NVIDIA-OpenSMA/src/nv/emulation/pca9555.cpp line 158 column 18 function i2c_write thread 0
----------------------------------------------------
Violated property:
  file /Users/user/NVIDIA-OpenSMA/src/nv/emulation/pca9555.cpp line 158 column 18 function i2c_write
  (signed int)i < (signed int)data_length::1 && (signed int)CommandRegister != 0 && (signed int)CommandRegister != 1 && (signed int)CommandRegister != 2

Slicing time: 0.002s (removed 146 assignments)
No solver specified; defaulting to bitwuzla
Solving claim '(signed int)i < (signed int)data_length::1 && (signed int)CommandRegister != 0 && (signed int)CommandRegister != 1 && (signed int)CommandRegister == 2 at file /Users/user/NVIDIA-OpenSMA/src/nv/emulation/pca9555.cpp line 158 column 18 function i2c_write' with solver Bitwuzla 0.8.2
Encoding remaining VCC(s) using bit-vector/floating-point arithmetic
Encoding to solver time: 0.017s
Solving with solver Bitwuzla 0.8.2
Runtime decision procedure: 0.003s
✗ FAILED: '(signed int)i < (signed int)data_length::1 && (signed int)CommandRegister != 0 && (signed int)CommandRegister != 1 && (signed int)CommandRegister == 2 at file /Users/user/NVIDIA-OpenSMA/src/nv/emulation/pca9555.cpp line 158 column 18 function i2c_write'

[Counterexample]


State 1 file /Users/user/NVIDIA-OpenSMA/verification/harnesses/pca9555_harness.cpp line 43 column 5 function f_totality thread 0
----------------------------------------------------
  init = 0 (00000000 00000000)

State 2 file /Users/user/NVIDIA-OpenSMA/verification/harnesses/pca9555_harness.cpp line 44 column 5 function f_totality thread 0
----------------------------------------------------
  out_m = 0 (00000000 00000000)

State 3 file /Users/user/NVIDIA-OpenSMA/verification/harnesses/pca9555_harness.cpp line 45 column 5 function f_totality thread 0
----------------------------------------------------
  in_m = 0 (00000000 00000000)

State 4 file /Users/user/NVIDIA-OpenSMA/verification/harnesses/pca9555_harness.cpp line 46 column 5 function f_totality thread 0
----------------------------------------------------
  dev = { ._active_register=0, ._active_bank=0, ._new_command=1, .interrupt_low_vector={ .elems={ 255, 255 } },
    .state_at_last_interrupt_check={ .elems = { 0 } },
    ._gpio_pin_state={ .elems = { 0 } },
    ._gpio_output={ .elems={ 255, 255 } },
    ._gpio_inversion_enable={ .elems = { 0 } },
    ._gpio_direction_config={ .elems={ 255, 255 } },
    ._required_outputs={ .elems = { 0 } },
    ._required_inputs={ .elems = { 0 } },
    .anon_pad$11=0 }

State 5 file /Users/user/NVIDIA-OpenSMA/src/nv/emulation/pca9555.cpp line 87 column 13 function i2c_read thread 0
----------------------------------------------------
  *return_value$_at$3 = ( class nv::emulation::Pca9555 { unsigned int _active_register; unsigned int _active_bank; _Bool _new_command;  struct std::array<unsigned char, 2> { unsigned char [2] elems; }interrupt_low_vector;  struct std::array<unsigned char, 2> { unsigned char [2] elems; }state_at_last_interrupt_check;  struct std::array<unsigned char, 2> { unsigned char [2] elems; }_gpio_pin_state;  struct std::array<unsigned char, 2> { unsigned char [2] elems; }_gpio_output;  struct std::array<unsigned char, 2> { unsigned char [2] elems; }_gpio_inversion_enable;  struct std::array<unsigned char, 2> { unsigned char [2] elems; }_gpio_direction_config;  struct std::array<unsigned char, 2> { unsigned char [2] elems; }_required_outputs;  struct std::array<unsigned char, 2> { unsigned char [2] elems; }_required_inputs; unsigned _ExtInt(24) anon_pad$11; })(byte_update_little_endian((unsigned _ExtInt(224))({ ._active_register=0, ._active_bank=0, ._new_command=0, .interrupt_low_vector={ .elems={ 255, 255 } },
    .state_at_last_interrupt_check={ .elems = { 0 } },
    ._gpio_pin_state={ .elems = { 0 } },
    ._gpio_output={ .elems={ 255, 255 } },
    ._gpio_inversion_enable={ .elems = { 0 } },
    ._gpio_direction_config={ .elems={ 255, 255 } },
    ._required_outputs={ .elems = { 0 } },
    ._required_inputs={ .elems = { 0 } },
    .anon_pad$11=0 }), 9, 255))

State 6 file /Users/user/NVIDIA-OpenSMA/src/nv/emulation/pca9555.cpp line 338 column 5 function next_bank thread 0
----------------------------------------------------
  *bank::0 = { ._active_register=0, ._active_bank=1, ._new_command=0, .interrupt_low_vector={ .elems={ 255, 255 } },
    .state_at_last_interrupt_check={ .elems = { 0 } },
    ._gpio_pin_state={ .elems = { 0 } },
    ._gpio_output={ .elems={ 255, 255 } },
    ._gpio_inversion_enable={ .elems = { 0 } },
    ._gpio_direction_config={ .elems={ 255, 255 } },
    ._required_outputs={ .elems = { 0 } },
    ._required_inputs={ .elems = { 0 } },
    .anon_pad$11=0 }

State 7 file /Users/user/NVIDIA-OpenSMA/src/nv/emulation/pca9555.cpp line 87 column 13 function i2c_read thread 0
----------------------------------------------------
  *return_value$_at$3 = ( class nv::emulation::Pca9555 { unsigned int _active_register; unsigned int _active_bank; _Bool _new_command;  struct std::array<unsigned char, 2> { unsigned char [2] elems; }interrupt_low_vector;  struct std::array<unsigned char, 2> { unsigned char [2] elems; }state_at_last_interrupt_check;  struct std::array<unsigned char, 2> { unsigned char [2] elems; }_gpio_pin_state;  struct std::array<unsigned char, 2> { unsigned char [2] elems; }_gpio_output;  struct std::array<unsigned char, 2> { unsigned char [2] elems; }_gpio_inversion_enable;  struct std::array<unsigned char, 2> { unsigned char [2] elems; }_gpio_direction_config;  struct std::array<unsigned char, 2> { unsigned char [2] elems; }_required_outputs;  struct std::array<unsigned char, 2> { unsigned char [2] elems; }_required_inputs; unsigned _ExtInt(24) anon_pad$11; })(byte_update_little_endian((unsigned _ExtInt(224))({ ._active_register=0, ._active_bank=1, ._new_command=0, .interrupt_low_vector={ .elems={ 255, 255 } },
    .state_at_last_interrupt_check={ .elems = { 0 } },
    ._gpio_pin_state={ .elems = { 0 } },
    ._gpio_output={ .elems={ 255, 255 } },
    ._gpio_inversion_enable={ .elems = { 0 } },
    ._gpio_direction_config={ .elems={ 255, 255 } },
    ._required_outputs={ .elems = { 0 } },
    ._required_inputs={ .elems = { 0 } },
    .anon_pad$11=0 }), 10, 255))

State 8 file /Users/user/NVIDIA-OpenSMA/src/nv/emulation/pca9555.cpp line 338 column 5 function next_bank thread 0
----------------------------------------------------
  *bank::0 = { ._active_register=0, ._active_bank=0, ._new_command=0, .interrupt_low_vector={ .elems={ 255, 255 } },
    .state_at_last_interrupt_check={ .elems = { 0 } },
    ._gpio_pin_state={ .elems = { 0 } },
    ._gpio_output={ .elems={ 255, 255 } },
    ._gpio_inversion_enable={ .elems = { 0 } },
    ._gpio_direction_config={ .elems={ 255, 255 } },
    ._required_outputs={ .elems = { 0 } },
    ._required_inputs={ .elems = { 0 } },
    .anon_pad$11=0 }

State 9 file /Users/user/NVIDIA-OpenSMA/verification/harnesses/pca9555_harness.cpp line 55 column 14 function f_totality thread 0
----------------------------------------------------
  *return_value$_operator[]$5 = { .elems={ nondet_symbol(symex::nondet27), 0, 0, 0, 0, 0, 0, 0, 0, 0, 0, 0, 0, 0, 0, 0, 0, 0, 0, 0, 0, 0, 0, 0, 0, 0, 0, 0, 0, 0, 0, 0, 0, 0, 0 } }

State 10 file /Users/user/NVIDIA-OpenSMA/verification/harnesses/pca9555_harness.cpp line 56 column 14 function f_totality thread 0
----------------------------------------------------
  *return_value$_operator[]$6 = { .elems = 0 }

State 13 file /Users/user/NVIDIA-OpenSMA/src/nv/emulation/pca9555.cpp line 129 column 9 function i2c_write thread 0
----------------------------------------------------
  this->_active_register = { ._active_register=2, ._active_bank=0, ._new_command=1, .interrupt_low_vector={ .elems={ 255, 255 } },
    .state_at_last_interrupt_check={ .elems = { 0 } },
    ._gpio_pin_state={ .elems = { 0 } },
    ._gpio_output={ .elems={ 255, 255 } },
    ._gpio_inversion_enable={ .elems = { 0 } },
    ._gpio_direction_config={ .elems={ 255, 255 } },
    ._required_outputs={ .elems = { 0 } },
    ._required_inputs={ .elems = { 0 } },
    .anon_pad$11=0 }

State 14 file /Users/user/NVIDIA-OpenSMA/src/nv/emulation/pca9555.cpp line 130 column 9 function i2c_write thread 0
----------------------------------------------------
  this->_active_bank = { ._active_register=2, ._active_bank=0, ._new_command=1, .interrupt_low_vector={ .elems={ 255, 255 } },
    .state_at_last_interrupt_check={ .elems = { 0 } },
    ._gpio_pin_state={ .elems = { 0 } },
    ._gpio_output={ .elems={ 255, 255 } },
    ._gpio_inversion_enable={ .elems = { 0 } },
    ._gpio_direction_config={ .elems={ 255, 255 } },
    ._required_outputs={ .elems = { 0 } },
    ._required_inputs={ .elems = { 0 } },
    .anon_pad$11=0 }

State 17 file /Users/user/NVIDIA-OpenSMA/src/nv/emulation/pca9555.cpp line 158 column 18 function i2c_write thread 0
----------------------------------------------------
Violated property:
  file /Users/user/NVIDIA-OpenSMA/src/nv/emulation/pca9555.cpp line 158 column 18 function i2c_write
  (signed int)i < (signed int)data_length::1 && (signed int)CommandRegister != 0 && (signed int)CommandRegister != 1 && (signed int)CommandRegister == 2
  (signed int)i >= (signed int)data_length::1 || (signed int)CommandRegister == 0 || (signed int)CommandRegister == 1 || (signed int)CommandRegister != 2

Slicing time: 0.002s (removed 146 assignments)
No solver specified; defaulting to bitwuzla
Solving claim '(signed int)data_length::1 <= 3 && (signed int)i < (signed int)data_length::1 && (signed int)CommandRegister == 0 && (signed int)CommandRegister != 1 at file /Users/user/NVIDIA-OpenSMA/src/nv/emulation/pca9555.cpp line 151 column 18 function i2c_write' with solver Bitwuzla 0.8.2
Encoding remaining VCC(s) using bit-vector/floating-point arithmetic
Encoding to solver time: 0.017s
Solving with solver Bitwuzla 0.8.2
Runtime decision procedure: 0.003s
✓ PASSED: '(signed int)data_length::1 <= 3 && (signed int)i < (signed int)data_length::1 && (signed int)CommandRegister == 0 && (signed int)CommandRegister != 1 at file /Users/user/NVIDIA-OpenSMA/src/nv/emulation/pca9555.cpp line 151 column 18 function i2c_write'
Slicing time: 0.002s (removed 146 assignments)
No solver specified; defaulting to bitwuzla
Solving claim '(signed int)data_length::1 <= 3 && (signed int)i < (signed int)data_length::1 && (signed int)CommandRegister == 0 && (signed int)CommandRegister == 1 at file /Users/user/NVIDIA-OpenSMA/src/nv/emulation/pca9555.cpp line 151 column 18 function i2c_write' with solver Bitwuzla 0.8.2
Encoding remaining VCC(s) using bit-vector/floating-point arithmetic
Encoding to solver time: 0.019s
Solving with solver Bitwuzla 0.8.2
Runtime decision procedure: 0.003s
✓ PASSED: '(signed int)data_length::1 <= 3 && (signed int)i < (signed int)data_length::1 && (signed int)CommandRegister == 0 && (signed int)CommandRegister == 1 at file /Users/user/NVIDIA-OpenSMA/src/nv/emulation/pca9555.cpp line 151 column 18 function i2c_write'
Slicing time: 0.001s (removed 146 assignments)
No solver specified; defaulting to bitwuzla
Solving claim '(signed int)data_length::1 <= 3 && (signed int)i < (signed int)data_length::1 && (signed int)CommandRegister != 0 && (signed int)CommandRegister != 1 at file /Users/user/NVIDIA-OpenSMA/src/nv/emulation/pca9555.cpp line 151 column 18 function i2c_write' with solver Bitwuzla 0.8.2
Encoding remaining VCC(s) using bit-vector/floating-point arithmetic
Encoding to solver time: 0.017s
Solving with solver Bitwuzla 0.8.2
Runtime decision procedure: 0.004s
✗ FAILED: '(signed int)data_length::1 <= 3 && (signed int)i < (signed int)data_length::1 && (signed int)CommandRegister != 0 && (signed int)CommandRegister != 1 at file /Users/user/NVIDIA-OpenSMA/src/nv/emulation/pca9555.cpp line 151 column 18 function i2c_write'

[Counterexample]


State 1 file /Users/user/NVIDIA-OpenSMA/verification/harnesses/pca9555_harness.cpp line 43 column 5 function f_totality thread 0
----------------------------------------------------
  init = 0 (00000000 00000000)

State 2 file /Users/user/NVIDIA-OpenSMA/verification/harnesses/pca9555_harness.cpp line 44 column 5 function f_totality thread 0
----------------------------------------------------
  out_m = 0 (00000000 00000000)

State 3 file /Users/user/NVIDIA-OpenSMA/verification/harnesses/pca9555_harness.cpp line 45 column 5 function f_totality thread 0
----------------------------------------------------
  in_m = 0 (00000000 00000000)

State 4 file /Users/user/NVIDIA-OpenSMA/verification/harnesses/pca9555_harness.cpp line 46 column 5 function f_totality thread 0
----------------------------------------------------
  dev = { ._active_register=0, ._active_bank=0, ._new_command=1, .interrupt_low_vector={ .elems={ 255, 255 } },
    .state_at_last_interrupt_check={ .elems = { 0 } },
    ._gpio_pin_state={ .elems = { 0 } },
    ._gpio_output={ .elems={ 255, 255 } },
    ._gpio_inversion_enable={ .elems = { 0 } },
    ._gpio_direction_config={ .elems={ 255, 255 } },
    ._required_outputs={ .elems = { 0 } },
    ._required_inputs={ .elems = { 0 } },
    .anon_pad$11=0 }

State 5 file /Users/user/NVIDIA-OpenSMA/src/nv/emulation/pca9555.cpp line 87 column 13 function i2c_read thread 0
----------------------------------------------------
  *return_value$_at$3 = ( class nv::emulation::Pca9555 { unsigned int _active_register; unsigned int _active_bank; _Bool _new_command;  struct std::array<unsigned char, 2> { unsigned char [2] elems; }interrupt_low_vector;  struct std::array<unsigned char, 2> { unsigned char [2] elems; }state_at_last_interrupt_check;  struct std::array<unsigned char, 2> { unsigned char [2] elems; }_gpio_pin_state;  struct std::array<unsigned char, 2> { unsigned char [2] elems; }_gpio_output;  struct std::array<unsigned char, 2> { unsigned char [2] elems; }_gpio_inversion_enable;  struct std::array<unsigned char, 2> { unsigned char [2] elems; }_gpio_direction_config;  struct std::array<unsigned char, 2> { unsigned char [2] elems; }_required_outputs;  struct std::array<unsigned char, 2> { unsigned char [2] elems; }_required_inputs; unsigned _ExtInt(24) anon_pad$11; })(byte_update_little_endian((unsigned _ExtInt(224))({ ._active_register=0, ._active_bank=0, ._new_command=0, .interrupt_low_vector={ .elems={ 255, 255 } },
    .state_at_last_interrupt_check={ .elems = { 0 } },
    ._gpio_pin_state={ .elems = { 0 } },
    ._gpio_output={ .elems={ 255, 255 } },
    ._gpio_inversion_enable={ .elems = { 0 } },
    ._gpio_direction_config={ .elems={ 255, 255 } },
    ._required_outputs={ .elems = { 0 } },
    ._required_inputs={ .elems = { 0 } },
    .anon_pad$11=0 }), 9, 255))

State 6 file /Users/user/NVIDIA-OpenSMA/src/nv/emulation/pca9555.cpp line 338 column 5 function next_bank thread 0
----------------------------------------------------
  *bank::0 = { ._active_register=0, ._active_bank=1, ._new_command=0, .interrupt_low_vector={ .elems={ 255, 255 } },
    .state_at_last_interrupt_check={ .elems = { 0 } },
    ._gpio_pin_state={ .elems = { 0 } },
    ._gpio_output={ .elems={ 255, 255 } },
    ._gpio_inversion_enable={ .elems = { 0 } },
    ._gpio_direction_config={ .elems={ 255, 255 } },
    ._required_outputs={ .elems = { 0 } },
    ._required_inputs={ .elems = { 0 } },
    .anon_pad$11=0 }

State 7 file /Users/user/NVIDIA-OpenSMA/src/nv/emulation/pca9555.cpp line 87 column 13 function i2c_read thread 0
----------------------------------------------------
  *return_value$_at$3 = ( class nv::emulation::Pca9555 { unsigned int _active_register; unsigned int _active_bank; _Bool _new_command;  struct std::array<unsigned char, 2> { unsigned char [2] elems; }interrupt_low_vector;  struct std::array<unsigned char, 2> { unsigned char [2] elems; }state_at_last_interrupt_check;  struct std::array<unsigned char, 2> { unsigned char [2] elems; }_gpio_pin_state;  struct std::array<unsigned char, 2> { unsigned char [2] elems; }_gpio_output;  struct std::array<unsigned char, 2> { unsigned char [2] elems; }_gpio_inversion_enable;  struct std::array<unsigned char, 2> { unsigned char [2] elems; }_gpio_direction_config;  struct std::array<unsigned char, 2> { unsigned char [2] elems; }_required_outputs;  struct std::array<unsigned char, 2> { unsigned char [2] elems; }_required_inputs; unsigned _ExtInt(24) anon_pad$11; })(byte_update_little_endian((unsigned _ExtInt(224))({ ._active_register=0, ._active_bank=1, ._new_command=0, .interrupt_low_vector={ .elems={ 255, 255 } },
    .state_at_last_interrupt_check={ .elems = { 0 } },
    ._gpio_pin_state={ .elems = { 0 } },
    ._gpio_output={ .elems={ 255, 255 } },
    ._gpio_inversion_enable={ .elems = { 0 } },
    ._gpio_direction_config={ .elems={ 255, 255 } },
    ._required_outputs={ .elems = { 0 } },
    ._required_inputs={ .elems = { 0 } },
    .anon_pad$11=0 }), 10, 255))

State 8 file /Users/user/NVIDIA-OpenSMA/src/nv/emulation/pca9555.cpp line 338 column 5 function next_bank thread 0
----------------------------------------------------
  *bank::0 = { ._active_register=0, ._active_bank=0, ._new_command=0, .interrupt_low_vector={ .elems={ 255, 255 } },
    .state_at_last_interrupt_check={ .elems = { 0 } },
    ._gpio_pin_state={ .elems = { 0 } },
    ._gpio_output={ .elems={ 255, 255 } },
    ._gpio_inversion_enable={ .elems = { 0 } },
    ._gpio_direction_config={ .elems={ 255, 255 } },
    ._required_outputs={ .elems = { 0 } },
    ._required_inputs={ .elems = { 0 } },
    .anon_pad$11=0 }

State 9 file /Users/user/NVIDIA-OpenSMA/verification/harnesses/pca9555_harness.cpp line 55 column 14 function f_totality thread 0
----------------------------------------------------
  *return_value$_operator[]$5 = { .elems={ nondet_symbol(symex::nondet27), 0, 0, 0, 0, 0, 0, 0, 0, 0, 0, 0, 0, 0, 0, 0, 0, 0, 0, 0, 0, 0, 0, 0, 0, 0, 0, 0, 0, 0, 0, 0, 0, 0, 0 } }

State 10 file /Users/user/NVIDIA-OpenSMA/verification/harnesses/pca9555_harness.cpp line 56 column 14 function f_totality thread 0
----------------------------------------------------
  *return_value$_operator[]$6 = { .elems = 0 }

State 13 file /Users/user/NVIDIA-OpenSMA/src/nv/emulation/pca9555.cpp line 129 column 9 function i2c_write thread 0
----------------------------------------------------
  this->_active_register = { ._active_register=127, ._active_bank=0, ._new_command=1,
    .interrupt_low_vector={ .elems={ 255, 255 } }, .state_at_last_interrupt_check={ .elems = { 0 } },
    ._gpio_pin_state={ .elems = { 0 } },
    ._gpio_output={ .elems={ 255, 255 } },
    ._gpio_inversion_enable={ .elems = { 0 } },
    ._gpio_direction_config={ .elems={ 255, 255 } },
    ._required_outputs={ .elems = { 0 } },
    ._required_inputs={ .elems = { 0 } },
    .anon_pad$11=0 }

State 14 file /Users/user/NVIDIA-OpenSMA/src/nv/emulation/pca9555.cpp line 130 column 9 function i2c_write thread 0
----------------------------------------------------
  this->_active_bank = { ._active_register=127, ._active_bank=0, ._new_command=1,
    .interrupt_low_vector={ .elems={ 255, 255 } }, .state_at_last_interrupt_check={ .elems = { 0 } },
    ._gpio_pin_state={ .elems = { 0 } },
    ._gpio_output={ .elems={ 255, 255 } },
    ._gpio_inversion_enable={ .elems = { 0 } },
    ._gpio_direction_config={ .elems={ 255, 255 } },
    ._required_outputs={ .elems = { 0 } },
    ._required_inputs={ .elems = { 0 } },
    .anon_pad$11=0 }

State 17 file /Users/user/NVIDIA-OpenSMA/src/nv/emulation/pca9555.cpp line 151 column 18 function i2c_write thread 0
----------------------------------------------------
Violated property:
  file /Users/user/NVIDIA-OpenSMA/src/nv/emulation/pca9555.cpp line 151 column 18 function i2c_write
  (signed int)data_length::1 <= 3 && (signed int)i < (signed int)data_length::1 && (signed int)CommandRegister != 0 && (signed int)CommandRegister != 1

Slicing time: 0.003s (removed 146 assignments)
No solver specified; defaulting to bitwuzla
Solving claim '(signed int)data_length::1 <= 3 && (signed int)i < (signed int)data_length::1 && (signed int)CommandRegister != 0 && (signed int)CommandRegister == 1 at file /Users/user/NVIDIA-OpenSMA/src/nv/emulation/pca9555.cpp line 151 column 18 function i2c_write' with solver Bitwuzla 0.8.2
Encoding remaining VCC(s) using bit-vector/floating-point arithmetic
Encoding to solver time: 0.018s
Solving with solver Bitwuzla 0.8.2
Runtime decision procedure: 0.003s
✗ FAILED: '(signed int)data_length::1 <= 3 && (signed int)i < (signed int)data_length::1 && (signed int)CommandRegister != 0 && (signed int)CommandRegister == 1 at file /Users/user/NVIDIA-OpenSMA/src/nv/emulation/pca9555.cpp line 151 column 18 function i2c_write'

[Counterexample]


State 1 file /Users/user/NVIDIA-OpenSMA/verification/harnesses/pca9555_harness.cpp line 43 column 5 function f_totality thread 0
----------------------------------------------------
  init = 0 (00000000 00000000)

State 2 file /Users/user/NVIDIA-OpenSMA/verification/harnesses/pca9555_harness.cpp line 44 column 5 function f_totality thread 0
----------------------------------------------------
  out_m = 0 (00000000 00000000)

State 3 file /Users/user/NVIDIA-OpenSMA/verification/harnesses/pca9555_harness.cpp line 45 column 5 function f_totality thread 0
----------------------------------------------------
  in_m = 0 (00000000 00000000)

State 4 file /Users/user/NVIDIA-OpenSMA/verification/harnesses/pca9555_harness.cpp line 46 column 5 function f_totality thread 0
----------------------------------------------------
  dev = { ._active_register=0, ._active_bank=0, ._new_command=1, .interrupt_low_vector={ .elems={ 255, 255 } },
    .state_at_last_interrupt_check={ .elems = { 0 } },
    ._gpio_pin_state={ .elems = { 0 } },
    ._gpio_output={ .elems={ 255, 255 } },
    ._gpio_inversion_enable={ .elems = { 0 } },
    ._gpio_direction_config={ .elems={ 255, 255 } },
    ._required_outputs={ .elems = { 0 } },
    ._required_inputs={ .elems = { 0 } },
    .anon_pad$11=0 }

State 5 file /Users/user/NVIDIA-OpenSMA/src/nv/emulation/pca9555.cpp line 87 column 13 function i2c_read thread 0
----------------------------------------------------
  *return_value$_at$3 = ( class nv::emulation::Pca9555 { unsigned int _active_register; unsigned int _active_bank; _Bool _new_command;  struct std::array<unsigned char, 2> { unsigned char [2] elems; }interrupt_low_vector;  struct std::array<unsigned char, 2> { unsigned char [2] elems; }state_at_last_interrupt_check;  struct std::array<unsigned char, 2> { unsigned char [2] elems; }_gpio_pin_state;  struct std::array<unsigned char, 2> { unsigned char [2] elems; }_gpio_output;  struct std::array<unsigned char, 2> { unsigned char [2] elems; }_gpio_inversion_enable;  struct std::array<unsigned char, 2> { unsigned char [2] elems; }_gpio_direction_config;  struct std::array<unsigned char, 2> { unsigned char [2] elems; }_required_outputs;  struct std::array<unsigned char, 2> { unsigned char [2] elems; }_required_inputs; unsigned _ExtInt(24) anon_pad$11; })(byte_update_little_endian((unsigned _ExtInt(224))({ ._active_register=0, ._active_bank=0, ._new_command=0, .interrupt_low_vector={ .elems={ 255, 255 } },
    .state_at_last_interrupt_check={ .elems = { 0 } },
    ._gpio_pin_state={ .elems = { 0 } },
    ._gpio_output={ .elems={ 255, 255 } },
    ._gpio_inversion_enable={ .elems = { 0 } },
    ._gpio_direction_config={ .elems={ 255, 255 } },
    ._required_outputs={ .elems = { 0 } },
    ._required_inputs={ .elems = { 0 } },
    .anon_pad$11=0 }), 9, 255))

State 6 file /Users/user/NVIDIA-OpenSMA/src/nv/emulation/pca9555.cpp line 338 column 5 function next_bank thread 0
----------------------------------------------------
  *bank::0 = { ._active_register=0, ._active_bank=1, ._new_command=0, .interrupt_low_vector={ .elems={ 255, 255 } },
    .state_at_last_interrupt_check={ .elems = { 0 } },
    ._gpio_pin_state={ .elems = { 0 } },
    ._gpio_output={ .elems={ 255, 255 } },
    ._gpio_inversion_enable={ .elems = { 0 } },
    ._gpio_direction_config={ .elems={ 255, 255 } },
    ._required_outputs={ .elems = { 0 } },
    ._required_inputs={ .elems = { 0 } },
    .anon_pad$11=0 }

State 7 file /Users/user/NVIDIA-OpenSMA/src/nv/emulation/pca9555.cpp line 87 column 13 function i2c_read thread 0
----------------------------------------------------
  *return_value$_at$3 = ( class nv::emulation::Pca9555 { unsigned int _active_register; unsigned int _active_bank; _Bool _new_command;  struct std::array<unsigned char, 2> { unsigned char [2] elems; }interrupt_low_vector;  struct std::array<unsigned char, 2> { unsigned char [2] elems; }state_at_last_interrupt_check;  struct std::array<unsigned char, 2> { unsigned char [2] elems; }_gpio_pin_state;  struct std::array<unsigned char, 2> { unsigned char [2] elems; }_gpio_output;  struct std::array<unsigned char, 2> { unsigned char [2] elems; }_gpio_inversion_enable;  struct std::array<unsigned char, 2> { unsigned char [2] elems; }_gpio_direction_config;  struct std::array<unsigned char, 2> { unsigned char [2] elems; }_required_outputs;  struct std::array<unsigned char, 2> { unsigned char [2] elems; }_required_inputs; unsigned _ExtInt(24) anon_pad$11; })(byte_update_little_endian((unsigned _ExtInt(224))({ ._active_register=0, ._active_bank=1, ._new_command=0, .interrupt_low_vector={ .elems={ 255, 255 } },
    .state_at_last_interrupt_check={ .elems = { 0 } },
    ._gpio_pin_state={ .elems = { 0 } },
    ._gpio_output={ .elems={ 255, 255 } },
    ._gpio_inversion_enable={ .elems = { 0 } },
    ._gpio_direction_config={ .elems={ 255, 255 } },
    ._required_outputs={ .elems = { 0 } },
    ._required_inputs={ .elems = { 0 } },
    .anon_pad$11=0 }), 10, 255))

State 8 file /Users/user/NVIDIA-OpenSMA/src/nv/emulation/pca9555.cpp line 338 column 5 function next_bank thread 0
----------------------------------------------------
  *bank::0 = { ._active_register=0, ._active_bank=0, ._new_command=0, .interrupt_low_vector={ .elems={ 255, 255 } },
    .state_at_last_interrupt_check={ .elems = { 0 } },
    ._gpio_pin_state={ .elems = { 0 } },
    ._gpio_output={ .elems={ 255, 255 } },
    ._gpio_inversion_enable={ .elems = { 0 } },
    ._gpio_direction_config={ .elems={ 255, 255 } },
    ._required_outputs={ .elems = { 0 } },
    ._required_inputs={ .elems = { 0 } },
    .anon_pad$11=0 }

State 9 file /Users/user/NVIDIA-OpenSMA/verification/harnesses/pca9555_harness.cpp line 55 column 14 function f_totality thread 0
----------------------------------------------------
  *return_value$_operator[]$5 = { .elems={ nondet_symbol(symex::nondet27), 0, 0, 0, 0, 0, 0, 0, 0, 0, 0, 0, 0, 0, 0, 0, 0, 0, 0, 0, 0, 0, 0, 0, 0, 0, 0, 0, 0, 0, 0, 0, 0, 0, 0 } }

State 10 file /Users/user/NVIDIA-OpenSMA/verification/harnesses/pca9555_harness.cpp line 56 column 14 function f_totality thread 0
----------------------------------------------------
  *return_value$_operator[]$6 = { .elems = 0 }

State 13 file /Users/user/NVIDIA-OpenSMA/src/nv/emulation/pca9555.cpp line 129 column 9 function i2c_write thread 0
----------------------------------------------------
  this->_active_register = { ._active_register=1, ._active_bank=0, ._new_command=1, .interrupt_low_vector={ .elems={ 255, 255 } },
    .state_at_last_interrupt_check={ .elems = { 0 } },
    ._gpio_pin_state={ .elems = { 0 } },
    ._gpio_output={ .elems={ 255, 255 } },
    ._gpio_inversion_enable={ .elems = { 0 } },
    ._gpio_direction_config={ .elems={ 255, 255 } },
    ._required_outputs={ .elems = { 0 } },
    ._required_inputs={ .elems = { 0 } },
    .anon_pad$11=0 }

State 14 file /Users/user/NVIDIA-OpenSMA/src/nv/emulation/pca9555.cpp line 130 column 9 function i2c_write thread 0
----------------------------------------------------
  this->_active_bank = { ._active_register=1, ._active_bank=0, ._new_command=1, .interrupt_low_vector={ .elems={ 255, 255 } },
    .state_at_last_interrupt_check={ .elems = { 0 } },
    ._gpio_pin_state={ .elems = { 0 } },
    ._gpio_output={ .elems={ 255, 255 } },
    ._gpio_inversion_enable={ .elems = { 0 } },
    ._gpio_direction_config={ .elems={ 255, 255 } },
    ._required_outputs={ .elems = { 0 } },
    ._required_inputs={ .elems = { 0 } },
    .anon_pad$11=0 }

State 17 file /Users/user/NVIDIA-OpenSMA/src/nv/emulation/pca9555.cpp line 151 column 18 function i2c_write thread 0
----------------------------------------------------
Violated property:
  file /Users/user/NVIDIA-OpenSMA/src/nv/emulation/pca9555.cpp line 151 column 18 function i2c_write
  (signed int)data_length::1 <= 3 && (signed int)i < (signed int)data_length::1 && (signed int)CommandRegister != 0 && (signed int)CommandRegister == 1

Slicing time: 0.002s (removed 146 assignments)
No solver specified; defaulting to bitwuzla
Solving claim '(signed int)data_length::1 != 1 && (signed int)data_length::1 <= 3 && (signed int)i < (signed int)data_length::1 && (signed int)CommandRegister != 0 at file /Users/user/NVIDIA-OpenSMA/src/nv/emulation/pca9555.cpp line 147 column 18 function i2c_write' with solver Bitwuzla 0.8.2
Encoding remaining VCC(s) using bit-vector/floating-point arithmetic
Encoding to solver time: 0.018s
Solving with solver Bitwuzla 0.8.2
Runtime decision procedure: 0.003s
✗ FAILED: '(signed int)data_length::1 != 1 && (signed int)data_length::1 <= 3 && (signed int)i < (signed int)data_length::1 && (signed int)CommandRegister != 0 at file /Users/user/NVIDIA-OpenSMA/src/nv/emulation/pca9555.cpp line 147 column 18 function i2c_write'

[Counterexample]


State 1 file /Users/user/NVIDIA-OpenSMA/verification/harnesses/pca9555_harness.cpp line 43 column 5 function f_totality thread 0
----------------------------------------------------
  init = 0 (00000000 00000000)

State 2 file /Users/user/NVIDIA-OpenSMA/verification/harnesses/pca9555_harness.cpp line 44 column 5 function f_totality thread 0
----------------------------------------------------
  out_m = 0 (00000000 00000000)

State 3 file /Users/user/NVIDIA-OpenSMA/verification/harnesses/pca9555_harness.cpp line 45 column 5 function f_totality thread 0
----------------------------------------------------
  in_m = 0 (00000000 00000000)

State 4 file /Users/user/NVIDIA-OpenSMA/verification/harnesses/pca9555_harness.cpp line 46 column 5 function f_totality thread 0
----------------------------------------------------
  dev = { ._active_register=0, ._active_bank=0, ._new_command=1, .interrupt_low_vector={ .elems={ 255, 255 } },
    .state_at_last_interrupt_check={ .elems = { 0 } },
    ._gpio_pin_state={ .elems = { 0 } },
    ._gpio_output={ .elems={ 255, 255 } },
    ._gpio_inversion_enable={ .elems = { 0 } },
    ._gpio_direction_config={ .elems={ 255, 255 } },
    ._required_outputs={ .elems = { 0 } },
    ._required_inputs={ .elems = { 0 } },
    .anon_pad$11=0 }

State 5 file /Users/user/NVIDIA-OpenSMA/src/nv/emulation/pca9555.cpp line 87 column 13 function i2c_read thread 0
----------------------------------------------------
  *return_value$_at$3 = ( class nv::emulation::Pca9555 { unsigned int _active_register; unsigned int _active_bank; _Bool _new_command;  struct std::array<unsigned char, 2> { unsigned char [2] elems; }interrupt_low_vector;  struct std::array<unsigned char, 2> { unsigned char [2] elems; }state_at_last_interrupt_check;  struct std::array<unsigned char, 2> { unsigned char [2] elems; }_gpio_pin_state;  struct std::array<unsigned char, 2> { unsigned char [2] elems; }_gpio_output;  struct std::array<unsigned char, 2> { unsigned char [2] elems; }_gpio_inversion_enable;  struct std::array<unsigned char, 2> { unsigned char [2] elems; }_gpio_direction_config;  struct std::array<unsigned char, 2> { unsigned char [2] elems; }_required_outputs;  struct std::array<unsigned char, 2> { unsigned char [2] elems; }_required_inputs; unsigned _ExtInt(24) anon_pad$11; })(byte_update_little_endian((unsigned _ExtInt(224))({ ._active_register=0, ._active_bank=0, ._new_command=0, .interrupt_low_vector={ .elems={ 255, 255 } },
    .state_at_last_interrupt_check={ .elems = { 0 } },
    ._gpio_pin_state={ .elems = { 0 } },
    ._gpio_output={ .elems={ 255, 255 } },
    ._gpio_inversion_enable={ .elems = { 0 } },
    ._gpio_direction_config={ .elems={ 255, 255 } },
    ._required_outputs={ .elems = { 0 } },
    ._required_inputs={ .elems = { 0 } },
    .anon_pad$11=0 }), 9, 255))

State 6 file /Users/user/NVIDIA-OpenSMA/src/nv/emulation/pca9555.cpp line 338 column 5 function next_bank thread 0
----------------------------------------------------
  *bank::0 = { ._active_register=0, ._active_bank=1, ._new_command=0, .interrupt_low_vector={ .elems={ 255, 255 } },
    .state_at_last_interrupt_check={ .elems = { 0 } },
    ._gpio_pin_state={ .elems = { 0 } },
    ._gpio_output={ .elems={ 255, 255 } },
    ._gpio_inversion_enable={ .elems = { 0 } },
    ._gpio_direction_config={ .elems={ 255, 255 } },
    ._required_outputs={ .elems = { 0 } },
    ._required_inputs={ .elems = { 0 } },
    .anon_pad$11=0 }

State 7 file /Users/user/NVIDIA-OpenSMA/src/nv/emulation/pca9555.cpp line 87 column 13 function i2c_read thread 0
----------------------------------------------------
  *return_value$_at$3 = ( class nv::emulation::Pca9555 { unsigned int _active_register; unsigned int _active_bank; _Bool _new_command;  struct std::array<unsigned char, 2> { unsigned char [2] elems; }interrupt_low_vector;  struct std::array<unsigned char, 2> { unsigned char [2] elems; }state_at_last_interrupt_check;  struct std::array<unsigned char, 2> { unsigned char [2] elems; }_gpio_pin_state;  struct std::array<unsigned char, 2> { unsigned char [2] elems; }_gpio_output;  struct std::array<unsigned char, 2> { unsigned char [2] elems; }_gpio_inversion_enable;  struct std::array<unsigned char, 2> { unsigned char [2] elems; }_gpio_direction_config;  struct std::array<unsigned char, 2> { unsigned char [2] elems; }_required_outputs;  struct std::array<unsigned char, 2> { unsigned char [2] elems; }_required_inputs; unsigned _ExtInt(24) anon_pad$11; })(byte_update_little_endian((unsigned _ExtInt(224))({ ._active_register=0, ._active_bank=1, ._new_command=0, .interrupt_low_vector={ .elems={ 255, 255 } },
    .state_at_last_interrupt_check={ .elems = { 0 } },
    ._gpio_pin_state={ .elems = { 0 } },
    ._gpio_output={ .elems={ 255, 255 } },
    ._gpio_inversion_enable={ .elems = { 0 } },
    ._gpio_direction_config={ .elems={ 255, 255 } },
    ._required_outputs={ .elems = { 0 } },
    ._required_inputs={ .elems = { 0 } },
    .anon_pad$11=0 }), 10, 255))

State 8 file /Users/user/NVIDIA-OpenSMA/src/nv/emulation/pca9555.cpp line 338 column 5 function next_bank thread 0
----------------------------------------------------
  *bank::0 = { ._active_register=0, ._active_bank=0, ._new_command=0, .interrupt_low_vector={ .elems={ 255, 255 } },
    .state_at_last_interrupt_check={ .elems = { 0 } },
    ._gpio_pin_state={ .elems = { 0 } },
    ._gpio_output={ .elems={ 255, 255 } },
    ._gpio_inversion_enable={ .elems = { 0 } },
    ._gpio_direction_config={ .elems={ 255, 255 } },
    ._required_outputs={ .elems = { 0 } },
    ._required_inputs={ .elems = { 0 } },
    .anon_pad$11=0 }

State 9 file /Users/user/NVIDIA-OpenSMA/verification/harnesses/pca9555_harness.cpp line 55 column 14 function f_totality thread 0
----------------------------------------------------
  *return_value$_operator[]$5 = { .elems={ nondet_symbol(symex::nondet27), 0, 0, 0, 0, 0, 0, 0, 0, 0, 0, 0, 0, 0, 0, 0, 0, 0, 0, 0, 0, 0, 0, 0, 0, 0, 0, 0, 0, 0, 0, 0, 0, 0, 0 } }

State 10 file /Users/user/NVIDIA-OpenSMA/verification/harnesses/pca9555_harness.cpp line 56 column 14 function f_totality thread 0
----------------------------------------------------
  *return_value$_operator[]$6 = { .elems = 0 }

State 13 file /Users/user/NVIDIA-OpenSMA/src/nv/emulation/pca9555.cpp line 129 column 9 function i2c_write thread 0
----------------------------------------------------
  this->_active_register = { ._active_register=127, ._active_bank=0, ._new_command=1,
    .interrupt_low_vector={ .elems={ 255, 255 } }, .state_at_last_interrupt_check={ .elems = { 0 } },
    ._gpio_pin_state={ .elems = { 0 } },
    ._gpio_output={ .elems={ 255, 255 } },
    ._gpio_inversion_enable={ .elems = { 0 } },
    ._gpio_direction_config={ .elems={ 255, 255 } },
    ._required_outputs={ .elems = { 0 } },
    ._required_inputs={ .elems = { 0 } },
    .anon_pad$11=0 }

State 14 file /Users/user/NVIDIA-OpenSMA/src/nv/emulation/pca9555.cpp line 130 column 9 function i2c_write thread 0
----------------------------------------------------
  this->_active_bank = { ._active_register=127, ._active_bank=0, ._new_command=1,
    .interrupt_low_vector={ .elems={ 255, 255 } }, .state_at_last_interrupt_check={ .elems = { 0 } },
    ._gpio_pin_state={ .elems = { 0 } },
    ._gpio_output={ .elems={ 255, 255 } },
    ._gpio_inversion_enable={ .elems = { 0 } },
    ._gpio_direction_config={ .elems={ 255, 255 } },
    ._required_outputs={ .elems = { 0 } },
    ._required_inputs={ .elems = { 0 } },
    .anon_pad$11=0 }

State 17 file /Users/user/NVIDIA-OpenSMA/src/nv/emulation/pca9555.cpp line 147 column 18 function i2c_write thread 0
----------------------------------------------------
Violated property:
  file /Users/user/NVIDIA-OpenSMA/src/nv/emulation/pca9555.cpp line 147 column 18 function i2c_write
  (signed int)data_length::1 != 1 && (signed int)data_length::1 <= 3 && (signed int)i < (signed int)data_length::1 && (signed int)CommandRegister != 0

Slicing time: 0.003s (removed 146 assignments)
No solver specified; defaulting to bitwuzla
Solving claim '(signed int)data_length::1 != 1 && (signed int)data_length::1 <= 3 && (signed int)i < (signed int)data_length::1 && (signed int)CommandRegister == 0 at file /Users/user/NVIDIA-OpenSMA/src/nv/emulation/pca9555.cpp line 147 column 18 function i2c_write' with solver Bitwuzla 0.8.2
Encoding remaining VCC(s) using bit-vector/floating-point arithmetic
Encoding to solver time: 0.018s
Solving with solver Bitwuzla 0.8.2
Runtime decision procedure: 0.003s
✗ FAILED: '(signed int)data_length::1 != 1 && (signed int)data_length::1 <= 3 && (signed int)i < (signed int)data_length::1 && (signed int)CommandRegister == 0 at file /Users/user/NVIDIA-OpenSMA/src/nv/emulation/pca9555.cpp line 147 column 18 function i2c_write'

[Counterexample]


State 1 file /Users/user/NVIDIA-OpenSMA/verification/harnesses/pca9555_harness.cpp line 43 column 5 function f_totality thread 0
----------------------------------------------------
  init = 0 (00000000 00000000)

State 2 file /Users/user/NVIDIA-OpenSMA/verification/harnesses/pca9555_harness.cpp line 44 column 5 function f_totality thread 0
----------------------------------------------------
  out_m = 0 (00000000 00000000)

State 3 file /Users/user/NVIDIA-OpenSMA/verification/harnesses/pca9555_harness.cpp line 45 column 5 function f_totality thread 0
----------------------------------------------------
  in_m = 0 (00000000 00000000)

State 4 file /Users/user/NVIDIA-OpenSMA/verification/harnesses/pca9555_harness.cpp line 46 column 5 function f_totality thread 0
----------------------------------------------------
  dev = { ._active_register=0, ._active_bank=0, ._new_command=1, .interrupt_low_vector={ .elems={ 255, 255 } },
    .state_at_last_interrupt_check={ .elems = { 0 } },
    ._gpio_pin_state={ .elems = { 0 } },
    ._gpio_output={ .elems={ 255, 255 } },
    ._gpio_inversion_enable={ .elems = { 0 } },
    ._gpio_direction_config={ .elems={ 255, 255 } },
    ._required_outputs={ .elems = { 0 } },
    ._required_inputs={ .elems = { 0 } },
    .anon_pad$11=0 }

State 5 file /Users/user/NVIDIA-OpenSMA/src/nv/emulation/pca9555.cpp line 87 column 13 function i2c_read thread 0
----------------------------------------------------
  *return_value$_at$3 = ( class nv::emulation::Pca9555 { unsigned int _active_register; unsigned int _active_bank; _Bool _new_command;  struct std::array<unsigned char, 2> { unsigned char [2] elems; }interrupt_low_vector;  struct std::array<unsigned char, 2> { unsigned char [2] elems; }state_at_last_interrupt_check;  struct std::array<unsigned char, 2> { unsigned char [2] elems; }_gpio_pin_state;  struct std::array<unsigned char, 2> { unsigned char [2] elems; }_gpio_output;  struct std::array<unsigned char, 2> { unsigned char [2] elems; }_gpio_inversion_enable;  struct std::array<unsigned char, 2> { unsigned char [2] elems; }_gpio_direction_config;  struct std::array<unsigned char, 2> { unsigned char [2] elems; }_required_outputs;  struct std::array<unsigned char, 2> { unsigned char [2] elems; }_required_inputs; unsigned _ExtInt(24) anon_pad$11; })(byte_update_little_endian((unsigned _ExtInt(224))({ ._active_register=0, ._active_bank=0, ._new_command=0, .interrupt_low_vector={ .elems={ 255, 255 } },
    .state_at_last_interrupt_check={ .elems = { 0 } },
    ._gpio_pin_state={ .elems = { 0 } },
    ._gpio_output={ .elems={ 255, 255 } },
    ._gpio_inversion_enable={ .elems = { 0 } },
    ._gpio_direction_config={ .elems={ 255, 255 } },
    ._required_outputs={ .elems = { 0 } },
    ._required_inputs={ .elems = { 0 } },
    .anon_pad$11=0 }), 9, 255))

State 6 file /Users/user/NVIDIA-OpenSMA/src/nv/emulation/pca9555.cpp line 338 column 5 function next_bank thread 0
----------------------------------------------------
  *bank::0 = { ._active_register=0, ._active_bank=1, ._new_command=0, .interrupt_low_vector={ .elems={ 255, 255 } },
    .state_at_last_interrupt_check={ .elems = { 0 } },
    ._gpio_pin_state={ .elems = { 0 } },
    ._gpio_output={ .elems={ 255, 255 } },
    ._gpio_inversion_enable={ .elems = { 0 } },
    ._gpio_direction_config={ .elems={ 255, 255 } },
    ._required_outputs={ .elems = { 0 } },
    ._required_inputs={ .elems = { 0 } },
    .anon_pad$11=0 }

State 7 file /Users/user/NVIDIA-OpenSMA/src/nv/emulation/pca9555.cpp line 87 column 13 function i2c_read thread 0
----------------------------------------------------
  *return_value$_at$3 = ( class nv::emulation::Pca9555 { unsigned int _active_register; unsigned int _active_bank; _Bool _new_command;  struct std::array<unsigned char, 2> { unsigned char [2] elems; }interrupt_low_vector;  struct std::array<unsigned char, 2> { unsigned char [2] elems; }state_at_last_interrupt_check;  struct std::array<unsigned char, 2> { unsigned char [2] elems; }_gpio_pin_state;  struct std::array<unsigned char, 2> { unsigned char [2] elems; }_gpio_output;  struct std::array<unsigned char, 2> { unsigned char [2] elems; }_gpio_inversion_enable;  struct std::array<unsigned char, 2> { unsigned char [2] elems; }_gpio_direction_config;  struct std::array<unsigned char, 2> { unsigned char [2] elems; }_required_outputs;  struct std::array<unsigned char, 2> { unsigned char [2] elems; }_required_inputs; unsigned _ExtInt(24) anon_pad$11; })(byte_update_little_endian((unsigned _ExtInt(224))({ ._active_register=0, ._active_bank=1, ._new_command=0, .interrupt_low_vector={ .elems={ 255, 255 } },
    .state_at_last_interrupt_check={ .elems = { 0 } },
    ._gpio_pin_state={ .elems = { 0 } },
    ._gpio_output={ .elems={ 255, 255 } },
    ._gpio_inversion_enable={ .elems = { 0 } },
    ._gpio_direction_config={ .elems={ 255, 255 } },
    ._required_outputs={ .elems = { 0 } },
    ._required_inputs={ .elems = { 0 } },
    .anon_pad$11=0 }), 10, 255))

State 8 file /Users/user/NVIDIA-OpenSMA/src/nv/emulation/pca9555.cpp line 338 column 5 function next_bank thread 0
----------------------------------------------------
  *bank::0 = { ._active_register=0, ._active_bank=0, ._new_command=0, .interrupt_low_vector={ .elems={ 255, 255 } },
    .state_at_last_interrupt_check={ .elems = { 0 } },
    ._gpio_pin_state={ .elems = { 0 } },
    ._gpio_output={ .elems={ 255, 255 } },
    ._gpio_inversion_enable={ .elems = { 0 } },
    ._gpio_direction_config={ .elems={ 255, 255 } },
    ._required_outputs={ .elems = { 0 } },
    ._required_inputs={ .elems = { 0 } },
    .anon_pad$11=0 }

State 9 file /Users/user/NVIDIA-OpenSMA/verification/harnesses/pca9555_harness.cpp line 55 column 14 function f_totality thread 0
----------------------------------------------------
  *return_value$_operator[]$5 = { .elems={ nondet_symbol(symex::nondet27), 0, 0, 0, 0, 0, 0, 0, 0, 0, 0, 0, 0, 0, 0, 0, 0, 0, 0, 0, 0, 0, 0, 0, 0, 0, 0, 0, 0, 0, 0, 0, 0, 0, 0 } }

State 10 file /Users/user/NVIDIA-OpenSMA/verification/harnesses/pca9555_harness.cpp line 56 column 14 function f_totality thread 0
----------------------------------------------------
  *return_value$_operator[]$6 = { .elems = 0 }

State 13 file /Users/user/NVIDIA-OpenSMA/src/nv/emulation/pca9555.cpp line 129 column 9 function i2c_write thread 0
----------------------------------------------------
  this->_active_register = { ._active_register=0, ._active_bank=0, ._new_command=1, .interrupt_low_vector={ .elems={ 255, 255 } },
    .state_at_last_interrupt_check={ .elems = { 0 } },
    ._gpio_pin_state={ .elems = { 0 } },
    ._gpio_output={ .elems={ 255, 255 } },
    ._gpio_inversion_enable={ .elems = { 0 } },
    ._gpio_direction_config={ .elems={ 255, 255 } },
    ._required_outputs={ .elems = { 0 } },
    ._required_inputs={ .elems = { 0 } },
    .anon_pad$11=0 }

State 14 file /Users/user/NVIDIA-OpenSMA/src/nv/emulation/pca9555.cpp line 130 column 9 function i2c_write thread 0
----------------------------------------------------
  this->_active_bank = { ._active_register=0, ._active_bank=0, ._new_command=1, .interrupt_low_vector={ .elems={ 255, 255 } },
    .state_at_last_interrupt_check={ .elems = { 0 } },
    ._gpio_pin_state={ .elems = { 0 } },
    ._gpio_output={ .elems={ 255, 255 } },
    ._gpio_inversion_enable={ .elems = { 0 } },
    ._gpio_direction_config={ .elems={ 255, 255 } },
    ._required_outputs={ .elems = { 0 } },
    ._required_inputs={ .elems = { 0 } },
    .anon_pad$11=0 }

State 17 file /Users/user/NVIDIA-OpenSMA/src/nv/emulation/pca9555.cpp line 147 column 18 function i2c_write thread 0
----------------------------------------------------
Violated property:
  file /Users/user/NVIDIA-OpenSMA/src/nv/emulation/pca9555.cpp line 147 column 18 function i2c_write
  (signed int)data_length::1 != 1 && (signed int)data_length::1 <= 3 && (signed int)i < (signed int)data_length::1 && (signed int)CommandRegister == 0
  (signed int)data_length::1 == 1 || (signed int)data_length::1 > 3 || (signed int)i >= (signed int)data_length::1 || (signed int)CommandRegister != 0

Slicing time: 0.002s (removed 146 assignments)
No solver specified; defaulting to bitwuzla
Solving claim '(signed int)data_length::1 != 1 && (signed int)data_length::1 <= 3 && (signed int)i < (signed int)data_length::1 at file /Users/user/NVIDIA-OpenSMA/src/nv/emulation/pca9555.cpp line 142 column 5 function i2c_write' with solver Bitwuzla 0.8.2
Encoding remaining VCC(s) using bit-vector/floating-point arithmetic
Encoding to solver time: 0.018s
Solving with solver Bitwuzla 0.8.2
Runtime decision procedure: 0.004s
✗ FAILED: '(signed int)data_length::1 != 1 && (signed int)data_length::1 <= 3 && (signed int)i < (signed int)data_length::1 at file /Users/user/NVIDIA-OpenSMA/src/nv/emulation/pca9555.cpp line 142 column 5 function i2c_write'

[Counterexample]


State 1 file /Users/user/NVIDIA-OpenSMA/verification/harnesses/pca9555_harness.cpp line 43 column 5 function f_totality thread 0
----------------------------------------------------
  init = 0 (00000000 00000000)

State 2 file /Users/user/NVIDIA-OpenSMA/verification/harnesses/pca9555_harness.cpp line 44 column 5 function f_totality thread 0
----------------------------------------------------
  out_m = 0 (00000000 00000000)

State 3 file /Users/user/NVIDIA-OpenSMA/verification/harnesses/pca9555_harness.cpp line 45 column 5 function f_totality thread 0
----------------------------------------------------
  in_m = 0 (00000000 00000000)

State 4 file /Users/user/NVIDIA-OpenSMA/verification/harnesses/pca9555_harness.cpp line 46 column 5 function f_totality thread 0
----------------------------------------------------
  dev = { ._active_register=0, ._active_bank=0, ._new_command=1, .interrupt_low_vector={ .elems={ 255, 255 } },
    .state_at_last_interrupt_check={ .elems = { 0 } },
    ._gpio_pin_state={ .elems = { 0 } },
    ._gpio_output={ .elems={ 255, 255 } },
    ._gpio_inversion_enable={ .elems = { 0 } },
    ._gpio_direction_config={ .elems={ 255, 255 } },
    ._required_outputs={ .elems = { 0 } },
    ._required_inputs={ .elems = { 0 } },
    .anon_pad$11=0 }

State 5 file /Users/user/NVIDIA-OpenSMA/src/nv/emulation/pca9555.cpp line 87 column 13 function i2c_read thread 0
----------------------------------------------------
  *return_value$_at$3 = ( class nv::emulation::Pca9555 { unsigned int _active_register; unsigned int _active_bank; _Bool _new_command;  struct std::array<unsigned char, 2> { unsigned char [2] elems; }interrupt_low_vector;  struct std::array<unsigned char, 2> { unsigned char [2] elems; }state_at_last_interrupt_check;  struct std::array<unsigned char, 2> { unsigned char [2] elems; }_gpio_pin_state;  struct std::array<unsigned char, 2> { unsigned char [2] elems; }_gpio_output;  struct std::array<unsigned char, 2> { unsigned char [2] elems; }_gpio_inversion_enable;  struct std::array<unsigned char, 2> { unsigned char [2] elems; }_gpio_direction_config;  struct std::array<unsigned char, 2> { unsigned char [2] elems; }_required_outputs;  struct std::array<unsigned char, 2> { unsigned char [2] elems; }_required_inputs; unsigned _ExtInt(24) anon_pad$11; })(byte_update_little_endian((unsigned _ExtInt(224))({ ._active_register=0, ._active_bank=0, ._new_command=0, .interrupt_low_vector={ .elems={ 255, 255 } },
    .state_at_last_interrupt_check={ .elems = { 0 } },
    ._gpio_pin_state={ .elems = { 0 } },
    ._gpio_output={ .elems={ 255, 255 } },
    ._gpio_inversion_enable={ .elems = { 0 } },
    ._gpio_direction_config={ .elems={ 255, 255 } },
    ._required_outputs={ .elems = { 0 } },
    ._required_inputs={ .elems = { 0 } },
    .anon_pad$11=0 }), 9, 255))

State 6 file /Users/user/NVIDIA-OpenSMA/src/nv/emulation/pca9555.cpp line 338 column 5 function next_bank thread 0
----------------------------------------------------
  *bank::0 = { ._active_register=0, ._active_bank=1, ._new_command=0, .interrupt_low_vector={ .elems={ 255, 255 } },
    .state_at_last_interrupt_check={ .elems = { 0 } },
    ._gpio_pin_state={ .elems = { 0 } },
    ._gpio_output={ .elems={ 255, 255 } },
    ._gpio_inversion_enable={ .elems = { 0 } },
    ._gpio_direction_config={ .elems={ 255, 255 } },
    ._required_outputs={ .elems = { 0 } },
    ._required_inputs={ .elems = { 0 } },
    .anon_pad$11=0 }

State 7 file /Users/user/NVIDIA-OpenSMA/src/nv/emulation/pca9555.cpp line 87 column 13 function i2c_read thread 0
----------------------------------------------------
  *return_value$_at$3 = ( class nv::emulation::Pca9555 { unsigned int _active_register; unsigned int _active_bank; _Bool _new_command;  struct std::array<unsigned char, 2> { unsigned char [2] elems; }interrupt_low_vector;  struct std::array<unsigned char, 2> { unsigned char [2] elems; }state_at_last_interrupt_check;  struct std::array<unsigned char, 2> { unsigned char [2] elems; }_gpio_pin_state;  struct std::array<unsigned char, 2> { unsigned char [2] elems; }_gpio_output;  struct std::array<unsigned char, 2> { unsigned char [2] elems; }_gpio_inversion_enable;  struct std::array<unsigned char, 2> { unsigned char [2] elems; }_gpio_direction_config;  struct std::array<unsigned char, 2> { unsigned char [2] elems; }_required_outputs;  struct std::array<unsigned char, 2> { unsigned char [2] elems; }_required_inputs; unsigned _ExtInt(24) anon_pad$11; })(byte_update_little_endian((unsigned _ExtInt(224))({ ._active_register=0, ._active_bank=1, ._new_command=0, .interrupt_low_vector={ .elems={ 255, 255 } },
    .state_at_last_interrupt_check={ .elems = { 0 } },
    ._gpio_pin_state={ .elems = { 0 } },
    ._gpio_output={ .elems={ 255, 255 } },
    ._gpio_inversion_enable={ .elems = { 0 } },
    ._gpio_direction_config={ .elems={ 255, 255 } },
    ._required_outputs={ .elems = { 0 } },
    ._required_inputs={ .elems = { 0 } },
    .anon_pad$11=0 }), 10, 255))

State 8 file /Users/user/NVIDIA-OpenSMA/src/nv/emulation/pca9555.cpp line 338 column 5 function next_bank thread 0
----------------------------------------------------
  *bank::0 = { ._active_register=0, ._active_bank=0, ._new_command=0, .interrupt_low_vector={ .elems={ 255, 255 } },
    .state_at_last_interrupt_check={ .elems = { 0 } },
    ._gpio_pin_state={ .elems = { 0 } },
    ._gpio_output={ .elems={ 255, 255 } },
    ._gpio_inversion_enable={ .elems = { 0 } },
    ._gpio_direction_config={ .elems={ 255, 255 } },
    ._required_outputs={ .elems = { 0 } },
    ._required_inputs={ .elems = { 0 } },
    .anon_pad$11=0 }

State 9 file /Users/user/NVIDIA-OpenSMA/verification/harnesses/pca9555_harness.cpp line 55 column 14 function f_totality thread 0
----------------------------------------------------
  *return_value$_operator[]$5 = { .elems={ nondet_symbol(symex::nondet27), 0, 0, 0, 0, 0, 0, 0, 0, 0, 0, 0, 0, 0, 0, 0, 0, 0, 0, 0, 0, 0, 0, 0, 0, 0, 0, 0, 0, 0, 0, 0, 0, 0, 0 } }

State 10 file /Users/user/NVIDIA-OpenSMA/verification/harnesses/pca9555_harness.cpp line 56 column 14 function f_totality thread 0
----------------------------------------------------
  *return_value$_operator[]$6 = { .elems = 0 }

State 13 file /Users/user/NVIDIA-OpenSMA/src/nv/emulation/pca9555.cpp line 129 column 9 function i2c_write thread 0
----------------------------------------------------
  this->_active_register = { ._active_register=0, ._active_bank=0, ._new_command=1, .interrupt_low_vector={ .elems={ 255, 255 } },
    .state_at_last_interrupt_check={ .elems = { 0 } },
    ._gpio_pin_state={ .elems = { 0 } },
    ._gpio_output={ .elems={ 255, 255 } },
    ._gpio_inversion_enable={ .elems = { 0 } },
    ._gpio_direction_config={ .elems={ 255, 255 } },
    ._required_outputs={ .elems = { 0 } },
    ._required_inputs={ .elems = { 0 } },
    .anon_pad$11=0 }

State 14 file /Users/user/NVIDIA-OpenSMA/src/nv/emulation/pca9555.cpp line 130 column 9 function i2c_write thread 0
----------------------------------------------------
  this->_active_bank = { ._active_register=0, ._active_bank=0, ._new_command=1, .interrupt_low_vector={ .elems={ 255, 255 } },
    .state_at_last_interrupt_check={ .elems = { 0 } },
    ._gpio_pin_state={ .elems = { 0 } },
    ._gpio_output={ .elems={ 255, 255 } },
    ._gpio_inversion_enable={ .elems = { 0 } },
    ._gpio_direction_config={ .elems={ 255, 255 } },
    ._required_outputs={ .elems = { 0 } },
    ._required_inputs={ .elems = { 0 } },
    .anon_pad$11=0 }

State 17 file /Users/user/NVIDIA-OpenSMA/src/nv/emulation/pca9555.cpp line 142 column 5 function i2c_write thread 0
----------------------------------------------------
Violated property:
  file /Users/user/NVIDIA-OpenSMA/src/nv/emulation/pca9555.cpp line 142 column 5 function i2c_write
  (signed int)data_length::1 != 1 && (signed int)data_length::1 <= 3 && (signed int)i < (signed int)data_length::1

Slicing time: 0.002s (removed 146 assignments)
No solver specified; defaulting to bitwuzla
Solving claim '(signed int)data_length::1 != 1 && (signed int)data_length::1 <= 3 at file /Users/user/NVIDIA-OpenSMA/src/nv/emulation/pca9555.cpp line 138 column 5 function i2c_write' with solver Bitwuzla 0.8.2
Encoding remaining VCC(s) using bit-vector/floating-point arithmetic
Encoding to solver time: 0.018s
Solving with solver Bitwuzla 0.8.2
Runtime decision procedure: 0.004s
✗ FAILED: '(signed int)data_length::1 != 1 && (signed int)data_length::1 <= 3 at file /Users/user/NVIDIA-OpenSMA/src/nv/emulation/pca9555.cpp line 138 column 5 function i2c_write'

[Counterexample]


State 1 file /Users/user/NVIDIA-OpenSMA/verification/harnesses/pca9555_harness.cpp line 43 column 5 function f_totality thread 0
----------------------------------------------------
  init = 0 (00000000 00000000)

State 2 file /Users/user/NVIDIA-OpenSMA/verification/harnesses/pca9555_harness.cpp line 44 column 5 function f_totality thread 0
----------------------------------------------------
  out_m = 0 (00000000 00000000)

State 3 file /Users/user/NVIDIA-OpenSMA/verification/harnesses/pca9555_harness.cpp line 45 column 5 function f_totality thread 0
----------------------------------------------------
  in_m = 0 (00000000 00000000)

State 4 file /Users/user/NVIDIA-OpenSMA/verification/harnesses/pca9555_harness.cpp line 46 column 5 function f_totality thread 0
----------------------------------------------------
  dev = { ._active_register=0, ._active_bank=0, ._new_command=1, .interrupt_low_vector={ .elems={ 255, 255 } },
    .state_at_last_interrupt_check={ .elems = { 0 } },
    ._gpio_pin_state={ .elems = { 0 } },
    ._gpio_output={ .elems={ 255, 255 } },
    ._gpio_inversion_enable={ .elems = { 0 } },
    ._gpio_direction_config={ .elems={ 255, 255 } },
    ._required_outputs={ .elems = { 0 } },
    ._required_inputs={ .elems = { 0 } },
    .anon_pad$11=0 }

State 5 file /Users/user/NVIDIA-OpenSMA/src/nv/emulation/pca9555.cpp line 87 column 13 function i2c_read thread 0
----------------------------------------------------
  *return_value$_at$3 = ( class nv::emulation::Pca9555 { unsigned int _active_register; unsigned int _active_bank; _Bool _new_command;  struct std::array<unsigned char, 2> { unsigned char [2] elems; }interrupt_low_vector;  struct std::array<unsigned char, 2> { unsigned char [2] elems; }state_at_last_interrupt_check;  struct std::array<unsigned char, 2> { unsigned char [2] elems; }_gpio_pin_state;  struct std::array<unsigned char, 2> { unsigned char [2] elems; }_gpio_output;  struct std::array<unsigned char, 2> { unsigned char [2] elems; }_gpio_inversion_enable;  struct std::array<unsigned char, 2> { unsigned char [2] elems; }_gpio_direction_config;  struct std::array<unsigned char, 2> { unsigned char [2] elems; }_required_outputs;  struct std::array<unsigned char, 2> { unsigned char [2] elems; }_required_inputs; unsigned _ExtInt(24) anon_pad$11; })(byte_update_little_endian((unsigned _ExtInt(224))({ ._active_register=0, ._active_bank=0, ._new_command=0, .interrupt_low_vector={ .elems={ 255, 255 } },
    .state_at_last_interrupt_check={ .elems = { 0 } },
    ._gpio_pin_state={ .elems = { 0 } },
    ._gpio_output={ .elems={ 255, 255 } },
    ._gpio_inversion_enable={ .elems = { 0 } },
    ._gpio_direction_config={ .elems={ 255, 255 } },
    ._required_outputs={ .elems = { 0 } },
    ._required_inputs={ .elems = { 0 } },
    .anon_pad$11=0 }), 9, 255))

State 6 file /Users/user/NVIDIA-OpenSMA/src/nv/emulation/pca9555.cpp line 338 column 5 function next_bank thread 0
----------------------------------------------------
  *bank::0 = { ._active_register=0, ._active_bank=1, ._new_command=0, .interrupt_low_vector={ .elems={ 255, 255 } },
    .state_at_last_interrupt_check={ .elems = { 0 } },
    ._gpio_pin_state={ .elems = { 0 } },
    ._gpio_output={ .elems={ 255, 255 } },
    ._gpio_inversion_enable={ .elems = { 0 } },
    ._gpio_direction_config={ .elems={ 255, 255 } },
    ._required_outputs={ .elems = { 0 } },
    ._required_inputs={ .elems = { 0 } },
    .anon_pad$11=0 }

State 7 file /Users/user/NVIDIA-OpenSMA/src/nv/emulation/pca9555.cpp line 87 column 13 function i2c_read thread 0
----------------------------------------------------
  *return_value$_at$3 = ( class nv::emulation::Pca9555 { unsigned int _active_register; unsigned int _active_bank; _Bool _new_command;  struct std::array<unsigned char, 2> { unsigned char [2] elems; }interrupt_low_vector;  struct std::array<unsigned char, 2> { unsigned char [2] elems; }state_at_last_interrupt_check;  struct std::array<unsigned char, 2> { unsigned char [2] elems; }_gpio_pin_state;  struct std::array<unsigned char, 2> { unsigned char [2] elems; }_gpio_output;  struct std::array<unsigned char, 2> { unsigned char [2] elems; }_gpio_inversion_enable;  struct std::array<unsigned char, 2> { unsigned char [2] elems; }_gpio_direction_config;  struct std::array<unsigned char, 2> { unsigned char [2] elems; }_required_outputs;  struct std::array<unsigned char, 2> { unsigned char [2] elems; }_required_inputs; unsigned _ExtInt(24) anon_pad$11; })(byte_update_little_endian((unsigned _ExtInt(224))({ ._active_register=0, ._active_bank=1, ._new_command=0, .interrupt_low_vector={ .elems={ 255, 255 } },
    .state_at_last_interrupt_check={ .elems = { 0 } },
    ._gpio_pin_state={ .elems = { 0 } },
    ._gpio_output={ .elems={ 255, 255 } },
    ._gpio_inversion_enable={ .elems = { 0 } },
    ._gpio_direction_config={ .elems={ 255, 255 } },
    ._required_outputs={ .elems = { 0 } },
    ._required_inputs={ .elems = { 0 } },
    .anon_pad$11=0 }), 10, 255))

State 8 file /Users/user/NVIDIA-OpenSMA/src/nv/emulation/pca9555.cpp line 338 column 5 function next_bank thread 0
----------------------------------------------------
  *bank::0 = { ._active_register=0, ._active_bank=0, ._new_command=0, .interrupt_low_vector={ .elems={ 255, 255 } },
    .state_at_last_interrupt_check={ .elems = { 0 } },
    ._gpio_pin_state={ .elems = { 0 } },
    ._gpio_output={ .elems={ 255, 255 } },
    ._gpio_inversion_enable={ .elems = { 0 } },
    ._gpio_direction_config={ .elems={ 255, 255 } },
    ._required_outputs={ .elems = { 0 } },
    ._required_inputs={ .elems = { 0 } },
    .anon_pad$11=0 }

State 9 file /Users/user/NVIDIA-OpenSMA/verification/harnesses/pca9555_harness.cpp line 55 column 14 function f_totality thread 0
----------------------------------------------------
  *return_value$_operator[]$5 = { .elems={ nondet_symbol(symex::nondet27), 0, 0, 0, 0, 0, 0, 0, 0, 0, 0, 0, 0, 0, 0, 0, 0, 0, 0, 0, 0, 0, 0, 0, 0, 0, 0, 0, 0, 0, 0, 0, 0, 0, 0 } }

State 10 file /Users/user/NVIDIA-OpenSMA/verification/harnesses/pca9555_harness.cpp line 56 column 14 function f_totality thread 0
----------------------------------------------------
  *return_value$_operator[]$6 = { .elems = 0 }

State 13 file /Users/user/NVIDIA-OpenSMA/src/nv/emulation/pca9555.cpp line 129 column 9 function i2c_write thread 0
----------------------------------------------------
  this->_active_register = { ._active_register=0, ._active_bank=0, ._new_command=1, .interrupt_low_vector={ .elems={ 255, 255 } },
    .state_at_last_interrupt_check={ .elems = { 0 } },
    ._gpio_pin_state={ .elems = { 0 } },
    ._gpio_output={ .elems={ 255, 255 } },
    ._gpio_inversion_enable={ .elems = { 0 } },
    ._gpio_direction_config={ .elems={ 255, 255 } },
    ._required_outputs={ .elems = { 0 } },
    ._required_inputs={ .elems = { 0 } },
    .anon_pad$11=0 }

State 14 file /Users/user/NVIDIA-OpenSMA/src/nv/emulation/pca9555.cpp line 130 column 9 function i2c_write thread 0
----------------------------------------------------
  this->_active_bank = { ._active_register=0, ._active_bank=0, ._new_command=1, .interrupt_low_vector={ .elems={ 255, 255 } },
    .state_at_last_interrupt_check={ .elems = { 0 } },
    ._gpio_pin_state={ .elems = { 0 } },
    ._gpio_output={ .elems={ 255, 255 } },
    ._gpio_inversion_enable={ .elems = { 0 } },
    ._gpio_direction_config={ .elems={ 255, 255 } },
    ._required_outputs={ .elems = { 0 } },
    ._required_inputs={ .elems = { 0 } },
    .anon_pad$11=0 }

State 17 file /Users/user/NVIDIA-OpenSMA/src/nv/emulation/pca9555.cpp line 138 column 5 function i2c_write thread 0
----------------------------------------------------
Violated property:
  file /Users/user/NVIDIA-OpenSMA/src/nv/emulation/pca9555.cpp line 138 column 5 function i2c_write
  (signed int)data_length::1 != 1 && (signed int)data_length::1 <= 3

Slicing time: 0.002s (removed 146 assignments)
No solver specified; defaulting to bitwuzla
Solving claim '(signed int)data_length::1 != 1 at file /Users/user/NVIDIA-OpenSMA/src/nv/emulation/pca9555.cpp line 127 column 5 function i2c_write' with solver Bitwuzla 0.8.2
Encoding remaining VCC(s) using bit-vector/floating-point arithmetic
Encoding to solver time: 0.018s
Solving with solver Bitwuzla 0.8.2
Runtime decision procedure: 0.003s
✗ FAILED: '(signed int)data_length::1 != 1 at file /Users/user/NVIDIA-OpenSMA/src/nv/emulation/pca9555.cpp line 127 column 5 function i2c_write'

[Counterexample]


State 1 file /Users/user/NVIDIA-OpenSMA/verification/harnesses/pca9555_harness.cpp line 43 column 5 function f_totality thread 0
----------------------------------------------------
  init = 0 (00000000 00000000)

State 2 file /Users/user/NVIDIA-OpenSMA/verification/harnesses/pca9555_harness.cpp line 44 column 5 function f_totality thread 0
----------------------------------------------------
  out_m = 0 (00000000 00000000)

State 3 file /Users/user/NVIDIA-OpenSMA/verification/harnesses/pca9555_harness.cpp line 45 column 5 function f_totality thread 0
----------------------------------------------------
  in_m = 0 (00000000 00000000)

State 4 file /Users/user/NVIDIA-OpenSMA/verification/harnesses/pca9555_harness.cpp line 46 column 5 function f_totality thread 0
----------------------------------------------------
  dev = { ._active_register=0, ._active_bank=0, ._new_command=1, .interrupt_low_vector={ .elems={ 255, 255 } },
    .state_at_last_interrupt_check={ .elems = { 0 } },
    ._gpio_pin_state={ .elems = { 0 } },
    ._gpio_output={ .elems={ 255, 255 } },
    ._gpio_inversion_enable={ .elems = { 0 } },
    ._gpio_direction_config={ .elems={ 255, 255 } },
    ._required_outputs={ .elems = { 0 } },
    ._required_inputs={ .elems = { 0 } },
    .anon_pad$11=0 }

State 5 file /Users/user/NVIDIA-OpenSMA/src/nv/emulation/pca9555.cpp line 87 column 13 function i2c_read thread 0
----------------------------------------------------
  *return_value$_at$3 = ( class nv::emulation::Pca9555 { unsigned int _active_register; unsigned int _active_bank; _Bool _new_command;  struct std::array<unsigned char, 2> { unsigned char [2] elems; }interrupt_low_vector;  struct std::array<unsigned char, 2> { unsigned char [2] elems; }state_at_last_interrupt_check;  struct std::array<unsigned char, 2> { unsigned char [2] elems; }_gpio_pin_state;  struct std::array<unsigned char, 2> { unsigned char [2] elems; }_gpio_output;  struct std::array<unsigned char, 2> { unsigned char [2] elems; }_gpio_inversion_enable;  struct std::array<unsigned char, 2> { unsigned char [2] elems; }_gpio_direction_config;  struct std::array<unsigned char, 2> { unsigned char [2] elems; }_required_outputs;  struct std::array<unsigned char, 2> { unsigned char [2] elems; }_required_inputs; unsigned _ExtInt(24) anon_pad$11; })(byte_update_little_endian((unsigned _ExtInt(224))({ ._active_register=0, ._active_bank=0, ._new_command=0, .interrupt_low_vector={ .elems={ 255, 255 } },
    .state_at_last_interrupt_check={ .elems = { 0 } },
    ._gpio_pin_state={ .elems = { 0 } },
    ._gpio_output={ .elems={ 255, 255 } },
    ._gpio_inversion_enable={ .elems = { 0 } },
    ._gpio_direction_config={ .elems={ 255, 255 } },
    ._required_outputs={ .elems = { 0 } },
    ._required_inputs={ .elems = { 0 } },
    .anon_pad$11=0 }), 9, 255))

State 6 file /Users/user/NVIDIA-OpenSMA/src/nv/emulation/pca9555.cpp line 338 column 5 function next_bank thread 0
----------------------------------------------------
  *bank::0 = { ._active_register=0, ._active_bank=1, ._new_command=0, .interrupt_low_vector={ .elems={ 255, 255 } },
    .state_at_last_interrupt_check={ .elems = { 0 } },
    ._gpio_pin_state={ .elems = { 0 } },
    ._gpio_output={ .elems={ 255, 255 } },
    ._gpio_inversion_enable={ .elems = { 0 } },
    ._gpio_direction_config={ .elems={ 255, 255 } },
    ._required_outputs={ .elems = { 0 } },
    ._required_inputs={ .elems = { 0 } },
    .anon_pad$11=0 }

State 7 file /Users/user/NVIDIA-OpenSMA/src/nv/emulation/pca9555.cpp line 87 column 13 function i2c_read thread 0
----------------------------------------------------
  *return_value$_at$3 = ( class nv::emulation::Pca9555 { unsigned int _active_register; unsigned int _active_bank; _Bool _new_command;  struct std::array<unsigned char, 2> { unsigned char [2] elems; }interrupt_low_vector;  struct std::array<unsigned char, 2> { unsigned char [2] elems; }state_at_last_interrupt_check;  struct std::array<unsigned char, 2> { unsigned char [2] elems; }_gpio_pin_state;  struct std::array<unsigned char, 2> { unsigned char [2] elems; }_gpio_output;  struct std::array<unsigned char, 2> { unsigned char [2] elems; }_gpio_inversion_enable;  struct std::array<unsigned char, 2> { unsigned char [2] elems; }_gpio_direction_config;  struct std::array<unsigned char, 2> { unsigned char [2] elems; }_required_outputs;  struct std::array<unsigned char, 2> { unsigned char [2] elems; }_required_inputs; unsigned _ExtInt(24) anon_pad$11; })(byte_update_little_endian((unsigned _ExtInt(224))({ ._active_register=0, ._active_bank=1, ._new_command=0, .interrupt_low_vector={ .elems={ 255, 255 } },
    .state_at_last_interrupt_check={ .elems = { 0 } },
    ._gpio_pin_state={ .elems = { 0 } },
    ._gpio_output={ .elems={ 255, 255 } },
    ._gpio_inversion_enable={ .elems = { 0 } },
    ._gpio_direction_config={ .elems={ 255, 255 } },
    ._required_outputs={ .elems = { 0 } },
    ._required_inputs={ .elems = { 0 } },
    .anon_pad$11=0 }), 10, 255))

State 8 file /Users/user/NVIDIA-OpenSMA/src/nv/emulation/pca9555.cpp line 338 column 5 function next_bank thread 0
----------------------------------------------------
  *bank::0 = { ._active_register=0, ._active_bank=0, ._new_command=0, .interrupt_low_vector={ .elems={ 255, 255 } },
    .state_at_last_interrupt_check={ .elems = { 0 } },
    ._gpio_pin_state={ .elems = { 0 } },
    ._gpio_output={ .elems={ 255, 255 } },
    ._gpio_inversion_enable={ .elems = { 0 } },
    ._gpio_direction_config={ .elems={ 255, 255 } },
    ._required_outputs={ .elems = { 0 } },
    ._required_inputs={ .elems = { 0 } },
    .anon_pad$11=0 }

State 9 file /Users/user/NVIDIA-OpenSMA/verification/harnesses/pca9555_harness.cpp line 55 column 14 function f_totality thread 0
----------------------------------------------------
  *return_value$_operator[]$5 = { .elems={ nondet_symbol(symex::nondet27), 0, 0, 0, 0, 0, 0, 0, 0, 0, 0, 0, 0, 0, 0, 0, 0, 0, 0, 0, 0, 0, 0, 0, 0, 0, 0, 0, 0, 0, 0, 0, 0, 0, 0 } }

State 10 file /Users/user/NVIDIA-OpenSMA/verification/harnesses/pca9555_harness.cpp line 56 column 14 function f_totality thread 0
----------------------------------------------------
  *return_value$_operator[]$6 = { .elems = 0 }

State 13 file /Users/user/NVIDIA-OpenSMA/src/nv/emulation/pca9555.cpp line 129 column 9 function i2c_write thread 0
----------------------------------------------------
  this->_active_register = { ._active_register=0, ._active_bank=0, ._new_command=1, .interrupt_low_vector={ .elems={ 255, 255 } },
    .state_at_last_interrupt_check={ .elems = { 0 } },
    ._gpio_pin_state={ .elems = { 0 } },
    ._gpio_output={ .elems={ 255, 255 } },
    ._gpio_inversion_enable={ .elems = { 0 } },
    ._gpio_direction_config={ .elems={ 255, 255 } },
    ._required_outputs={ .elems = { 0 } },
    ._required_inputs={ .elems = { 0 } },
    .anon_pad$11=0 }

State 14 file /Users/user/NVIDIA-OpenSMA/src/nv/emulation/pca9555.cpp line 130 column 9 function i2c_write thread 0
----------------------------------------------------
  this->_active_bank = { ._active_register=0, ._active_bank=0, ._new_command=1, .interrupt_low_vector={ .elems={ 255, 255 } },
    .state_at_last_interrupt_check={ .elems = { 0 } },
    ._gpio_pin_state={ .elems = { 0 } },
    ._gpio_output={ .elems={ 255, 255 } },
    ._gpio_inversion_enable={ .elems = { 0 } },
    ._gpio_direction_config={ .elems={ 255, 255 } },
    ._required_outputs={ .elems = { 0 } },
    ._required_inputs={ .elems = { 0 } },
    .anon_pad$11=0 }

State 17 file /Users/user/NVIDIA-OpenSMA/src/nv/emulation/pca9555.cpp line 127 column 5 function i2c_write thread 0
----------------------------------------------------
Violated property:
  file /Users/user/NVIDIA-OpenSMA/src/nv/emulation/pca9555.cpp line 127 column 5 function i2c_write
  (signed int)data_length::1 != 1

Slicing time: 0.003s (removed 146 assignments)
No solver specified; defaulting to bitwuzla
Solving claim '(signed int)data_length::1 == 1 at file /Users/user/NVIDIA-OpenSMA/src/nv/emulation/pca9555.cpp line 127 column 5 function i2c_write' with solver Bitwuzla 0.8.2
Encoding remaining VCC(s) using bit-vector/floating-point arithmetic
Encoding to solver time: 0.019s
Solving with solver Bitwuzla 0.8.2
Runtime decision procedure: 0.004s
✗ FAILED: '(signed int)data_length::1 == 1 at file /Users/user/NVIDIA-OpenSMA/src/nv/emulation/pca9555.cpp line 127 column 5 function i2c_write'

[Counterexample]


State 1 file /Users/user/NVIDIA-OpenSMA/verification/harnesses/pca9555_harness.cpp line 43 column 5 function f_totality thread 0
----------------------------------------------------
  init = 0 (00000000 00000000)

State 2 file /Users/user/NVIDIA-OpenSMA/verification/harnesses/pca9555_harness.cpp line 44 column 5 function f_totality thread 0
----------------------------------------------------
  out_m = 0 (00000000 00000000)

State 3 file /Users/user/NVIDIA-OpenSMA/verification/harnesses/pca9555_harness.cpp line 45 column 5 function f_totality thread 0
----------------------------------------------------
  in_m = 0 (00000000 00000000)

State 4 file /Users/user/NVIDIA-OpenSMA/verification/harnesses/pca9555_harness.cpp line 46 column 5 function f_totality thread 0
----------------------------------------------------
  dev = { ._active_register=0, ._active_bank=0, ._new_command=1, .interrupt_low_vector={ .elems={ 255, 255 } },
    .state_at_last_interrupt_check={ .elems = { 0 } },
    ._gpio_pin_state={ .elems = { 0 } },
    ._gpio_output={ .elems={ 255, 255 } },
    ._gpio_inversion_enable={ .elems = { 0 } },
    ._gpio_direction_config={ .elems={ 255, 255 } },
    ._required_outputs={ .elems = { 0 } },
    ._required_inputs={ .elems = { 0 } },
    .anon_pad$11=0 }

State 5 file /Users/user/NVIDIA-OpenSMA/src/nv/emulation/pca9555.cpp line 87 column 13 function i2c_read thread 0
----------------------------------------------------
  *return_value$_at$3 = ( class nv::emulation::Pca9555 { unsigned int _active_register; unsigned int _active_bank; _Bool _new_command;  struct std::array<unsigned char, 2> { unsigned char [2] elems; }interrupt_low_vector;  struct std::array<unsigned char, 2> { unsigned char [2] elems; }state_at_last_interrupt_check;  struct std::array<unsigned char, 2> { unsigned char [2] elems; }_gpio_pin_state;  struct std::array<unsigned char, 2> { unsigned char [2] elems; }_gpio_output;  struct std::array<unsigned char, 2> { unsigned char [2] elems; }_gpio_inversion_enable;  struct std::array<unsigned char, 2> { unsigned char [2] elems; }_gpio_direction_config;  struct std::array<unsigned char, 2> { unsigned char [2] elems; }_required_outputs;  struct std::array<unsigned char, 2> { unsigned char [2] elems; }_required_inputs; unsigned _ExtInt(24) anon_pad$11; })(byte_update_little_endian((unsigned _ExtInt(224))({ ._active_register=0, ._active_bank=0, ._new_command=0, .interrupt_low_vector={ .elems={ 255, 255 } },
    .state_at_last_interrupt_check={ .elems = { 0 } },
    ._gpio_pin_state={ .elems = { 0 } },
    ._gpio_output={ .elems={ 255, 255 } },
    ._gpio_inversion_enable={ .elems = { 0 } },
    ._gpio_direction_config={ .elems={ 255, 255 } },
    ._required_outputs={ .elems = { 0 } },
    ._required_inputs={ .elems = { 0 } },
    .anon_pad$11=0 }), 9, 255))

State 6 file /Users/user/NVIDIA-OpenSMA/src/nv/emulation/pca9555.cpp line 338 column 5 function next_bank thread 0
----------------------------------------------------
  *bank::0 = { ._active_register=0, ._active_bank=1, ._new_command=0, .interrupt_low_vector={ .elems={ 255, 255 } },
    .state_at_last_interrupt_check={ .elems = { 0 } },
    ._gpio_pin_state={ .elems = { 0 } },
    ._gpio_output={ .elems={ 255, 255 } },
    ._gpio_inversion_enable={ .elems = { 0 } },
    ._gpio_direction_config={ .elems={ 255, 255 } },
    ._required_outputs={ .elems = { 0 } },
    ._required_inputs={ .elems = { 0 } },
    .anon_pad$11=0 }

State 7 file /Users/user/NVIDIA-OpenSMA/src/nv/emulation/pca9555.cpp line 87 column 13 function i2c_read thread 0
----------------------------------------------------
  *return_value$_at$3 = ( class nv::emulation::Pca9555 { unsigned int _active_register; unsigned int _active_bank; _Bool _new_command;  struct std::array<unsigned char, 2> { unsigned char [2] elems; }interrupt_low_vector;  struct std::array<unsigned char, 2> { unsigned char [2] elems; }state_at_last_interrupt_check;  struct std::array<unsigned char, 2> { unsigned char [2] elems; }_gpio_pin_state;  struct std::array<unsigned char, 2> { unsigned char [2] elems; }_gpio_output;  struct std::array<unsigned char, 2> { unsigned char [2] elems; }_gpio_inversion_enable;  struct std::array<unsigned char, 2> { unsigned char [2] elems; }_gpio_direction_config;  struct std::array<unsigned char, 2> { unsigned char [2] elems; }_required_outputs;  struct std::array<unsigned char, 2> { unsigned char [2] elems; }_required_inputs; unsigned _ExtInt(24) anon_pad$11; })(byte_update_little_endian((unsigned _ExtInt(224))({ ._active_register=0, ._active_bank=1, ._new_command=0, .interrupt_low_vector={ .elems={ 255, 255 } },
    .state_at_last_interrupt_check={ .elems = { 0 } },
    ._gpio_pin_state={ .elems = { 0 } },
    ._gpio_output={ .elems={ 255, 255 } },
    ._gpio_inversion_enable={ .elems = { 0 } },
    ._gpio_direction_config={ .elems={ 255, 255 } },
    ._required_outputs={ .elems = { 0 } },
    ._required_inputs={ .elems = { 0 } },
    .anon_pad$11=0 }), 10, 255))

State 8 file /Users/user/NVIDIA-OpenSMA/src/nv/emulation/pca9555.cpp line 338 column 5 function next_bank thread 0
----------------------------------------------------
  *bank::0 = { ._active_register=0, ._active_bank=0, ._new_command=0, .interrupt_low_vector={ .elems={ 255, 255 } },
    .state_at_last_interrupt_check={ .elems = { 0 } },
    ._gpio_pin_state={ .elems = { 0 } },
    ._gpio_output={ .elems={ 255, 255 } },
    ._gpio_inversion_enable={ .elems = { 0 } },
    ._gpio_direction_config={ .elems={ 255, 255 } },
    ._required_outputs={ .elems = { 0 } },
    ._required_inputs={ .elems = { 0 } },
    .anon_pad$11=0 }

State 9 file /Users/user/NVIDIA-OpenSMA/verification/harnesses/pca9555_harness.cpp line 55 column 14 function f_totality thread 0
----------------------------------------------------
  *return_value$_operator[]$5 = { .elems={ nondet_symbol(symex::nondet27), 0, 0, 0, 0, 0, 0, 0, 0, 0, 0, 0, 0, 0, 0, 0, 0, 0, 0, 0, 0, 0, 0, 0, 0, 0, 0, 0, 0, 0, 0, 0, 0, 0, 0 } }

State 10 file /Users/user/NVIDIA-OpenSMA/verification/harnesses/pca9555_harness.cpp line 56 column 14 function f_totality thread 0
----------------------------------------------------
  *return_value$_operator[]$6 = { .elems = 0 }

State 13 file /Users/user/NVIDIA-OpenSMA/src/nv/emulation/pca9555.cpp line 127 column 5 function i2c_write thread 0
----------------------------------------------------
Violated property:
  file /Users/user/NVIDIA-OpenSMA/src/nv/emulation/pca9555.cpp line 127 column 5 function i2c_write
  (signed int)data_length::1 == 1
  (signed int)data_length::1 != 1

Slicing time: 0.002s (removed 146 assignments)
No solver specified; defaulting to bitwuzla
Solving claim '(signed int)this->_active_register == 0 && (signed int)this->_active_register == 1 && (signed int)this->_active_register == 2 && (signed int)this->_active_register != 3 at file /Users/user/NVIDIA-OpenSMA/src/nv/emulation/pca9555.cpp line 101 column 14 function i2c_read' with solver Bitwuzla 0.8.2
Encoding remaining VCC(s) using bit-vector/floating-point arithmetic
Encoding to solver time: 0.019s
Solving with solver Bitwuzla 0.8.2
Runtime decision procedure: 0.002s
✓ PASSED: '(signed int)this->_active_register == 0 && (signed int)this->_active_register == 1 && (signed int)this->_active_register == 2 && (signed int)this->_active_register != 3 at file /Users/user/NVIDIA-OpenSMA/src/nv/emulation/pca9555.cpp line 101 column 14 function i2c_read'
Slicing time: 0.002s (removed 146 assignments)
No solver specified; defaulting to bitwuzla
Solving claim '(signed int)this->_active_register == 0 && (signed int)this->_active_register == 1 && (signed int)this->_active_register == 2 && (signed int)this->_active_register == 3 at file /Users/user/NVIDIA-OpenSMA/src/nv/emulation/pca9555.cpp line 101 column 14 function i2c_read' with solver Bitwuzla 0.8.2
Encoding remaining VCC(s) using bit-vector/floating-point arithmetic
Encoding to solver time: 0.019s
Solving with solver Bitwuzla 0.8.2
Runtime decision procedure: 0.002s
✓ PASSED: '(signed int)this->_active_register == 0 && (signed int)this->_active_register == 1 && (signed int)this->_active_register == 2 && (signed int)this->_active_register == 3 at file /Users/user/NVIDIA-OpenSMA/src/nv/emulation/pca9555.cpp line 101 column 14 function i2c_read'
Slicing time: 0.002s (removed 146 assignments)
No solver specified; defaulting to bitwuzla
Solving claim '(signed int)this->_active_register != 0 && (signed int)this->_active_register == 1 && (signed int)this->_active_register == 2 && (signed int)this->_active_register != 3 at file /Users/user/NVIDIA-OpenSMA/src/nv/emulation/pca9555.cpp line 101 column 14 function i2c_read' with solver Bitwuzla 0.8.2
Encoding remaining VCC(s) using bit-vector/floating-point arithmetic
Encoding to solver time: 0.018s
Solving with solver Bitwuzla 0.8.2
Runtime decision procedure: 0.002s
✓ PASSED: '(signed int)this->_active_register != 0 && (signed int)this->_active_register == 1 && (signed int)this->_active_register == 2 && (signed int)this->_active_register != 3 at file /Users/user/NVIDIA-OpenSMA/src/nv/emulation/pca9555.cpp line 101 column 14 function i2c_read'
Slicing time: 0.002s (removed 146 assignments)
No solver specified; defaulting to bitwuzla
Solving claim '(signed int)this->_active_register != 0 && (signed int)this->_active_register == 1 && (signed int)this->_active_register == 2 && (signed int)this->_active_register == 3 at file /Users/user/NVIDIA-OpenSMA/src/nv/emulation/pca9555.cpp line 101 column 14 function i2c_read' with solver Bitwuzla 0.8.2
Encoding remaining VCC(s) using bit-vector/floating-point arithmetic
Encoding to solver time: 0.018s
Solving with solver Bitwuzla 0.8.2
Runtime decision procedure: 0.002s
✓ PASSED: '(signed int)this->_active_register != 0 && (signed int)this->_active_register == 1 && (signed int)this->_active_register == 2 && (signed int)this->_active_register == 3 at file /Users/user/NVIDIA-OpenSMA/src/nv/emulation/pca9555.cpp line 101 column 14 function i2c_read'
Slicing time: 0.002s (removed 146 assignments)
No solver specified; defaulting to bitwuzla
Solving claim '(signed int)this->_active_register == 0 && (signed int)this->_active_register != 1 && (signed int)this->_active_register == 2 && (signed int)this->_active_register != 3 at file /Users/user/NVIDIA-OpenSMA/src/nv/emulation/pca9555.cpp line 101 column 14 function i2c_read' with solver Bitwuzla 0.8.2
Encoding remaining VCC(s) using bit-vector/floating-point arithmetic
Encoding to solver time: 0.018s
Solving with solver Bitwuzla 0.8.2
Runtime decision procedure: 0.002s
✓ PASSED: '(signed int)this->_active_register == 0 && (signed int)this->_active_register != 1 && (signed int)this->_active_register == 2 && (signed int)this->_active_register != 3 at file /Users/user/NVIDIA-OpenSMA/src/nv/emulation/pca9555.cpp line 101 column 14 function i2c_read'
Slicing time: 0.002s (removed 146 assignments)
No solver specified; defaulting to bitwuzla
Solving claim '(signed int)this->_active_register == 0 && (signed int)this->_active_register != 1 && (signed int)this->_active_register == 2 && (signed int)this->_active_register == 3 at file /Users/user/NVIDIA-OpenSMA/src/nv/emulation/pca9555.cpp line 101 column 14 function i2c_read' with solver Bitwuzla 0.8.2
Encoding remaining VCC(s) using bit-vector/floating-point arithmetic
Encoding to solver time: 0.018s
Solving with solver Bitwuzla 0.8.2
Runtime decision procedure: 0.002s
✓ PASSED: '(signed int)this->_active_register == 0 && (signed int)this->_active_register != 1 && (signed int)this->_active_register == 2 && (signed int)this->_active_register == 3 at file /Users/user/NVIDIA-OpenSMA/src/nv/emulation/pca9555.cpp line 101 column 14 function i2c_read'
Slicing time: 0.002s (removed 146 assignments)
No solver specified; defaulting to bitwuzla
Solving claim '(signed int)this->_active_register != 0 && (signed int)this->_active_register != 1 && (signed int)this->_active_register == 2 && (signed int)this->_active_register != 3 at file /Users/user/NVIDIA-OpenSMA/src/nv/emulation/pca9555.cpp line 101 column 14 function i2c_read' with solver Bitwuzla 0.8.2
Encoding remaining VCC(s) using bit-vector/floating-point arithmetic
Encoding to solver time: 0.018s
Solving with solver Bitwuzla 0.8.2
Runtime decision procedure: 0.002s
✓ PASSED: '(signed int)this->_active_register != 0 && (signed int)this->_active_register != 1 && (signed int)this->_active_register == 2 && (signed int)this->_active_register != 3 at file /Users/user/NVIDIA-OpenSMA/src/nv/emulation/pca9555.cpp line 101 column 14 function i2c_read'
Slicing time: 0.002s (removed 146 assignments)
No solver specified; defaulting to bitwuzla
Solving claim '(signed int)this->_active_register != 0 && (signed int)this->_active_register != 1 && (signed int)this->_active_register == 2 && (signed int)this->_active_register == 3 at file /Users/user/NVIDIA-OpenSMA/src/nv/emulation/pca9555.cpp line 101 column 14 function i2c_read' with solver Bitwuzla 0.8.2
Encoding remaining VCC(s) using bit-vector/floating-point arithmetic
Encoding to solver time: 0.018s
Solving with solver Bitwuzla 0.8.2
Runtime decision procedure: 0.002s
✓ PASSED: '(signed int)this->_active_register != 0 && (signed int)this->_active_register != 1 && (signed int)this->_active_register == 2 && (signed int)this->_active_register == 3 at file /Users/user/NVIDIA-OpenSMA/src/nv/emulation/pca9555.cpp line 101 column 14 function i2c_read'
Slicing time: 0.002s (removed 146 assignments)
No solver specified; defaulting to bitwuzla
Solving claim '(signed int)this->_active_register == 0 && (signed int)this->_active_register == 1 && (signed int)this->_active_register != 2 && (signed int)this->_active_register != 3 at file /Users/user/NVIDIA-OpenSMA/src/nv/emulation/pca9555.cpp line 101 column 14 function i2c_read' with solver Bitwuzla 0.8.2
Encoding remaining VCC(s) using bit-vector/floating-point arithmetic
Encoding to solver time: 0.017s
Solving with solver Bitwuzla 0.8.2
Runtime decision procedure: 0.002s
✓ PASSED: '(signed int)this->_active_register == 0 && (signed int)this->_active_register == 1 && (signed int)this->_active_register != 2 && (signed int)this->_active_register != 3 at file /Users/user/NVIDIA-OpenSMA/src/nv/emulation/pca9555.cpp line 101 column 14 function i2c_read'
Slicing time: 0.002s (removed 146 assignments)
No solver specified; defaulting to bitwuzla
Solving claim '(signed int)this->_active_register == 0 && (signed int)this->_active_register == 1 && (signed int)this->_active_register != 2 && (signed int)this->_active_register == 3 at file /Users/user/NVIDIA-OpenSMA/src/nv/emulation/pca9555.cpp line 101 column 14 function i2c_read' with solver Bitwuzla 0.8.2
Encoding remaining VCC(s) using bit-vector/floating-point arithmetic
Encoding to solver time: 0.017s
Solving with solver Bitwuzla 0.8.2
Runtime decision procedure: 0.002s
✓ PASSED: '(signed int)this->_active_register == 0 && (signed int)this->_active_register == 1 && (signed int)this->_active_register != 2 && (signed int)this->_active_register == 3 at file /Users/user/NVIDIA-OpenSMA/src/nv/emulation/pca9555.cpp line 101 column 14 function i2c_read'
Slicing time: 0.002s (removed 146 assignments)
No solver specified; defaulting to bitwuzla
Solving claim '(signed int)this->_active_register != 0 && (signed int)this->_active_register == 1 && (signed int)this->_active_register != 2 && (signed int)this->_active_register != 3 at file /Users/user/NVIDIA-OpenSMA/src/nv/emulation/pca9555.cpp line 101 column 14 function i2c_read' with solver Bitwuzla 0.8.2
Encoding remaining VCC(s) using bit-vector/floating-point arithmetic
Encoding to solver time: 0.018s
Solving with solver Bitwuzla 0.8.2
Runtime decision procedure: 0.001s
✓ PASSED: '(signed int)this->_active_register != 0 && (signed int)this->_active_register == 1 && (signed int)this->_active_register != 2 && (signed int)this->_active_register != 3 at file /Users/user/NVIDIA-OpenSMA/src/nv/emulation/pca9555.cpp line 101 column 14 function i2c_read'
Slicing time: 0.002s (removed 146 assignments)
No solver specified; defaulting to bitwuzla
Solving claim '(signed int)this->_active_register != 0 && (signed int)this->_active_register == 1 && (signed int)this->_active_register != 2 && (signed int)this->_active_register == 3 at file /Users/user/NVIDIA-OpenSMA/src/nv/emulation/pca9555.cpp line 101 column 14 function i2c_read' with solver Bitwuzla 0.8.2
Encoding remaining VCC(s) using bit-vector/floating-point arithmetic
Encoding to solver time: 0.018s
Solving with solver Bitwuzla 0.8.2
Runtime decision procedure: 0.002s
✓ PASSED: '(signed int)this->_active_register != 0 && (signed int)this->_active_register == 1 && (signed int)this->_active_register != 2 && (signed int)this->_active_register == 3 at file /Users/user/NVIDIA-OpenSMA/src/nv/emulation/pca9555.cpp line 101 column 14 function i2c_read'
Slicing time: 0.002s (removed 146 assignments)
No solver specified; defaulting to bitwuzla
Solving claim '(signed int)this->_active_register == 0 && (signed int)this->_active_register != 1 && (signed int)this->_active_register != 2 && (signed int)this->_active_register != 3 at file /Users/user/NVIDIA-OpenSMA/src/nv/emulation/pca9555.cpp line 101 column 14 function i2c_read' with solver Bitwuzla 0.8.2
Encoding remaining VCC(s) using bit-vector/floating-point arithmetic
Encoding to solver time: 0.018s
Solving with solver Bitwuzla 0.8.2
Runtime decision procedure: 0.002s
✓ PASSED: '(signed int)this->_active_register == 0 && (signed int)this->_active_register != 1 && (signed int)this->_active_register != 2 && (signed int)this->_active_register != 3 at file /Users/user/NVIDIA-OpenSMA/src/nv/emulation/pca9555.cpp line 101 column 14 function i2c_read'
Slicing time: 0.002s (removed 146 assignments)
No solver specified; defaulting to bitwuzla
Solving claim '(signed int)this->_active_register == 0 && (signed int)this->_active_register != 1 && (signed int)this->_active_register != 2 && (signed int)this->_active_register == 3 at file /Users/user/NVIDIA-OpenSMA/src/nv/emulation/pca9555.cpp line 101 column 14 function i2c_read' with solver Bitwuzla 0.8.2
Encoding remaining VCC(s) using bit-vector/floating-point arithmetic
Encoding to solver time: 0.019s
Solving with solver Bitwuzla 0.8.2
Runtime decision procedure: 0.002s
✓ PASSED: '(signed int)this->_active_register == 0 && (signed int)this->_active_register != 1 && (signed int)this->_active_register != 2 && (signed int)this->_active_register == 3 at file /Users/user/NVIDIA-OpenSMA/src/nv/emulation/pca9555.cpp line 101 column 14 function i2c_read'
Slicing time: 0.002s (removed 146 assignments)
No solver specified; defaulting to bitwuzla
Solving claim '(signed int)this->_active_register != 0 && (signed int)this->_active_register != 1 && (signed int)this->_active_register != 2 && (signed int)this->_active_register != 3 at file /Users/user/NVIDIA-OpenSMA/src/nv/emulation/pca9555.cpp line 101 column 14 function i2c_read' with solver Bitwuzla 0.8.2
Encoding remaining VCC(s) using bit-vector/floating-point arithmetic
Encoding to solver time: 0.017s
Solving with solver Bitwuzla 0.8.2
Runtime decision procedure: 0.002s
✓ PASSED: '(signed int)this->_active_register != 0 && (signed int)this->_active_register != 1 && (signed int)this->_active_register != 2 && (signed int)this->_active_register != 3 at file /Users/user/NVIDIA-OpenSMA/src/nv/emulation/pca9555.cpp line 101 column 14 function i2c_read'
Slicing time: 0.003s (removed 146 assignments)
No solver specified; defaulting to bitwuzla
Solving claim '(signed int)this->_active_register != 0 && (signed int)this->_active_register != 1 && (signed int)this->_active_register != 2 && (signed int)this->_active_register == 3 at file /Users/user/NVIDIA-OpenSMA/src/nv/emulation/pca9555.cpp line 101 column 14 function i2c_read' with solver Bitwuzla 0.8.2
Encoding remaining VCC(s) using bit-vector/floating-point arithmetic
Encoding to solver time: 0.018s
Solving with solver Bitwuzla 0.8.2
Runtime decision procedure: 0.002s
✓ PASSED: '(signed int)this->_active_register != 0 && (signed int)this->_active_register != 1 && (signed int)this->_active_register != 2 && (signed int)this->_active_register == 3 at file /Users/user/NVIDIA-OpenSMA/src/nv/emulation/pca9555.cpp line 101 column 14 function i2c_read'
Slicing time: 0.002s (removed 146 assignments)
No solver specified; defaulting to bitwuzla
Solving claim '(this->_new_command || !new_transaction::1) && (signed int)this->_active_register == 0 && (signed int)this->_active_register == 1 && (signed int)this->_active_register != 2 at file /Users/user/NVIDIA-OpenSMA/src/nv/emulation/pca9555.cpp line 96 column 14 function i2c_read' with solver Bitwuzla 0.8.2
Encoding remaining VCC(s) using bit-vector/floating-point arithmetic
Encoding to solver time: 0.018s
Solving with solver Bitwuzla 0.8.2
Runtime decision procedure: 0.002s
✓ PASSED: '(this->_new_command || !new_transaction::1) && (signed int)this->_active_register == 0 && (signed int)this->_active_register == 1 && (signed int)this->_active_register != 2 at file /Users/user/NVIDIA-OpenSMA/src/nv/emulation/pca9555.cpp line 96 column 14 function i2c_read'
Slicing time: 0.003s (removed 146 assignments)
No solver specified; defaulting to bitwuzla
Solving claim '(this->_new_command || !new_transaction::1) && (signed int)this->_active_register == 0 && (signed int)this->_active_register == 1 && (signed int)this->_active_register == 2 at file /Users/user/NVIDIA-OpenSMA/src/nv/emulation/pca9555.cpp line 96 column 14 function i2c_read' with solver Bitwuzla 0.8.2
Encoding remaining VCC(s) using bit-vector/floating-point arithmetic
Encoding to solver time: 0.017s
Solving with solver Bitwuzla 0.8.2
Runtime decision procedure: 0.002s
✓ PASSED: '(this->_new_command || !new_transaction::1) && (signed int)this->_active_register == 0 && (signed int)this->_active_register == 1 && (signed int)this->_active_register == 2 at file /Users/user/NVIDIA-OpenSMA/src/nv/emulation/pca9555.cpp line 96 column 14 function i2c_read'
Slicing time: 0.002s (removed 146 assignments)
No solver specified; defaulting to bitwuzla
Solving claim '(this->_new_command || !new_transaction::1) && (signed int)this->_active_register != 0 && (signed int)this->_active_register == 1 && (signed int)this->_active_register != 2 at file /Users/user/NVIDIA-OpenSMA/src/nv/emulation/pca9555.cpp line 96 column 14 function i2c_read' with solver Bitwuzla 0.8.2
Encoding remaining VCC(s) using bit-vector/floating-point arithmetic
Encoding to solver time: 0.018s
Solving with solver Bitwuzla 0.8.2
Runtime decision procedure: 0.002s
✓ PASSED: '(this->_new_command || !new_transaction::1) && (signed int)this->_active_register != 0 && (signed int)this->_active_register == 1 && (signed int)this->_active_register != 2 at file /Users/user/NVIDIA-OpenSMA/src/nv/emulation/pca9555.cpp line 96 column 14 function i2c_read'
Slicing time: 0.003s (removed 146 assignments)
No solver specified; defaulting to bitwuzla
Solving claim '(this->_new_command || !new_transaction::1) && (signed int)this->_active_register != 0 && (signed int)this->_active_register == 1 && (signed int)this->_active_register == 2 at file /Users/user/NVIDIA-OpenSMA/src/nv/emulation/pca9555.cpp line 96 column 14 function i2c_read' with solver Bitwuzla 0.8.2
Encoding remaining VCC(s) using bit-vector/floating-point arithmetic
Encoding to solver time: 0.019s
Solving with solver Bitwuzla 0.8.2
Runtime decision procedure: 0.003s
✓ PASSED: '(this->_new_command || !new_transaction::1) && (signed int)this->_active_register != 0 && (signed int)this->_active_register == 1 && (signed int)this->_active_register == 2 at file /Users/user/NVIDIA-OpenSMA/src/nv/emulation/pca9555.cpp line 96 column 14 function i2c_read'
Slicing time: 0.002s (removed 146 assignments)
No solver specified; defaulting to bitwuzla
Solving claim '(this->_new_command || !new_transaction::1) && (signed int)this->_active_register == 0 && (signed int)this->_active_register != 1 && (signed int)this->_active_register != 2 at file /Users/user/NVIDIA-OpenSMA/src/nv/emulation/pca9555.cpp line 96 column 14 function i2c_read' with solver Bitwuzla 0.8.2
Encoding remaining VCC(s) using bit-vector/floating-point arithmetic
Encoding to solver time: 0.018s
Solving with solver Bitwuzla 0.8.2
Runtime decision procedure: 0.002s
✓ PASSED: '(this->_new_command || !new_transaction::1) && (signed int)this->_active_register == 0 && (signed int)this->_active_register != 1 && (signed int)this->_active_register != 2 at file /Users/user/NVIDIA-OpenSMA/src/nv/emulation/pca9555.cpp line 96 column 14 function i2c_read'
Slicing time: 0.002s (removed 146 assignments)
No solver specified; defaulting to bitwuzla
Solving claim '(this->_new_command || !new_transaction::1) && (signed int)this->_active_register == 0 && (signed int)this->_active_register != 1 && (signed int)this->_active_register == 2 at file /Users/user/NVIDIA-OpenSMA/src/nv/emulation/pca9555.cpp line 96 column 14 function i2c_read' with solver Bitwuzla 0.8.2
Encoding remaining VCC(s) using bit-vector/floating-point arithmetic
Encoding to solver time: 0.018s
Solving with solver Bitwuzla 0.8.2
Runtime decision procedure: 0.002s
✓ PASSED: '(this->_new_command || !new_transaction::1) && (signed int)this->_active_register == 0 && (signed int)this->_active_register != 1 && (signed int)this->_active_register == 2 at file /Users/user/NVIDIA-OpenSMA/src/nv/emulation/pca9555.cpp line 96 column 14 function i2c_read'
Slicing time: 0.002s (removed 146 assignments)
No solver specified; defaulting to bitwuzla
Solving claim '(this->_new_command || !new_transaction::1) && (signed int)this->_active_register != 0 && (signed int)this->_active_register != 1 && (signed int)this->_active_register != 2 at file /Users/user/NVIDIA-OpenSMA/src/nv/emulation/pca9555.cpp line 96 column 14 function i2c_read' with solver Bitwuzla 0.8.2
Encoding remaining VCC(s) using bit-vector/floating-point arithmetic
Encoding to solver time: 0.018s
Solving with solver Bitwuzla 0.8.2
Runtime decision procedure: 0.002s
✓ PASSED: '(this->_new_command || !new_transaction::1) && (signed int)this->_active_register != 0 && (signed int)this->_active_register != 1 && (signed int)this->_active_register != 2 at file /Users/user/NVIDIA-OpenSMA/src/nv/emulation/pca9555.cpp line 96 column 14 function i2c_read'
Slicing time: 0.002s (removed 146 assignments)
No solver specified; defaulting to bitwuzla
Solving claim '(this->_new_command || !new_transaction::1) && (signed int)this->_active_register != 0 && (signed int)this->_active_register != 1 && (signed int)this->_active_register == 2 at file /Users/user/NVIDIA-OpenSMA/src/nv/emulation/pca9555.cpp line 96 column 14 function i2c_read' with solver Bitwuzla 0.8.2
Encoding remaining VCC(s) using bit-vector/floating-point arithmetic
Encoding to solver time: 0.018s
Solving with solver Bitwuzla 0.8.2
Runtime decision procedure: 0.002s
✓ PASSED: '(this->_new_command || !new_transaction::1) && (signed int)this->_active_register != 0 && (signed int)this->_active_register != 1 && (signed int)this->_active_register == 2 at file /Users/user/NVIDIA-OpenSMA/src/nv/emulation/pca9555.cpp line 96 column 14 function i2c_read'
Slicing time: 0.002s (removed 146 assignments)
No solver specified; defaulting to bitwuzla
Solving claim '(this->_new_command || !new_transaction::1) && (signed int)this->_active_register == 0 && (signed int)this->_active_register != 1 at file /Users/user/NVIDIA-OpenSMA/src/nv/emulation/pca9555.cpp line 91 column 14 function i2c_read' with solver Bitwuzla 0.8.2
Encoding remaining VCC(s) using bit-vector/floating-point arithmetic
Encoding to solver time: 0.018s
Solving with solver Bitwuzla 0.8.2
Runtime decision procedure: 0.002s
✓ PASSED: '(this->_new_command || !new_transaction::1) && (signed int)this->_active_register == 0 && (signed int)this->_active_register != 1 at file /Users/user/NVIDIA-OpenSMA/src/nv/emulation/pca9555.cpp line 91 column 14 function i2c_read'
Slicing time: 0.002s (removed 146 assignments)
No solver specified; defaulting to bitwuzla
Solving claim '(this->_new_command || !new_transaction::1) && (signed int)this->_active_register == 0 && (signed int)this->_active_register == 1 at file /Users/user/NVIDIA-OpenSMA/src/nv/emulation/pca9555.cpp line 91 column 14 function i2c_read' with solver Bitwuzla 0.8.2
Encoding remaining VCC(s) using bit-vector/floating-point arithmetic
Encoding to solver time: 0.018s
Solving with solver Bitwuzla 0.8.2
Runtime decision procedure: 0.001s
✓ PASSED: '(this->_new_command || !new_transaction::1) && (signed int)this->_active_register == 0 && (signed int)this->_active_register == 1 at file /Users/user/NVIDIA-OpenSMA/src/nv/emulation/pca9555.cpp line 91 column 14 function i2c_read'
Slicing time: 0.002s (removed 146 assignments)
No solver specified; defaulting to bitwuzla
Solving claim '(this->_new_command || !new_transaction::1) && (signed int)this->_active_register != 0 && (signed int)this->_active_register != 1 at file /Users/user/NVIDIA-OpenSMA/src/nv/emulation/pca9555.cpp line 91 column 14 function i2c_read' with solver Bitwuzla 0.8.2
Encoding remaining VCC(s) using bit-vector/floating-point arithmetic
Encoding to solver time: 0.018s
Solving with solver Bitwuzla 0.8.2
Runtime decision procedure: 0.002s
✓ PASSED: '(this->_new_command || !new_transaction::1) && (signed int)this->_active_register != 0 && (signed int)this->_active_register != 1 at file /Users/user/NVIDIA-OpenSMA/src/nv/emulation/pca9555.cpp line 91 column 14 function i2c_read'
Slicing time: 0.002s (removed 146 assignments)
No solver specified; defaulting to bitwuzla
Solving claim '(this->_new_command || !new_transaction::1) && (signed int)this->_active_register != 0 && (signed int)this->_active_register == 1 at file /Users/user/NVIDIA-OpenSMA/src/nv/emulation/pca9555.cpp line 91 column 14 function i2c_read' with solver Bitwuzla 0.8.2
Encoding remaining VCC(s) using bit-vector/floating-point arithmetic
Encoding to solver time: 0.019s
Solving with solver Bitwuzla 0.8.2
Runtime decision procedure: 0.002s
✓ PASSED: '(this->_new_command || !new_transaction::1) && (signed int)this->_active_register != 0 && (signed int)this->_active_register == 1 at file /Users/user/NVIDIA-OpenSMA/src/nv/emulation/pca9555.cpp line 91 column 14 function i2c_read'
Slicing time: 0.002s (removed 146 assignments)
No solver specified; defaulting to bitwuzla
Solving claim '(this->_new_command || !new_transaction::1) && (signed int)this->_active_register != 0 at file /Users/user/NVIDIA-OpenSMA/src/nv/emulation/pca9555.cpp line 83 column 14 function i2c_read' with solver Bitwuzla 0.8.2
Encoding remaining VCC(s) using bit-vector/floating-point arithmetic
Encoding to solver time: 0.019s
Solving with solver Bitwuzla 0.8.2
Runtime decision procedure: 0.002s
✓ PASSED: '(this->_new_command || !new_transaction::1) && (signed int)this->_active_register != 0 at file /Users/user/NVIDIA-OpenSMA/src/nv/emulation/pca9555.cpp line 83 column 14 function i2c_read'
Slicing time: 0.003s (removed 146 assignments)
No solver specified; defaulting to bitwuzla
Solving claim '(this->_new_command || !new_transaction::1) && (signed int)this->_active_register == 0 at file /Users/user/NVIDIA-OpenSMA/src/nv/emulation/pca9555.cpp line 83 column 14 function i2c_read' with solver Bitwuzla 0.8.2
Encoding remaining VCC(s) using bit-vector/floating-point arithmetic
Encoding to solver time: 0.018s
Solving with solver Bitwuzla 0.8.2
Runtime decision procedure: 0.003s
✗ FAILED: '(this->_new_command || !new_transaction::1) && (signed int)this->_active_register == 0 at file /Users/user/NVIDIA-OpenSMA/src/nv/emulation/pca9555.cpp line 83 column 14 function i2c_read'

[Counterexample]


State 1 file /Users/user/NVIDIA-OpenSMA/verification/harnesses/pca9555_harness.cpp line 43 column 5 function f_totality thread 0
----------------------------------------------------
  init = 0 (00000000 00000000)

State 2 file /Users/user/NVIDIA-OpenSMA/verification/harnesses/pca9555_harness.cpp line 44 column 5 function f_totality thread 0
----------------------------------------------------
  out_m = 0 (00000000 00000000)

State 3 file /Users/user/NVIDIA-OpenSMA/verification/harnesses/pca9555_harness.cpp line 45 column 5 function f_totality thread 0
----------------------------------------------------
  in_m = 0 (00000000 00000000)

State 4 file /Users/user/NVIDIA-OpenSMA/verification/harnesses/pca9555_harness.cpp line 46 column 5 function f_totality thread 0
----------------------------------------------------
  dev = { ._active_register=0, ._active_bank=0, ._new_command=1, .interrupt_low_vector={ .elems={ 255, 255 } },
    .state_at_last_interrupt_check={ .elems = { 0 } },
    ._gpio_pin_state={ .elems = { 0 } },
    ._gpio_output={ .elems={ 255, 255 } },
    ._gpio_inversion_enable={ .elems = { 0 } },
    ._gpio_direction_config={ .elems={ 255, 255 } },
    ._required_outputs={ .elems = { 0 } },
    ._required_inputs={ .elems = { 0 } },
    .anon_pad$11=0 }

State 5 file /Users/user/NVIDIA-OpenSMA/src/nv/emulation/pca9555.cpp line 87 column 13 function i2c_read thread 0
----------------------------------------------------
  *return_value$_at$3 = ( class nv::emulation::Pca9555 { unsigned int _active_register; unsigned int _active_bank; _Bool _new_command;  struct std::array<unsigned char, 2> { unsigned char [2] elems; }interrupt_low_vector;  struct std::array<unsigned char, 2> { unsigned char [2] elems; }state_at_last_interrupt_check;  struct std::array<unsigned char, 2> { unsigned char [2] elems; }_gpio_pin_state;  struct std::array<unsigned char, 2> { unsigned char [2] elems; }_gpio_output;  struct std::array<unsigned char, 2> { unsigned char [2] elems; }_gpio_inversion_enable;  struct std::array<unsigned char, 2> { unsigned char [2] elems; }_gpio_direction_config;  struct std::array<unsigned char, 2> { unsigned char [2] elems; }_required_outputs;  struct std::array<unsigned char, 2> { unsigned char [2] elems; }_required_inputs; unsigned _ExtInt(24) anon_pad$11; })(byte_update_little_endian((unsigned _ExtInt(224))({ ._active_register=0, ._active_bank=0, ._new_command=0, .interrupt_low_vector={ .elems={ 255, 255 } },
    .state_at_last_interrupt_check={ .elems = { 0 } },
    ._gpio_pin_state={ .elems = { 0 } },
    ._gpio_output={ .elems={ 255, 255 } },
    ._gpio_inversion_enable={ .elems = { 0 } },
    ._gpio_direction_config={ .elems={ 255, 255 } },
    ._required_outputs={ .elems = { 0 } },
    ._required_inputs={ .elems = { 0 } },
    .anon_pad$11=0 }), 9, 255))

State 6 file /Users/user/NVIDIA-OpenSMA/src/nv/emulation/pca9555.cpp line 338 column 5 function next_bank thread 0
----------------------------------------------------
  *bank::0 = { ._active_register=0, ._active_bank=1, ._new_command=0, .interrupt_low_vector={ .elems={ 255, 255 } },
    .state_at_last_interrupt_check={ .elems = { 0 } },
    ._gpio_pin_state={ .elems = { 0 } },
    ._gpio_output={ .elems={ 255, 255 } },
    ._gpio_inversion_enable={ .elems = { 0 } },
    ._gpio_direction_config={ .elems={ 255, 255 } },
    ._required_outputs={ .elems = { 0 } },
    ._required_inputs={ .elems = { 0 } },
    .anon_pad$11=0 }

State 7 file /Users/user/NVIDIA-OpenSMA/src/nv/emulation/pca9555.cpp line 83 column 14 function i2c_read thread 0
----------------------------------------------------
Violated property:
  file /Users/user/NVIDIA-OpenSMA/src/nv/emulation/pca9555.cpp line 83 column 14 function i2c_read
  (this->_new_command || !new_transaction::1) && (signed int)this->_active_register == 0
  !this->_new_command && new_transaction::1 || (signed int)this->_active_register != 0

Slicing time: 0.002s (removed 146 assignments)
No solver specified; defaulting to bitwuzla
Solving claim 'this->_new_command || !new_transaction::1 at file /Users/user/NVIDIA-OpenSMA/src/nv/emulation/pca9555.cpp line 75 column 5 function i2c_read' with solver Bitwuzla 0.8.2
Encoding remaining VCC(s) using bit-vector/floating-point arithmetic
Encoding to solver time: 0.017s
Solving with solver Bitwuzla 0.8.2
Runtime decision procedure: 0.003s
✗ FAILED: 'this->_new_command || !new_transaction::1 at file /Users/user/NVIDIA-OpenSMA/src/nv/emulation/pca9555.cpp line 75 column 5 function i2c_read'

[Counterexample]


State 1 file /Users/user/NVIDIA-OpenSMA/verification/harnesses/pca9555_harness.cpp line 43 column 5 function f_totality thread 0
----------------------------------------------------
  init = 0 (00000000 00000000)

State 2 file /Users/user/NVIDIA-OpenSMA/verification/harnesses/pca9555_harness.cpp line 44 column 5 function f_totality thread 0
----------------------------------------------------
  out_m = 0 (00000000 00000000)

State 3 file /Users/user/NVIDIA-OpenSMA/verification/harnesses/pca9555_harness.cpp line 45 column 5 function f_totality thread 0
----------------------------------------------------
  in_m = 0 (00000000 00000000)

State 4 file /Users/user/NVIDIA-OpenSMA/verification/harnesses/pca9555_harness.cpp line 46 column 5 function f_totality thread 0
----------------------------------------------------
  dev = { ._active_register=0, ._active_bank=0, ._new_command=1, .interrupt_low_vector={ .elems={ 255, 255 } },
    .state_at_last_interrupt_check={ .elems = { 0 } },
    ._gpio_pin_state={ .elems = { 0 } },
    ._gpio_output={ .elems={ 255, 255 } },
    ._gpio_inversion_enable={ .elems = { 0 } },
    ._gpio_direction_config={ .elems={ 255, 255 } },
    ._required_outputs={ .elems = { 0 } },
    ._required_inputs={ .elems = { 0 } },
    .anon_pad$11=0 }

State 5 file /Users/user/NVIDIA-OpenSMA/src/nv/emulation/pca9555.cpp line 87 column 13 function i2c_read thread 0
----------------------------------------------------
  *return_value$_at$3 = ( class nv::emulation::Pca9555 { unsigned int _active_register; unsigned int _active_bank; _Bool _new_command;  struct std::array<unsigned char, 2> { unsigned char [2] elems; }interrupt_low_vector;  struct std::array<unsigned char, 2> { unsigned char [2] elems; }state_at_last_interrupt_check;  struct std::array<unsigned char, 2> { unsigned char [2] elems; }_gpio_pin_state;  struct std::array<unsigned char, 2> { unsigned char [2] elems; }_gpio_output;  struct std::array<unsigned char, 2> { unsigned char [2] elems; }_gpio_inversion_enable;  struct std::array<unsigned char, 2> { unsigned char [2] elems; }_gpio_direction_config;  struct std::array<unsigned char, 2> { unsigned char [2] elems; }_required_outputs;  struct std::array<unsigned char, 2> { unsigned char [2] elems; }_required_inputs; unsigned _ExtInt(24) anon_pad$11; })(byte_update_little_endian((unsigned _ExtInt(224))({ ._active_register=0, ._active_bank=0, ._new_command=0, .interrupt_low_vector={ .elems={ 255, 255 } },
    .state_at_last_interrupt_check={ .elems = { 0 } },
    ._gpio_pin_state={ .elems = { 0 } },
    ._gpio_output={ .elems={ 255, 255 } },
    ._gpio_inversion_enable={ .elems = { 0 } },
    ._gpio_direction_config={ .elems={ 255, 255 } },
    ._required_outputs={ .elems = { 0 } },
    ._required_inputs={ .elems = { 0 } },
    .anon_pad$11=0 }), 9, 255))

State 6 file /Users/user/NVIDIA-OpenSMA/src/nv/emulation/pca9555.cpp line 338 column 5 function next_bank thread 0
----------------------------------------------------
  *bank::0 = { ._active_register=0, ._active_bank=1, ._new_command=0, .interrupt_low_vector={ .elems={ 255, 255 } },
    .state_at_last_interrupt_check={ .elems = { 0 } },
    ._gpio_pin_state={ .elems = { 0 } },
    ._gpio_output={ .elems={ 255, 255 } },
    ._gpio_inversion_enable={ .elems = { 0 } },
    ._gpio_direction_config={ .elems={ 255, 255 } },
    ._required_outputs={ .elems = { 0 } },
    ._required_inputs={ .elems = { 0 } },
    .anon_pad$11=0 }

State 7 file /Users/user/NVIDIA-OpenSMA/src/nv/emulation/pca9555.cpp line 75 column 5 function i2c_read thread 0
----------------------------------------------------
Violated property:
  file /Users/user/NVIDIA-OpenSMA/src/nv/emulation/pca9555.cpp line 75 column 5 function i2c_read
  this->_new_command || !new_transaction::1
  !this->_new_command && new_transaction::1

Slicing time: 0.002s (removed 146 assignments)
No solver specified; defaulting to bitwuzla
Solving claim '(signed int)this->_active_register == 0 && (signed int)this->_active_register == 1 && (signed int)this->_active_register == 2 && (signed int)this->_active_register != 3 at file /Users/user/NVIDIA-OpenSMA/src/nv/emulation/pca9555.cpp line 101 column 14 function i2c_read' with solver Bitwuzla 0.8.2
Encoding remaining VCC(s) using bit-vector/floating-point arithmetic
Encoding to solver time: 0.017s
Solving with solver Bitwuzla 0.8.2
Runtime decision procedure: 0.001s
✓ PASSED: '(signed int)this->_active_register == 0 && (signed int)this->_active_register == 1 && (signed int)this->_active_register == 2 && (signed int)this->_active_register != 3 at file /Users/user/NVIDIA-OpenSMA/src/nv/emulation/pca9555.cpp line 101 column 14 function i2c_read'
Slicing time: 0.002s (removed 146 assignments)
No solver specified; defaulting to bitwuzla
Solving claim '(signed int)this->_active_register == 0 && (signed int)this->_active_register == 1 && (signed int)this->_active_register == 2 && (signed int)this->_active_register == 3 at file /Users/user/NVIDIA-OpenSMA/src/nv/emulation/pca9555.cpp line 101 column 14 function i2c_read' with solver Bitwuzla 0.8.2
Encoding remaining VCC(s) using bit-vector/floating-point arithmetic
Encoding to solver time: 0.017s
Solving with solver Bitwuzla 0.8.2
Runtime decision procedure: 0.001s
✓ PASSED: '(signed int)this->_active_register == 0 && (signed int)this->_active_register == 1 && (signed int)this->_active_register == 2 && (signed int)this->_active_register == 3 at file /Users/user/NVIDIA-OpenSMA/src/nv/emulation/pca9555.cpp line 101 column 14 function i2c_read'
Slicing time: 0.002s (removed 146 assignments)
No solver specified; defaulting to bitwuzla
Solving claim '(signed int)this->_active_register != 0 && (signed int)this->_active_register == 1 && (signed int)this->_active_register == 2 && (signed int)this->_active_register != 3 at file /Users/user/NVIDIA-OpenSMA/src/nv/emulation/pca9555.cpp line 101 column 14 function i2c_read' with solver Bitwuzla 0.8.2
Encoding remaining VCC(s) using bit-vector/floating-point arithmetic
Encoding to solver time: 0.017s
Solving with solver Bitwuzla 0.8.2
Runtime decision procedure: 0.001s
✓ PASSED: '(signed int)this->_active_register != 0 && (signed int)this->_active_register == 1 && (signed int)this->_active_register == 2 && (signed int)this->_active_register != 3 at file /Users/user/NVIDIA-OpenSMA/src/nv/emulation/pca9555.cpp line 101 column 14 function i2c_read'
Slicing time: 0.002s (removed 146 assignments)
No solver specified; defaulting to bitwuzla
Solving claim '(signed int)this->_active_register != 0 && (signed int)this->_active_register == 1 && (signed int)this->_active_register == 2 && (signed int)this->_active_register == 3 at file /Users/user/NVIDIA-OpenSMA/src/nv/emulation/pca9555.cpp line 101 column 14 function i2c_read' with solver Bitwuzla 0.8.2
Encoding remaining VCC(s) using bit-vector/floating-point arithmetic
Encoding to solver time: 0.016s
Solving with solver Bitwuzla 0.8.2
Runtime decision procedure: 0.001s
✓ PASSED: '(signed int)this->_active_register != 0 && (signed int)this->_active_register == 1 && (signed int)this->_active_register == 2 && (signed int)this->_active_register == 3 at file /Users/user/NVIDIA-OpenSMA/src/nv/emulation/pca9555.cpp line 101 column 14 function i2c_read'
Slicing time: 0.002s (removed 146 assignments)
No solver specified; defaulting to bitwuzla
Solving claim '(signed int)this->_active_register == 0 && (signed int)this->_active_register != 1 && (signed int)this->_active_register == 2 && (signed int)this->_active_register != 3 at file /Users/user/NVIDIA-OpenSMA/src/nv/emulation/pca9555.cpp line 101 column 14 function i2c_read' with solver Bitwuzla 0.8.2
Encoding remaining VCC(s) using bit-vector/floating-point arithmetic
Encoding to solver time: 0.017s
Solving with solver Bitwuzla 0.8.2
Runtime decision procedure: 0.001s
✓ PASSED: '(signed int)this->_active_register == 0 && (signed int)this->_active_register != 1 && (signed int)this->_active_register == 2 && (signed int)this->_active_register != 3 at file /Users/user/NVIDIA-OpenSMA/src/nv/emulation/pca9555.cpp line 101 column 14 function i2c_read'
Slicing time: 0.002s (removed 146 assignments)
No solver specified; defaulting to bitwuzla
Solving claim '(signed int)this->_active_register == 0 && (signed int)this->_active_register != 1 && (signed int)this->_active_register == 2 && (signed int)this->_active_register == 3 at file /Users/user/NVIDIA-OpenSMA/src/nv/emulation/pca9555.cpp line 101 column 14 function i2c_read' with solver Bitwuzla 0.8.2
Encoding remaining VCC(s) using bit-vector/floating-point arithmetic
Encoding to solver time: 0.020s
Solving with solver Bitwuzla 0.8.2
Runtime decision procedure: 0.001s
✓ PASSED: '(signed int)this->_active_register == 0 && (signed int)this->_active_register != 1 && (signed int)this->_active_register == 2 && (signed int)this->_active_register == 3 at file /Users/user/NVIDIA-OpenSMA/src/nv/emulation/pca9555.cpp line 101 column 14 function i2c_read'
Slicing time: 0.002s (removed 146 assignments)
No solver specified; defaulting to bitwuzla
Solving claim '(signed int)this->_active_register != 0 && (signed int)this->_active_register != 1 && (signed int)this->_active_register == 2 && (signed int)this->_active_register != 3 at file /Users/user/NVIDIA-OpenSMA/src/nv/emulation/pca9555.cpp line 101 column 14 function i2c_read' with solver Bitwuzla 0.8.2
Encoding remaining VCC(s) using bit-vector/floating-point arithmetic
Encoding to solver time: 0.020s
Solving with solver Bitwuzla 0.8.2
Runtime decision procedure: 0.001s
✓ PASSED: '(signed int)this->_active_register != 0 && (signed int)this->_active_register != 1 && (signed int)this->_active_register == 2 && (signed int)this->_active_register != 3 at file /Users/user/NVIDIA-OpenSMA/src/nv/emulation/pca9555.cpp line 101 column 14 function i2c_read'
Slicing time: 0.003s (removed 146 assignments)
No solver specified; defaulting to bitwuzla
Solving claim '(signed int)this->_active_register != 0 && (signed int)this->_active_register != 1 && (signed int)this->_active_register == 2 && (signed int)this->_active_register == 3 at file /Users/user/NVIDIA-OpenSMA/src/nv/emulation/pca9555.cpp line 101 column 14 function i2c_read' with solver Bitwuzla 0.8.2
Encoding remaining VCC(s) using bit-vector/floating-point arithmetic
Encoding to solver time: 0.018s
Solving with solver Bitwuzla 0.8.2
Runtime decision procedure: 0.001s
✓ PASSED: '(signed int)this->_active_register != 0 && (signed int)this->_active_register != 1 && (signed int)this->_active_register == 2 && (signed int)this->_active_register == 3 at file /Users/user/NVIDIA-OpenSMA/src/nv/emulation/pca9555.cpp line 101 column 14 function i2c_read'
Slicing time: 0.002s (removed 146 assignments)
No solver specified; defaulting to bitwuzla
Solving claim '(signed int)this->_active_register == 0 && (signed int)this->_active_register == 1 && (signed int)this->_active_register != 2 && (signed int)this->_active_register != 3 at file /Users/user/NVIDIA-OpenSMA/src/nv/emulation/pca9555.cpp line 101 column 14 function i2c_read' with solver Bitwuzla 0.8.2
Encoding remaining VCC(s) using bit-vector/floating-point arithmetic
Encoding to solver time: 0.017s
Solving with solver Bitwuzla 0.8.2
Runtime decision procedure: 0.001s
✓ PASSED: '(signed int)this->_active_register == 0 && (signed int)this->_active_register == 1 && (signed int)this->_active_register != 2 && (signed int)this->_active_register != 3 at file /Users/user/NVIDIA-OpenSMA/src/nv/emulation/pca9555.cpp line 101 column 14 function i2c_read'
Slicing time: 0.002s (removed 146 assignments)
No solver specified; defaulting to bitwuzla
Solving claim '(signed int)this->_active_register == 0 && (signed int)this->_active_register == 1 && (signed int)this->_active_register != 2 && (signed int)this->_active_register == 3 at file /Users/user/NVIDIA-OpenSMA/src/nv/emulation/pca9555.cpp line 101 column 14 function i2c_read' with solver Bitwuzla 0.8.2
Encoding remaining VCC(s) using bit-vector/floating-point arithmetic
Encoding to solver time: 0.017s
Solving with solver Bitwuzla 0.8.2
Runtime decision procedure: 0.001s
✓ PASSED: '(signed int)this->_active_register == 0 && (signed int)this->_active_register == 1 && (signed int)this->_active_register != 2 && (signed int)this->_active_register == 3 at file /Users/user/NVIDIA-OpenSMA/src/nv/emulation/pca9555.cpp line 101 column 14 function i2c_read'
Slicing time: 0.002s (removed 146 assignments)
No solver specified; defaulting to bitwuzla
Solving claim '(signed int)this->_active_register != 0 && (signed int)this->_active_register == 1 && (signed int)this->_active_register != 2 && (signed int)this->_active_register != 3 at file /Users/user/NVIDIA-OpenSMA/src/nv/emulation/pca9555.cpp line 101 column 14 function i2c_read' with solver Bitwuzla 0.8.2
Encoding remaining VCC(s) using bit-vector/floating-point arithmetic
Encoding to solver time: 0.018s
Solving with solver Bitwuzla 0.8.2
Runtime decision procedure: 0.001s
✓ PASSED: '(signed int)this->_active_register != 0 && (signed int)this->_active_register == 1 && (signed int)this->_active_register != 2 && (signed int)this->_active_register != 3 at file /Users/user/NVIDIA-OpenSMA/src/nv/emulation/pca9555.cpp line 101 column 14 function i2c_read'
Slicing time: 0.003s (removed 146 assignments)
No solver specified; defaulting to bitwuzla
Solving claim '(signed int)this->_active_register != 0 && (signed int)this->_active_register == 1 && (signed int)this->_active_register != 2 && (signed int)this->_active_register == 3 at file /Users/user/NVIDIA-OpenSMA/src/nv/emulation/pca9555.cpp line 101 column 14 function i2c_read' with solver Bitwuzla 0.8.2
Encoding remaining VCC(s) using bit-vector/floating-point arithmetic
Encoding to solver time: 0.019s
Solving with solver Bitwuzla 0.8.2
Runtime decision procedure: 0.001s
✓ PASSED: '(signed int)this->_active_register != 0 && (signed int)this->_active_register == 1 && (signed int)this->_active_register != 2 && (signed int)this->_active_register == 3 at file /Users/user/NVIDIA-OpenSMA/src/nv/emulation/pca9555.cpp line 101 column 14 function i2c_read'
Slicing time: 0.002s (removed 146 assignments)
No solver specified; defaulting to bitwuzla
Solving claim '(signed int)this->_active_register == 0 && (signed int)this->_active_register != 1 && (signed int)this->_active_register != 2 && (signed int)this->_active_register != 3 at file /Users/user/NVIDIA-OpenSMA/src/nv/emulation/pca9555.cpp line 101 column 14 function i2c_read' with solver Bitwuzla 0.8.2
Encoding remaining VCC(s) using bit-vector/floating-point arithmetic
Encoding to solver time: 0.018s
Solving with solver Bitwuzla 0.8.2
Runtime decision procedure: 0.002s
✓ PASSED: '(signed int)this->_active_register == 0 && (signed int)this->_active_register != 1 && (signed int)this->_active_register != 2 && (signed int)this->_active_register != 3 at file /Users/user/NVIDIA-OpenSMA/src/nv/emulation/pca9555.cpp line 101 column 14 function i2c_read'
Slicing time: 0.003s (removed 146 assignments)
No solver specified; defaulting to bitwuzla
Solving claim '(signed int)this->_active_register == 0 && (signed int)this->_active_register != 1 && (signed int)this->_active_register != 2 && (signed int)this->_active_register == 3 at file /Users/user/NVIDIA-OpenSMA/src/nv/emulation/pca9555.cpp line 101 column 14 function i2c_read' with solver Bitwuzla 0.8.2
Encoding remaining VCC(s) using bit-vector/floating-point arithmetic
Encoding to solver time: 0.020s
Solving with solver Bitwuzla 0.8.2
Runtime decision procedure: 0.001s
✓ PASSED: '(signed int)this->_active_register == 0 && (signed int)this->_active_register != 1 && (signed int)this->_active_register != 2 && (signed int)this->_active_register == 3 at file /Users/user/NVIDIA-OpenSMA/src/nv/emulation/pca9555.cpp line 101 column 14 function i2c_read'
Slicing time: 0.002s (removed 146 assignments)
No solver specified; defaulting to bitwuzla
Solving claim '(signed int)this->_active_register != 0 && (signed int)this->_active_register != 1 && (signed int)this->_active_register != 2 && (signed int)this->_active_register != 3 at file /Users/user/NVIDIA-OpenSMA/src/nv/emulation/pca9555.cpp line 101 column 14 function i2c_read' with solver Bitwuzla 0.8.2
Encoding remaining VCC(s) using bit-vector/floating-point arithmetic
Encoding to solver time: 0.018s
Solving with solver Bitwuzla 0.8.2
Runtime decision procedure: 0.001s
✓ PASSED: '(signed int)this->_active_register != 0 && (signed int)this->_active_register != 1 && (signed int)this->_active_register != 2 && (signed int)this->_active_register != 3 at file /Users/user/NVIDIA-OpenSMA/src/nv/emulation/pca9555.cpp line 101 column 14 function i2c_read'
Slicing time: 0.002s (removed 146 assignments)
No solver specified; defaulting to bitwuzla
Solving claim '(signed int)this->_active_register != 0 && (signed int)this->_active_register != 1 && (signed int)this->_active_register != 2 && (signed int)this->_active_register == 3 at file /Users/user/NVIDIA-OpenSMA/src/nv/emulation/pca9555.cpp line 101 column 14 function i2c_read' with solver Bitwuzla 0.8.2
Encoding remaining VCC(s) using bit-vector/floating-point arithmetic
Encoding to solver time: 0.018s
Solving with solver Bitwuzla 0.8.2
Runtime decision procedure: 0.001s
✓ PASSED: '(signed int)this->_active_register != 0 && (signed int)this->_active_register != 1 && (signed int)this->_active_register != 2 && (signed int)this->_active_register == 3 at file /Users/user/NVIDIA-OpenSMA/src/nv/emulation/pca9555.cpp line 101 column 14 function i2c_read'
Slicing time: 0.002s (removed 146 assignments)
No solver specified; defaulting to bitwuzla
Solving claim '!this->_new_command && new_transaction::1 && (signed int)this->_active_register == 0 && (signed int)this->_active_register == 1 && (signed int)this->_active_register != 2 at file /Users/user/NVIDIA-OpenSMA/src/nv/emulation/pca9555.cpp line 96 column 14 function i2c_read' with solver Bitwuzla 0.8.2
Encoding remaining VCC(s) using bit-vector/floating-point arithmetic
Encoding to solver time: 0.018s
Solving with solver Bitwuzla 0.8.2
Runtime decision procedure: 0.001s
✓ PASSED: '!this->_new_command && new_transaction::1 && (signed int)this->_active_register == 0 && (signed int)this->_active_register == 1 && (signed int)this->_active_register != 2 at file /Users/user/NVIDIA-OpenSMA/src/nv/emulation/pca9555.cpp line 96 column 14 function i2c_read'
Slicing time: 0.002s (removed 146 assignments)
No solver specified; defaulting to bitwuzla
Solving claim '!this->_new_command && new_transaction::1 && (signed int)this->_active_register == 0 && (signed int)this->_active_register == 1 && (signed int)this->_active_register == 2 at file /Users/user/NVIDIA-OpenSMA/src/nv/emulation/pca9555.cpp line 96 column 14 function i2c_read' with solver Bitwuzla 0.8.2
Encoding remaining VCC(s) using bit-vector/floating-point arithmetic
Encoding to solver time: 0.017s
Solving with solver Bitwuzla 0.8.2
Runtime decision procedure: 0.001s
✓ PASSED: '!this->_new_command && new_transaction::1 && (signed int)this->_active_register == 0 && (signed int)this->_active_register == 1 && (signed int)this->_active_register == 2 at file /Users/user/NVIDIA-OpenSMA/src/nv/emulation/pca9555.cpp line 96 column 14 function i2c_read'
Slicing time: 0.002s (removed 146 assignments)
No solver specified; defaulting to bitwuzla
Solving claim '!this->_new_command && new_transaction::1 && (signed int)this->_active_register != 0 && (signed int)this->_active_register == 1 && (signed int)this->_active_register != 2 at file /Users/user/NVIDIA-OpenSMA/src/nv/emulation/pca9555.cpp line 96 column 14 function i2c_read' with solver Bitwuzla 0.8.2
Encoding remaining VCC(s) using bit-vector/floating-point arithmetic
Encoding to solver time: 0.018s
Solving with solver Bitwuzla 0.8.2
Runtime decision procedure: 0.001s
✓ PASSED: '!this->_new_command && new_transaction::1 && (signed int)this->_active_register != 0 && (signed int)this->_active_register == 1 && (signed int)this->_active_register != 2 at file /Users/user/NVIDIA-OpenSMA/src/nv/emulation/pca9555.cpp line 96 column 14 function i2c_read'
Slicing time: 0.003s (removed 146 assignments)
No solver specified; defaulting to bitwuzla
Solving claim '!this->_new_command && new_transaction::1 && (signed int)this->_active_register != 0 && (signed int)this->_active_register == 1 && (signed int)this->_active_register == 2 at file /Users/user/NVIDIA-OpenSMA/src/nv/emulation/pca9555.cpp line 96 column 14 function i2c_read' with solver Bitwuzla 0.8.2
Encoding remaining VCC(s) using bit-vector/floating-point arithmetic
Encoding to solver time: 0.018s
Solving with solver Bitwuzla 0.8.2
Runtime decision procedure: 0.001s
✓ PASSED: '!this->_new_command && new_transaction::1 && (signed int)this->_active_register != 0 && (signed int)this->_active_register == 1 && (signed int)this->_active_register == 2 at file /Users/user/NVIDIA-OpenSMA/src/nv/emulation/pca9555.cpp line 96 column 14 function i2c_read'
Slicing time: 0.003s (removed 146 assignments)
No solver specified; defaulting to bitwuzla
Solving claim '!this->_new_command && new_transaction::1 && (signed int)this->_active_register == 0 && (signed int)this->_active_register != 1 && (signed int)this->_active_register != 2 at file /Users/user/NVIDIA-OpenSMA/src/nv/emulation/pca9555.cpp line 96 column 14 function i2c_read' with solver Bitwuzla 0.8.2
Encoding remaining VCC(s) using bit-vector/floating-point arithmetic
Encoding to solver time: 0.018s
Solving with solver Bitwuzla 0.8.2
Runtime decision procedure: 0.002s
✓ PASSED: '!this->_new_command && new_transaction::1 && (signed int)this->_active_register == 0 && (signed int)this->_active_register != 1 && (signed int)this->_active_register != 2 at file /Users/user/NVIDIA-OpenSMA/src/nv/emulation/pca9555.cpp line 96 column 14 function i2c_read'
Slicing time: 0.003s (removed 146 assignments)
No solver specified; defaulting to bitwuzla
Solving claim '!this->_new_command && new_transaction::1 && (signed int)this->_active_register == 0 && (signed int)this->_active_register != 1 && (signed int)this->_active_register == 2 at file /Users/user/NVIDIA-OpenSMA/src/nv/emulation/pca9555.cpp line 96 column 14 function i2c_read' with solver Bitwuzla 0.8.2
Encoding remaining VCC(s) using bit-vector/floating-point arithmetic
Encoding to solver time: 0.019s
Solving with solver Bitwuzla 0.8.2
Runtime decision procedure: 0.001s
✓ PASSED: '!this->_new_command && new_transaction::1 && (signed int)this->_active_register == 0 && (signed int)this->_active_register != 1 && (signed int)this->_active_register == 2 at file /Users/user/NVIDIA-OpenSMA/src/nv/emulation/pca9555.cpp line 96 column 14 function i2c_read'
Slicing time: 0.002s (removed 146 assignments)
No solver specified; defaulting to bitwuzla
Solving claim '!this->_new_command && new_transaction::1 && (signed int)this->_active_register != 0 && (signed int)this->_active_register != 1 && (signed int)this->_active_register != 2 at file /Users/user/NVIDIA-OpenSMA/src/nv/emulation/pca9555.cpp line 96 column 14 function i2c_read' with solver Bitwuzla 0.8.2
Encoding remaining VCC(s) using bit-vector/floating-point arithmetic
Encoding to solver time: 0.018s
Solving with solver Bitwuzla 0.8.2
Runtime decision procedure: 0.001s
✓ PASSED: '!this->_new_command && new_transaction::1 && (signed int)this->_active_register != 0 && (signed int)this->_active_register != 1 && (signed int)this->_active_register != 2 at file /Users/user/NVIDIA-OpenSMA/src/nv/emulation/pca9555.cpp line 96 column 14 function i2c_read'
Slicing time: 0.002s (removed 146 assignments)
No solver specified; defaulting to bitwuzla
Solving claim '!this->_new_command && new_transaction::1 && (signed int)this->_active_register != 0 && (signed int)this->_active_register != 1 && (signed int)this->_active_register == 2 at file /Users/user/NVIDIA-OpenSMA/src/nv/emulation/pca9555.cpp line 96 column 14 function i2c_read' with solver Bitwuzla 0.8.2
Encoding remaining VCC(s) using bit-vector/floating-point arithmetic
Encoding to solver time: 0.018s
Solving with solver Bitwuzla 0.8.2
Runtime decision procedure: 0.001s
✓ PASSED: '!this->_new_command && new_transaction::1 && (signed int)this->_active_register != 0 && (signed int)this->_active_register != 1 && (signed int)this->_active_register == 2 at file /Users/user/NVIDIA-OpenSMA/src/nv/emulation/pca9555.cpp line 96 column 14 function i2c_read'
Slicing time: 0.002s (removed 146 assignments)
No solver specified; defaulting to bitwuzla
Solving claim '!this->_new_command && new_transaction::1 && (signed int)this->_active_register == 0 && (signed int)this->_active_register != 1 at file /Users/user/NVIDIA-OpenSMA/src/nv/emulation/pca9555.cpp line 91 column 14 function i2c_read' with solver Bitwuzla 0.8.2
Encoding remaining VCC(s) using bit-vector/floating-point arithmetic
Encoding to solver time: 0.018s
Solving with solver Bitwuzla 0.8.2
Runtime decision procedure: 0.002s
✓ PASSED: '!this->_new_command && new_transaction::1 && (signed int)this->_active_register == 0 && (signed int)this->_active_register != 1 at file /Users/user/NVIDIA-OpenSMA/src/nv/emulation/pca9555.cpp line 91 column 14 function i2c_read'
Slicing time: 0.002s (removed 146 assignments)
No solver specified; defaulting to bitwuzla
Solving claim '!this->_new_command && new_transaction::1 && (signed int)this->_active_register == 0 && (signed int)this->_active_register == 1 at file /Users/user/NVIDIA-OpenSMA/src/nv/emulation/pca9555.cpp line 91 column 14 function i2c_read' with solver Bitwuzla 0.8.2
Encoding remaining VCC(s) using bit-vector/floating-point arithmetic
Encoding to solver time: 0.018s
Solving with solver Bitwuzla 0.8.2
Runtime decision procedure: 0.001s
✓ PASSED: '!this->_new_command && new_transaction::1 && (signed int)this->_active_register == 0 && (signed int)this->_active_register == 1 at file /Users/user/NVIDIA-OpenSMA/src/nv/emulation/pca9555.cpp line 91 column 14 function i2c_read'
Slicing time: 0.003s (removed 146 assignments)
No solver specified; defaulting to bitwuzla
Solving claim '!this->_new_command && new_transaction::1 && (signed int)this->_active_register != 0 && (signed int)this->_active_register != 1 at file /Users/user/NVIDIA-OpenSMA/src/nv/emulation/pca9555.cpp line 91 column 14 function i2c_read' with solver Bitwuzla 0.8.2
Encoding remaining VCC(s) using bit-vector/floating-point arithmetic
Encoding to solver time: 0.018s
Solving with solver Bitwuzla 0.8.2
Runtime decision procedure: 0.001s
✓ PASSED: '!this->_new_command && new_transaction::1 && (signed int)this->_active_register != 0 && (signed int)this->_active_register != 1 at file /Users/user/NVIDIA-OpenSMA/src/nv/emulation/pca9555.cpp line 91 column 14 function i2c_read'
Slicing time: 0.002s (removed 146 assignments)
No solver specified; defaulting to bitwuzla
Solving claim '!this->_new_command && new_transaction::1 && (signed int)this->_active_register != 0 && (signed int)this->_active_register == 1 at file /Users/user/NVIDIA-OpenSMA/src/nv/emulation/pca9555.cpp line 91 column 14 function i2c_read' with solver Bitwuzla 0.8.2
Encoding remaining VCC(s) using bit-vector/floating-point arithmetic
Encoding to solver time: 0.019s
Solving with solver Bitwuzla 0.8.2
Runtime decision procedure: 0.001s
✓ PASSED: '!this->_new_command && new_transaction::1 && (signed int)this->_active_register != 0 && (signed int)this->_active_register == 1 at file /Users/user/NVIDIA-OpenSMA/src/nv/emulation/pca9555.cpp line 91 column 14 function i2c_read'
Slicing time: 0.002s (removed 146 assignments)
No solver specified; defaulting to bitwuzla
Solving claim '!this->_new_command && new_transaction::1 && (signed int)this->_active_register != 0 at file /Users/user/NVIDIA-OpenSMA/src/nv/emulation/pca9555.cpp line 83 column 14 function i2c_read' with solver Bitwuzla 0.8.2
Encoding remaining VCC(s) using bit-vector/floating-point arithmetic
Encoding to solver time: 0.018s
Solving with solver Bitwuzla 0.8.2
Runtime decision procedure: 0.002s
✓ PASSED: '!this->_new_command && new_transaction::1 && (signed int)this->_active_register != 0 at file /Users/user/NVIDIA-OpenSMA/src/nv/emulation/pca9555.cpp line 83 column 14 function i2c_read'
Slicing time: 0.002s (removed 146 assignments)
No solver specified; defaulting to bitwuzla
Solving claim '!this->_new_command && new_transaction::1 && (signed int)this->_active_register == 0 at file /Users/user/NVIDIA-OpenSMA/src/nv/emulation/pca9555.cpp line 83 column 14 function i2c_read' with solver Bitwuzla 0.8.2
Encoding remaining VCC(s) using bit-vector/floating-point arithmetic
Encoding to solver time: 0.018s
Solving with solver Bitwuzla 0.8.2
Runtime decision procedure: 0.004s
✗ FAILED: '!this->_new_command && new_transaction::1 && (signed int)this->_active_register == 0 at file /Users/user/NVIDIA-OpenSMA/src/nv/emulation/pca9555.cpp line 83 column 14 function i2c_read'

[Counterexample]


State 1 file /Users/user/NVIDIA-OpenSMA/verification/harnesses/pca9555_harness.cpp line 43 column 5 function f_totality thread 0
----------------------------------------------------
  init = 0 (00000000 00000000)

State 2 file /Users/user/NVIDIA-OpenSMA/verification/harnesses/pca9555_harness.cpp line 44 column 5 function f_totality thread 0
----------------------------------------------------
  out_m = 0 (00000000 00000000)

State 3 file /Users/user/NVIDIA-OpenSMA/verification/harnesses/pca9555_harness.cpp line 45 column 5 function f_totality thread 0
----------------------------------------------------
  in_m = 0 (00000000 00000000)

State 4 file /Users/user/NVIDIA-OpenSMA/verification/harnesses/pca9555_harness.cpp line 46 column 5 function f_totality thread 0
----------------------------------------------------
  dev = { ._active_register=0, ._active_bank=0, ._new_command=1, .interrupt_low_vector={ .elems={ 255, 255 } },
    .state_at_last_interrupt_check={ .elems = { 0 } },
    ._gpio_pin_state={ .elems = { 0 } },
    ._gpio_output={ .elems={ 255, 255 } },
    ._gpio_inversion_enable={ .elems = { 0 } },
    ._gpio_direction_config={ .elems={ 255, 255 } },
    ._required_outputs={ .elems = { 0 } },
    ._required_inputs={ .elems = { 0 } },
    .anon_pad$11=0 }

State 5 file /Users/user/NVIDIA-OpenSMA/src/nv/emulation/pca9555.cpp line 83 column 14 function i2c_read thread 0
----------------------------------------------------
Violated property:
  file /Users/user/NVIDIA-OpenSMA/src/nv/emulation/pca9555.cpp line 83 column 14 function i2c_read
  !this->_new_command && new_transaction::1 && (signed int)this->_active_register == 0
  this->_new_command || !new_transaction::1 || (signed int)this->_active_register != 0

Slicing time: 0.002s (removed 146 assignments)
No solver specified; defaulting to bitwuzla
Solving claim '!this->_new_command && new_transaction::1 at file /Users/user/NVIDIA-OpenSMA/src/nv/emulation/pca9555.cpp line 75 column 5 function i2c_read' with solver Bitwuzla 0.8.2
Encoding remaining VCC(s) using bit-vector/floating-point arithmetic
Encoding to solver time: 0.018s
Solving with solver Bitwuzla 0.8.2
Runtime decision procedure: 0.001s
✓ PASSED: '!this->_new_command && new_transaction::1 at file /Users/user/NVIDIA-OpenSMA/src/nv/emulation/pca9555.cpp line 75 column 5 function i2c_read'
Slicing time: 0.003s (removed 146 assignments)
No solver specified; defaulting to bitwuzla
Solving claim 'this->_new_command || !new_transaction::1 at file /Users/user/NVIDIA-OpenSMA/src/nv/emulation/pca9555.cpp line 75 column 5 function i2c_read' with solver Bitwuzla 0.8.2
Encoding remaining VCC(s) using bit-vector/floating-point arithmetic
Encoding to solver time: 0.017s
Solving with solver Bitwuzla 0.8.2
Runtime decision procedure: 0.004s
✗ FAILED: 'this->_new_command || !new_transaction::1 at file /Users/user/NVIDIA-OpenSMA/src/nv/emulation/pca9555.cpp line 75 column 5 function i2c_read'

[Counterexample]


State 1 file /Users/user/NVIDIA-OpenSMA/verification/harnesses/pca9555_harness.cpp line 43 column 5 function f_totality thread 0
----------------------------------------------------
  init = 0 (00000000 00000000)

State 2 file /Users/user/NVIDIA-OpenSMA/verification/harnesses/pca9555_harness.cpp line 44 column 5 function f_totality thread 0
----------------------------------------------------
  out_m = 0 (00000000 00000000)

State 3 file /Users/user/NVIDIA-OpenSMA/verification/harnesses/pca9555_harness.cpp line 45 column 5 function f_totality thread 0
----------------------------------------------------
  in_m = 0 (00000000 00000000)

State 4 file /Users/user/NVIDIA-OpenSMA/verification/harnesses/pca9555_harness.cpp line 46 column 5 function f_totality thread 0
----------------------------------------------------
  dev = { ._active_register=0, ._active_bank=0, ._new_command=1, .interrupt_low_vector={ .elems={ 255, 255 } },
    .state_at_last_interrupt_check={ .elems = { 0 } },
    ._gpio_pin_state={ .elems = { 0 } },
    ._gpio_output={ .elems={ 255, 255 } },
    ._gpio_inversion_enable={ .elems = { 0 } },
    ._gpio_direction_config={ .elems={ 255, 255 } },
    ._required_outputs={ .elems = { 0 } },
    ._required_inputs={ .elems = { 0 } },
    .anon_pad$11=0 }

State 5 file /Users/user/NVIDIA-OpenSMA/src/nv/emulation/pca9555.cpp line 75 column 5 function i2c_read thread 0
----------------------------------------------------
Violated property:
  file /Users/user/NVIDIA-OpenSMA/src/nv/emulation/pca9555.cpp line 75 column 5 function i2c_read
  this->_new_command || !new_transaction::1

Slicing time: 0.002s (removed 146 assignments)
No solver specified; defaulting to bitwuzla
Encoding remaining VCC(s) using bit-vector/floating-point arithmetic
Encoding to solver time: 0.019s
Solving with solver Bitwuzla 0.8.2
Runtime decision procedure: 0.001s
Slicing time: 0.003s (removed 146 assignments)
No solver specified; defaulting to bitwuzla
Encoding remaining VCC(s) using bit-vector/floating-point arithmetic
Encoding to solver time: 0.018s
Solving with solver Bitwuzla 0.8.2
Runtime decision procedure: 0.001s
Slicing time: 0.002s (removed 146 assignments)
No solver specified; defaulting to bitwuzla
Encoding remaining VCC(s) using bit-vector/floating-point arithmetic
Encoding to solver time: 0.018s
Solving with solver Bitwuzla 0.8.2
Runtime decision procedure: 0.001s
Slicing time: 0.002s (removed 146 assignments)
No solver specified; defaulting to bitwuzla
Encoding remaining VCC(s) using bit-vector/floating-point arithmetic
Encoding to solver time: 0.018s
Solving with solver Bitwuzla 0.8.2
Runtime decision procedure: 0.001s
Slicing time: 0.003s (removed 146 assignments)
No solver specified; defaulting to bitwuzla
Encoding remaining VCC(s) using bit-vector/floating-point arithmetic
Encoding to solver time: 0.018s
Solving with solver Bitwuzla 0.8.2
Runtime decision procedure: 0.001s
Slicing time: 0.002s (removed 146 assignments)
No solver specified; defaulting to bitwuzla
Encoding remaining VCC(s) using bit-vector/floating-point arithmetic
Encoding to solver time: 0.018s
Solving with solver Bitwuzla 0.8.2
Runtime decision procedure: 0.001s
Slicing time: 0.002s (removed 146 assignments)
No solver specified; defaulting to bitwuzla
Encoding remaining VCC(s) using bit-vector/floating-point arithmetic
Encoding to solver time: 0.018s
Solving with solver Bitwuzla 0.8.2
Runtime decision procedure: 0.001s
Properties: 374 verified ✓ 332 passed, ✗ 42 failed
Solver: Bitwuzla 0.8.2 • Decision procedure total time: 4.008s • Avg: 0.010s/property

[Coverage]

k-Path Witnesses : 132
Reached : 24
k-Path Coverage: 18.181818181818183%
Coverage report written to cov-report.json

VERIFICATION FAILED
ESBMC version 8.2.0 64-bit aarch64 macos
